symbol,name,sector,optionable_underlying_status,pool_membership_status,pool_membership_reason,in_dollar_volume_top300,in_market_cap_top300,dollar_volume_rank,market_cap_rank,source_refs,as_of_date
NVDA,NVIDIA Corporation,Electronic Technology,uncertain_verify_before_use,active,active_current_pool_source_and_optionability_accepted,true,true,5,1,tradingview_screener_snapshot:/root/projects/trading-storage/storage/01_source_data/realtime/tradingview_equity_screener/2026-06-13/tradingview_equity_screener.csv,2026-06-13
GOOG,Alphabet Inc.,Technology Services,uncertain_verify_before_use,active,active_current_pool_source_and_optionability_accepted,true,true,17,2,tradingview_screener_snapshot:/root/projects/trading-storage/storage/01_source_data/realtime/tradingview_equity_screener/2026-06-13/tradingview_equity_screener.csv,2026-06-13
GOOGL,Alphabet Inc.,Technology Services,uncertain_verify_before_use,active,active_current_pool_source_and_optionability_accepted,true,true,14,3,tradingview_screener_snapshot:/root/projects/trading-storage/storage/01_source_data/realtime/tradingview_equity_screener/2026-06-13/tradingview_equity_screener.csv,2026-06-13
AAPL,Apple Inc.,Electronic Technology,uncertain_verify_before_use,active,active_current_pool_source_and_optionability_accepted,true,true,11,4,tradingview_screener_snapshot:/root/projects/trading-storage/storage/01_source_data/realtime/tradingview_equity_screener/2026-06-13/tradingview_equity_screener.csv,2026-06-13
MSFT,Microsoft Corporation,Technology Services,uncertain_verify_before_use,active,active_current_pool_source_and_optionability_accepted,true,true,8,5,tradingview_screener_snapshot:/root/projects/trading-storage/storage/01_source_data/realtime/tradingview_equity_screener/2026-06-13/tradingview_equity_screener.csv,2026-06-13
AMZN,"Amazon.com, Inc.",Retail Trade,uncertain_verify_before_use,active,active_current_pool_source_and_optionability_accepted,true,true,9,6,tradingview_screener_snapshot:/root/projects/trading-storage/storage/01_source_data/realtime/tradingview_equity_screener/2026-06-13/tradingview_equity_screener.csv,2026-06-13
SPCX,Space Exploration Technologies Corp,Communications,uncertain_verify_before_use,active,active_current_pool_source_and_optionability_accepted,true,true,1,7,tradingview_screener_snapshot:/root/projects/trading-storage/storage/01_source_data/realtime/tradingview_equity_screener/2026-06-13/tradingview_equity_screener.csv,2026-06-13
AVGO,Broadcom Inc.,Electronic Technology,uncertain_verify_before_use,active,active_current_pool_source_and_optionability_accepted,true,true,13,8,tradingview_screener_snapshot:/root/projects/trading-storage/storage/01_source_data/realtime/tradingview_equity_screener/2026-06-13/tradingview_equity_screener.csv,2026-06-13
TSLA,"Tesla, Inc.",Consumer Durables,uncertain_verify_before_use,active,active_current_pool_source_and_optionability_accepted,true,true,3,9,tradingview_screener_snapshot:/root/projects/trading-storage/storage/01_source_data/realtime/tradingview_equity_screener/2026-06-13/tradingview_equity_screener.csv,2026-06-13
META,"Meta Platforms, Inc.",Technology Services,uncertain_verify_before_use,active,active_current_pool_source_and_optionability_accepted,true,true,15,10,tradingview_screener_snapshot:/root/projects/trading-storage/storage/01_source_data/realtime/tradingview_equity_screener/2026-06-13/tradingview_equity_screener.csv,2026-06-13
MU,"Micron Technology, Inc.",Electronic Technology,uncertain_verify_before_use,active,active_current_pool_source_and_optionability_accepted,true,true,2,11,tradingview_screener_snapshot:/root/projects/trading-storage/storage/01_source_data/realtime/tradingview_equity_screener/2026-06-13/tradingview_equity_screener.csv,2026-06-13
LLY,Eli Lilly and Company,Health Technology,uncertain_verify_before_use,active,active_current_pool_source_and_optionability_accepted,true,true,33,12,tradingview_screener_snapshot:/root/projects/trading-storage/storage/01_source_data/realtime/tradingview_equity_screener/2026-06-13/tradingview_equity_screener.csv,2026-06-13
BRK.A,Berkshire Hathaway Inc.,Finance,uncertain_verify_before_use,active,active_current_pool_source_and_optionability_accepted,false,true,,13,tradingview_screener_snapshot:/root/projects/trading-storage/storage/01_source_data/realtime/tradingview_equity_screener/2026-06-13/tradingview_equity_screener.csv,2026-06-13
BRK.B,Berkshire Hathaway Inc. New,Finance,uncertain_verify_before_use,active,active_current_pool_source_and_optionability_accepted,true,true,46,14,tradingview_screener_snapshot:/root/projects/trading-storage/storage/01_source_data/realtime/tradingview_equity_screener/2026-06-13/tradingview_equity_screener.csv,2026-06-13
WMT,Walmart Inc.,Retail Trade,uncertain_verify_before_use,active,active_current_pool_source_and_optionability_accepted,true,true,60,15,tradingview_screener_snapshot:/root/projects/trading-storage/storage/01_source_data/realtime/tradingview_equity_screener/2026-06-13/tradingview_equity_screener.csv,2026-06-13
JPM,JP Morgan Chase & Co.,Finance,uncertain_verify_before_use,active,active_current_pool_source_and_optionability_accepted,true,true,41,16,tradingview_screener_snapshot:/root/projects/trading-storage/storage/01_source_data/realtime/tradingview_equity_screener/2026-06-13/tradingview_equity_screener.csv,2026-06-13
AMD,"Advanced Micro Devices, Inc.",Electronic Technology,uncertain_verify_before_use,active,active_current_pool_source_and_optionability_accepted,true,true,7,17,tradingview_screener_snapshot:/root/projects/trading-storage/storage/01_source_data/realtime/tradingview_equity_screener/2026-06-13/tradingview_equity_screener.csv,2026-06-13
INTC,Intel Corporation,Electronic Technology,uncertain_verify_before_use,active,active_current_pool_source_and_optionability_accepted,true,true,6,18,tradingview_screener_snapshot:/root/projects/trading-storage/storage/01_source_data/realtime/tradingview_equity_screener/2026-06-13/tradingview_equity_screener.csv,2026-06-13
XOM,Exxon Mobil Corporation,Energy Minerals,uncertain_verify_before_use,active,active_current_pool_source_and_optionability_accepted,true,true,37,19,tradingview_screener_snapshot:/root/projects/trading-storage/storage/01_source_data/realtime/tradingview_equity_screener/2026-06-13/tradingview_equity_screener.csv,2026-06-13
V,Visa Inc.,Finance,uncertain_verify_before_use,active,active_current_pool_source_and_optionability_accepted,true,true,61,20,tradingview_screener_snapshot:/root/projects/trading-storage/storage/01_source_data/realtime/tradingview_equity_screener/2026-06-13/tradingview_equity_screener.csv,2026-06-13
JNJ,Johnson & Johnson,Health Technology,uncertain_verify_before_use,active,active_current_pool_source_and_optionability_accepted,true,true,68,21,tradingview_screener_snapshot:/root/projects/trading-storage/storage/01_source_data/realtime/tradingview_equity_screener/2026-06-13/tradingview_equity_screener.csv,2026-06-13
ORCL,Oracle Corporation,Technology Services,uncertain_verify_before_use,active,active_current_pool_source_and_optionability_accepted,true,true,19,22,tradingview_screener_snapshot:/root/projects/trading-storage/storage/01_source_data/realtime/tradingview_equity_screener/2026-06-13/tradingview_equity_screener.csv,2026-06-13
CSCO,"Cisco Systems, Inc.",Electronic Technology,uncertain_verify_before_use,active,active_current_pool_source_and_optionability_accepted,true,true,48,23,tradingview_screener_snapshot:/root/projects/trading-storage/storage/01_source_data/realtime/tradingview_equity_screener/2026-06-13/tradingview_equity_screener.csv,2026-06-13
LRCX,Lam Research Corporation,Producer Manufacturing,uncertain_verify_before_use,active,active_current_pool_source_and_optionability_accepted,true,true,28,24,tradingview_screener_snapshot:/root/projects/trading-storage/storage/01_source_data/realtime/tradingview_equity_screener/2026-06-13/tradingview_equity_screener.csv,2026-06-13
AMAT,"Applied Materials, Inc.",Producer Manufacturing,uncertain_verify_before_use,active,active_current_pool_source_and_optionability_accepted,true,true,21,25,tradingview_screener_snapshot:/root/projects/trading-storage/storage/01_source_data/realtime/tradingview_equity_screener/2026-06-13/tradingview_equity_screener.csv,2026-06-13
COST,Costco Wholesale Corporation,Retail Trade,uncertain_verify_before_use,active,active_current_pool_source_and_optionability_accepted,true,true,62,26,tradingview_screener_snapshot:/root/projects/trading-storage/storage/01_source_data/realtime/tradingview_equity_screener/2026-06-13/tradingview_equity_screener.csv,2026-06-13
MA,Mastercard Incorporated,Finance,uncertain_verify_before_use,active,active_current_pool_source_and_optionability_accepted,true,true,55,27,tradingview_screener_snapshot:/root/projects/trading-storage/storage/01_source_data/realtime/tradingview_equity_screener/2026-06-13/tradingview_equity_screener.csv,2026-06-13
CAT,"Caterpillar, Inc.",Producer Manufacturing,uncertain_verify_before_use,active,active_current_pool_source_and_optionability_accepted,true,true,56,28,tradingview_screener_snapshot:/root/projects/trading-storage/storage/01_source_data/realtime/tradingview_equity_screener/2026-06-13/tradingview_equity_screener.csv,2026-06-13
ABBV,AbbVie Inc.,Health Technology,uncertain_verify_before_use,active,active_current_pool_source_and_optionability_accepted,true,true,112,29,tradingview_screener_snapshot:/root/projects/trading-storage/storage/01_source_data/realtime/tradingview_equity_screener/2026-06-13/tradingview_equity_screener.csv,2026-06-13
BAC,Bank of America Corporation,Finance,uncertain_verify_before_use,active,active_current_pool_source_and_optionability_accepted,true,true,58,30,tradingview_screener_snapshot:/root/projects/trading-storage/storage/01_source_data/realtime/tradingview_equity_screener/2026-06-13/tradingview_equity_screener.csv,2026-06-13
CVX,Chevron Corporation,Energy Minerals,uncertain_verify_before_use,active,active_current_pool_source_and_optionability_accepted,true,true,64,31,tradingview_screener_snapshot:/root/projects/trading-storage/storage/01_source_data/realtime/tradingview_equity_screener/2026-06-13/tradingview_equity_screener.csv,2026-06-13
KO,Coca-Cola Company (The),Consumer Non-Durables,uncertain_verify_before_use,active,active_current_pool_source_and_optionability_accepted,true,true,103,32,tradingview_screener_snapshot:/root/projects/trading-storage/storage/01_source_data/realtime/tradingview_equity_screener/2026-06-13/tradingview_equity_screener.csv,2026-06-13
GE,GE Aerospace,Electronic Technology,uncertain_verify_before_use,active,active_current_pool_source_and_optionability_accepted,true,true,70,33,tradingview_screener_snapshot:/root/projects/trading-storage/storage/01_source_data/realtime/tradingview_equity_screener/2026-06-13/tradingview_equity_screener.csv,2026-06-13
PG,Procter & Gamble Company (The),Consumer Non-Durables,uncertain_verify_before_use,active,active_current_pool_source_and_optionability_accepted,true,true,96,34,tradingview_screener_snapshot:/root/projects/trading-storage/storage/01_source_data/realtime/tradingview_equity_screener/2026-06-13/tradingview_equity_screener.csv,2026-06-13
NFLX,"Netflix, Inc.",Technology Services,uncertain_verify_before_use,active,active_current_pool_source_and_optionability_accepted,true,true,32,35,tradingview_screener_snapshot:/root/projects/trading-storage/storage/01_source_data/realtime/tradingview_equity_screener/2026-06-13/tradingview_equity_screener.csv,2026-06-13
MS,Morgan Stanley,Finance,uncertain_verify_before_use,active,active_current_pool_source_and_optionability_accepted,true,true,99,36,tradingview_screener_snapshot:/root/projects/trading-storage/storage/01_source_data/realtime/tradingview_equity_screener/2026-06-13/tradingview_equity_screener.csv,2026-06-13
KLAC,KLA Corporation,Electronic Technology,uncertain_verify_before_use,active,active_current_pool_source_and_optionability_accepted,true,true,39,37,tradingview_screener_snapshot:/root/projects/trading-storage/storage/01_source_data/realtime/tradingview_equity_screener/2026-06-13/tradingview_equity_screener.csv,2026-06-13
HD,"Home Depot, Inc. (The)",Retail Trade,uncertain_verify_before_use,active,active_current_pool_source_and_optionability_accepted,true,true,82,38,tradingview_screener_snapshot:/root/projects/trading-storage/storage/01_source_data/realtime/tradingview_equity_screener/2026-06-13/tradingview_equity_screener.csv,2026-06-13
GS,"Goldman Sachs Group, Inc. (The)",Finance,uncertain_verify_before_use,active,active_current_pool_source_and_optionability_accepted,true,true,42,39,tradingview_screener_snapshot:/root/projects/trading-storage/storage/01_source_data/realtime/tradingview_equity_screener/2026-06-13/tradingview_equity_screener.csv,2026-06-13
PLTR,Palantir Technologies Inc.,Technology Services,uncertain_verify_before_use,active,active_current_pool_source_and_optionability_accepted,true,true,23,40,tradingview_screener_snapshot:/root/projects/trading-storage/storage/01_source_data/realtime/tradingview_equity_screener/2026-06-13/tradingview_equity_screener.csv,2026-06-13
MRK,"Merck & Company, Inc.",Health Technology,uncertain_verify_before_use,active,active_current_pool_source_and_optionability_accepted,true,true,78,41,tradingview_screener_snapshot:/root/projects/trading-storage/storage/01_source_data/realtime/tradingview_equity_screener/2026-06-13/tradingview_equity_screener.csv,2026-06-13
SNDK,Sandisk Corporation,Electronic Technology,uncertain_verify_before_use,active,active_current_pool_source_and_optionability_accepted,true,true,4,42,tradingview_screener_snapshot:/root/projects/trading-storage/storage/01_source_data/realtime/tradingview_equity_screener/2026-06-13/tradingview_equity_screener.csv,2026-06-13
PM,Philip Morris International Inc,Consumer Non-Durables,uncertain_verify_before_use,active,active_current_pool_source_and_optionability_accepted,true,true,173,43,tradingview_screener_snapshot:/root/projects/trading-storage/storage/01_source_data/realtime/tradingview_equity_screener/2026-06-13/tradingview_equity_screener.csv,2026-06-13
RY,Royal Bank Of Canada,Finance,uncertain_verify_before_use,active,active_current_pool_source_and_optionability_accepted,true,true,290,44,tradingview_screener_snapshot:/root/projects/trading-storage/storage/01_source_data/realtime/tradingview_equity_screener/2026-06-13/tradingview_equity_screener.csv,2026-06-13
AZN,AstraZeneca PLC,Health Technology,uncertain_verify_before_use,active,active_current_pool_source_and_optionability_accepted,true,true,264,45,tradingview_screener_snapshot:/root/projects/trading-storage/storage/01_source_data/realtime/tradingview_equity_screener/2026-06-13/tradingview_equity_screener.csv,2026-06-13
TXN,Texas Instruments Incorporated,Electronic Technology,uncertain_verify_before_use,active,active_current_pool_source_and_optionability_accepted,true,true,65,46,tradingview_screener_snapshot:/root/projects/trading-storage/storage/01_source_data/realtime/tradingview_equity_screener/2026-06-13/tradingview_equity_screener.csv,2026-06-13
DELL,Dell Technologies Inc.,Electronic Technology,uncertain_verify_before_use,active,active_current_pool_source_and_optionability_accepted,true,true,40,47,tradingview_screener_snapshot:/root/projects/trading-storage/storage/01_source_data/realtime/tradingview_equity_screener/2026-06-13/tradingview_equity_screener.csv,2026-06-13
WFC,Wells Fargo & Company,Finance,uncertain_verify_before_use,active,active_current_pool_source_and_optionability_accepted,true,true,116,48,tradingview_screener_snapshot:/root/projects/trading-storage/storage/01_source_data/realtime/tradingview_equity_screener/2026-06-13/tradingview_equity_screener.csv,2026-06-13
IBM,International Business Machines Corporation,Technology Services,uncertain_verify_before_use,active,active_current_pool_source_and_optionability_accepted,true,true,67,49,tradingview_screener_snapshot:/root/projects/trading-storage/storage/01_source_data/realtime/tradingview_equity_screener/2026-06-13/tradingview_equity_screener.csv,2026-06-13
GEV,GE Vernova Inc.,Producer Manufacturing,uncertain_verify_before_use,active,active_current_pool_source_and_optionability_accepted,true,true,36,50,tradingview_screener_snapshot:/root/projects/trading-storage/storage/01_source_data/realtime/tradingview_equity_screener/2026-06-13/tradingview_equity_screener.csv,2026-06-13
RTX,RTX Corporation,Electronic Technology,uncertain_verify_before_use,active,active_current_pool_source_and_optionability_accepted,true,true,172,51,tradingview_screener_snapshot:/root/projects/trading-storage/storage/01_source_data/realtime/tradingview_equity_screener/2026-06-13/tradingview_equity_screener.csv,2026-06-13
MRVL,"Marvell Technology, Inc.",Electronic Technology,uncertain_verify_before_use,active,active_current_pool_source_and_optionability_accepted,true,true,10,52,tradingview_screener_snapshot:/root/projects/trading-storage/storage/01_source_data/realtime/tradingview_equity_screener/2026-06-13/tradingview_equity_screener.csv,2026-06-13
LIN,Linde plc,Process Industries,uncertain_verify_before_use,active,active_current_pool_source_and_optionability_accepted,true,true,85,53,tradingview_screener_snapshot:/root/projects/trading-storage/storage/01_source_data/realtime/tradingview_equity_screener/2026-06-13/tradingview_equity_screener.csv,2026-06-13
C,"Citigroup, Inc.",Finance,uncertain_verify_before_use,active,active_current_pool_source_and_optionability_accepted,true,true,71,54,tradingview_screener_snapshot:/root/projects/trading-storage/storage/01_source_data/realtime/tradingview_equity_screener/2026-06-13/tradingview_equity_screener.csv,2026-06-13
PANW,"Palo Alto Networks, Inc.",Technology Services,uncertain_verify_before_use,active,active_current_pool_source_and_optionability_accepted,true,true,57,55,tradingview_screener_snapshot:/root/projects/trading-storage/storage/01_source_data/realtime/tradingview_equity_screener/2026-06-13/tradingview_equity_screener.csv,2026-06-13
QCOM,QUALCOMM Incorporated,Electronic Technology,uncertain_verify_before_use,active,active_current_pool_source_and_optionability_accepted,true,true,30,56,tradingview_screener_snapshot:/root/projects/trading-storage/storage/01_source_data/realtime/tradingview_equity_screener/2026-06-13/tradingview_equity_screener.csv,2026-06-13
AXP,American Express Company,Finance,uncertain_verify_before_use,active,active_current_pool_source_and_optionability_accepted,true,true,144,57,tradingview_screener_snapshot:/root/projects/trading-storage/storage/01_source_data/realtime/tradingview_equity_screener/2026-06-13/tradingview_equity_screener.csv,2026-06-13
STX,Seagate Technology Holdings PLC,Electronic Technology,uncertain_verify_before_use,active,active_current_pool_source_and_optionability_accepted,true,true,31,58,tradingview_screener_snapshot:/root/projects/trading-storage/storage/01_source_data/realtime/tradingview_equity_screener/2026-06-13/tradingview_equity_screener.csv,2026-06-13
ANET,"Arista Networks, Inc.",Electronic Technology,uncertain_verify_before_use,active,active_current_pool_source_and_optionability_accepted,true,true,101,59,tradingview_screener_snapshot:/root/projects/trading-storage/storage/01_source_data/realtime/tradingview_equity_screener/2026-06-13/tradingview_equity_screener.csv,2026-06-13
TMUS,"T-Mobile US, Inc.",Communications,uncertain_verify_before_use,active,active_current_pool_source_and_optionability_accepted,true,true,129,60,tradingview_screener_snapshot:/root/projects/trading-storage/storage/01_source_data/realtime/tradingview_equity_screener/2026-06-13/tradingview_equity_screener.csv,2026-06-13
ADI,"Analog Devices, Inc.",Electronic Technology,uncertain_verify_before_use,active,active_current_pool_source_and_optionability_accepted,true,true,79,61,tradingview_screener_snapshot:/root/projects/trading-storage/storage/01_source_data/realtime/tradingview_equity_screener/2026-06-13/tradingview_equity_screener.csv,2026-06-13
MCD,McDonald's Corporation,Consumer Services,uncertain_verify_before_use,active,active_current_pool_source_and_optionability_accepted,true,true,84,62,tradingview_screener_snapshot:/root/projects/trading-storage/storage/01_source_data/realtime/tradingview_equity_screener/2026-06-13/tradingview_equity_screener.csv,2026-06-13
VZ,Verizon Communications Inc.,Communications,uncertain_verify_before_use,active,active_current_pool_source_and_optionability_accepted,true,true,91,63,tradingview_screener_snapshot:/root/projects/trading-storage/storage/01_source_data/realtime/tradingview_equity_screener/2026-06-13/tradingview_equity_screener.csv,2026-06-13
TD,Toronto Dominion Bank (The),Finance,uncertain_verify_before_use,active,active_current_pool_source_and_optionability_accepted,false,true,,64,tradingview_screener_snapshot:/root/projects/trading-storage/storage/01_source_data/realtime/tradingview_equity_screener/2026-06-13/tradingview_equity_screener.csv,2026-06-13
PEP,"PepsiCo, Inc.",Consumer Non-Durables,uncertain_verify_before_use,active,active_current_pool_source_and_optionability_accepted,true,true,102,65,tradingview_screener_snapshot:/root/projects/trading-storage/storage/01_source_data/realtime/tradingview_equity_screener/2026-06-13/tradingview_equity_screener.csv,2026-06-13
TTE,TotalEnergies SE,Energy Minerals,uncertain_verify_before_use,active,active_current_pool_source_and_optionability_accepted,false,true,,66,tradingview_screener_snapshot:/root/projects/trading-storage/storage/01_source_data/realtime/tradingview_equity_screener/2026-06-13/tradingview_equity_screener.csv,2026-06-13
WDC,Western Digital Corporation,Electronic Technology,uncertain_verify_before_use,active,active_current_pool_source_and_optionability_accepted,true,true,27,67,tradingview_screener_snapshot:/root/projects/trading-storage/storage/01_source_data/realtime/tradingview_equity_screener/2026-06-13/tradingview_equity_screener.csv,2026-06-13
AMGN,Amgen Inc.,Health Technology,uncertain_verify_before_use,active,active_current_pool_source_and_optionability_accepted,true,true,105,68,tradingview_screener_snapshot:/root/projects/trading-storage/storage/01_source_data/realtime/tradingview_equity_screener/2026-06-13/tradingview_equity_screener.csv,2026-06-13
APH,Amphenol Corporation,Electronic Technology,uncertain_verify_before_use,active,active_current_pool_source_and_optionability_accepted,true,true,72,69,tradingview_screener_snapshot:/root/projects/trading-storage/storage/01_source_data/realtime/tradingview_equity_screener/2026-06-13/tradingview_equity_screener.csv,2026-06-13
TJX,"TJX Companies, Inc. (The)",Retail Trade,uncertain_verify_before_use,active,active_current_pool_source_and_optionability_accepted,true,true,128,70,tradingview_screener_snapshot:/root/projects/trading-storage/storage/01_source_data/realtime/tradingview_equity_screener/2026-06-13/tradingview_equity_screener.csv,2026-06-13
NEE,"NextEra Energy, Inc.",Utilities,uncertain_verify_before_use,active,active_current_pool_source_and_optionability_accepted,true,true,122,71,tradingview_screener_snapshot:/root/projects/trading-storage/storage/01_source_data/realtime/tradingview_equity_screener/2026-06-13/tradingview_equity_screener.csv,2026-06-13
TMO,Thermo Fisher Scientific Inc,Health Technology,uncertain_verify_before_use,active,active_current_pool_source_and_optionability_accepted,true,true,88,72,tradingview_screener_snapshot:/root/projects/trading-storage/storage/01_source_data/realtime/tradingview_equity_screener/2026-06-13/tradingview_equity_screener.csv,2026-06-13
CRWD,"CrowdStrike Holdings, Inc.",Technology Services,uncertain_verify_before_use,active,active_current_pool_source_and_optionability_accepted,true,true,66,73,tradingview_screener_snapshot:/root/projects/trading-storage/storage/01_source_data/realtime/tradingview_equity_screener/2026-06-13/tradingview_equity_screener.csv,2026-06-13
DIS,Walt Disney Company (The),Consumer Services,uncertain_verify_before_use,active,active_current_pool_source_and_optionability_accepted,true,true,126,74,tradingview_screener_snapshot:/root/projects/trading-storage/storage/01_source_data/realtime/tradingview_equity_screener/2026-06-13/tradingview_equity_screener.csv,2026-06-13
BA,Boeing Company (The),Electronic Technology,uncertain_verify_before_use,active,active_current_pool_source_and_optionability_accepted,true,true,80,75,tradingview_screener_snapshot:/root/projects/trading-storage/storage/01_source_data/realtime/tradingview_equity_screener/2026-06-13/tradingview_equity_screener.csv,2026-06-13
BLK,"BlackRock, Inc.",Finance,uncertain_verify_before_use,active,active_current_pool_source_and_optionability_accepted,true,true,187,76,tradingview_screener_snapshot:/root/projects/trading-storage/storage/01_source_data/realtime/tradingview_equity_screener/2026-06-13/tradingview_equity_screener.csv,2026-06-13
APP,Applovin Corporation,Technology Services,uncertain_verify_before_use,active,active_current_pool_source_and_optionability_accepted,true,true,50,77,tradingview_screener_snapshot:/root/projects/trading-storage/storage/01_source_data/realtime/tradingview_equity_screener/2026-06-13/tradingview_equity_screener.csv,2026-06-13
T,AT&T Inc.,Communications,uncertain_verify_before_use,active,active_current_pool_source_and_optionability_accepted,true,true,113,78,tradingview_screener_snapshot:/root/projects/trading-storage/storage/01_source_data/realtime/tradingview_equity_screener/2026-06-13/tradingview_equity_screener.csv,2026-06-13
UNP,Union Pacific Corporation,Transportation,uncertain_verify_before_use,active,active_current_pool_source_and_optionability_accepted,true,true,208,79,tradingview_screener_snapshot:/root/projects/trading-storage/storage/01_source_data/realtime/tradingview_equity_screener/2026-06-13/tradingview_equity_screener.csv,2026-06-13
SCHW,Charles Schwab Corporation (The),Finance,uncertain_verify_before_use,active,active_current_pool_source_and_optionability_accepted,true,true,93,80,tradingview_screener_snapshot:/root/projects/trading-storage/storage/01_source_data/realtime/tradingview_equity_screener/2026-06-13/tradingview_equity_screener.csv,2026-06-13
SCCO,Southern Copper Corporation,Non-Energy Minerals,uncertain_verify_before_use,active,active_current_pool_source_and_optionability_accepted,false,true,,81,tradingview_screener_snapshot:/root/projects/trading-storage/storage/01_source_data/realtime/tradingview_equity_screener/2026-06-13/tradingview_equity_screener.csv,2026-06-13
GILD,"Gilead Sciences, Inc.",Health Technology,uncertain_verify_before_use,active,active_current_pool_source_and_optionability_accepted,true,true,155,82,tradingview_screener_snapshot:/root/projects/trading-storage/storage/01_source_data/realtime/tradingview_equity_screener/2026-06-13/tradingview_equity_screener.csv,2026-06-13
DE,Deere & Company,Producer Manufacturing,uncertain_verify_before_use,active,active_current_pool_source_and_optionability_accepted,true,true,222,83,tradingview_screener_snapshot:/root/projects/trading-storage/storage/01_source_data/realtime/tradingview_equity_screener/2026-06-13/tradingview_equity_screener.csv,2026-06-13
GLW,Corning Incorporated,Electronic Technology,uncertain_verify_before_use,active,active_current_pool_source_and_optionability_accepted,true,true,63,84,tradingview_screener_snapshot:/root/projects/trading-storage/storage/01_source_data/realtime/tradingview_equity_screener/2026-06-13/tradingview_equity_screener.csv,2026-06-13
IBKR,"Interactive Brokers Group, Inc.",Finance,uncertain_verify_before_use,active,active_current_pool_source_and_optionability_accepted,true,true,297,85,tradingview_screener_snapshot:/root/projects/trading-storage/storage/01_source_data/realtime/tradingview_equity_screener/2026-06-13/tradingview_equity_screener.csv,2026-06-13
ABT,Abbott Laboratories,Health Technology,uncertain_verify_before_use,active,active_current_pool_source_and_optionability_accepted,true,true,81,86,tradingview_screener_snapshot:/root/projects/trading-storage/storage/01_source_data/realtime/tradingview_equity_screener/2026-06-13/tradingview_equity_screener.csv,2026-06-13
ETN,"Eaton Corporation, PLC",Producer Manufacturing,uncertain_verify_before_use,active,active_current_pool_source_and_optionability_accepted,true,true,123,87,tradingview_screener_snapshot:/root/projects/trading-storage/storage/01_source_data/realtime/tradingview_equity_screener/2026-06-13/tradingview_equity_screener.csv,2026-06-13
WELL,Welltower Inc.,Finance,uncertain_verify_before_use,active,active_current_pool_source_and_optionability_accepted,true,true,226,88,tradingview_screener_snapshot:/root/projects/trading-storage/storage/01_source_data/realtime/tradingview_equity_screener/2026-06-13/tradingview_equity_screener.csv,2026-06-13
BX,Blackstone Inc.,Finance,uncertain_verify_before_use,active,active_current_pool_source_and_optionability_accepted,true,true,197,89,tradingview_screener_snapshot:/root/projects/trading-storage/storage/01_source_data/realtime/tradingview_equity_screener/2026-06-13/tradingview_equity_screener.csv,2026-06-13
PFE,"Pfizer, Inc.",Health Technology,uncertain_verify_before_use,active,active_current_pool_source_and_optionability_accepted,true,true,97,90,tradingview_screener_snapshot:/root/projects/trading-storage/storage/01_source_data/realtime/tradingview_equity_screener/2026-06-13/tradingview_equity_screener.csv,2026-06-13
UBS,UBS Group AG Registered,Finance,uncertain_verify_before_use,active,active_current_pool_source_and_optionability_accepted,false,true,,91,tradingview_screener_snapshot:/root/projects/trading-storage/storage/01_source_data/realtime/tradingview_equity_screener/2026-06-13/tradingview_equity_screener.csv,2026-06-13
ISRG,"Intuitive Surgical, Inc.",Health Technology,uncertain_verify_before_use,active,active_current_pool_source_and_optionability_accepted,true,true,140,92,tradingview_screener_snapshot:/root/projects/trading-storage/storage/01_source_data/realtime/tradingview_equity_screener/2026-06-13/tradingview_equity_screener.csv,2026-06-13
COP,ConocoPhillips,Energy Minerals,uncertain_verify_before_use,active,active_current_pool_source_and_optionability_accepted,true,true,132,93,tradingview_screener_snapshot:/root/projects/trading-storage/storage/01_source_data/realtime/tradingview_equity_screener/2026-06-13/tradingview_equity_screener.csv,2026-06-13
PLD,"Prologis, Inc.",Finance,uncertain_verify_before_use,active,active_current_pool_source_and_optionability_accepted,false,true,,94,tradingview_screener_snapshot:/root/projects/trading-storage/storage/01_source_data/realtime/tradingview_equity_screener/2026-06-13/tradingview_equity_screener.csv,2026-06-13
SHOP,Shopify Inc.,Commercial Services,uncertain_verify_before_use,active,active_current_pool_source_and_optionability_accepted,true,true,108,95,tradingview_screener_snapshot:/root/projects/trading-storage/storage/01_source_data/realtime/tradingview_equity_screener/2026-06-13/tradingview_equity_screener.csv,2026-06-13
UBER,"Uber Technologies, Inc.",Transportation,uncertain_verify_before_use,active,active_current_pool_source_and_optionability_accepted,true,true,75,96,tradingview_screener_snapshot:/root/projects/trading-storage/storage/01_source_data/realtime/tradingview_equity_screener/2026-06-13/tradingview_equity_screener.csv,2026-06-13
HON,Honeywell International Inc.,Electronic Technology,uncertain_verify_before_use,active,active_current_pool_source_and_optionability_accepted,true,true,95,97,tradingview_screener_snapshot:/root/projects/trading-storage/storage/01_source_data/realtime/tradingview_equity_screener/2026-06-13/tradingview_equity_screener.csv,2026-06-13
CRM,"Salesforce, Inc.",Technology Services,uncertain_verify_before_use,active,active_current_pool_source_and_optionability_accepted,true,true,45,98,tradingview_screener_snapshot:/root/projects/trading-storage/storage/01_source_data/realtime/tradingview_equity_screener/2026-06-13/tradingview_equity_screener.csv,2026-06-13
CVS,CVS Health Corporation,Retail Trade,uncertain_verify_before_use,active,active_current_pool_source_and_optionability_accepted,true,true,86,99,tradingview_screener_snapshot:/root/projects/trading-storage/storage/01_source_data/realtime/tradingview_equity_screener/2026-06-13/tradingview_equity_screener.csv,2026-06-13
BKNG,Booking Holdings Inc. Common Stock,Consumer Services,uncertain_verify_before_use,active,active_current_pool_source_and_optionability_accepted,true,true,90,100,tradingview_screener_snapshot:/root/projects/trading-storage/storage/01_source_data/realtime/tradingview_equity_screener/2026-06-13/tradingview_equity_screener.csv,2026-06-13
DHR,Danaher Corporation,Health Technology,uncertain_verify_before_use,active,active_current_pool_source_and_optionability_accepted,true,true,191,101,tradingview_screener_snapshot:/root/projects/trading-storage/storage/01_source_data/realtime/tradingview_equity_screener/2026-06-13/tradingview_equity_screener.csv,2026-06-13
CB,Chubb Limited,Finance,uncertain_verify_before_use,active,active_current_pool_source_and_optionability_accepted,true,true,209,102,tradingview_screener_snapshot:/root/projects/trading-storage/storage/01_source_data/realtime/tradingview_equity_screener/2026-06-13/tradingview_equity_screener.csv,2026-06-13
LMT,Lockheed Martin Corporation,Electronic Technology,uncertain_verify_before_use,active,active_current_pool_source_and_optionability_accepted,true,true,194,103,tradingview_screener_snapshot:/root/projects/trading-storage/storage/01_source_data/realtime/tradingview_equity_screener/2026-06-13/tradingview_equity_screener.csv,2026-06-13
SPGI,S&P Global Inc.,Commercial Services,uncertain_verify_before_use,active,active_current_pool_source_and_optionability_accepted,true,true,139,104,tradingview_screener_snapshot:/root/projects/trading-storage/storage/01_source_data/realtime/tradingview_equity_screener/2026-06-13/tradingview_equity_screener.csv,2026-06-13
LOW,"Lowe's Companies, Inc.",Retail Trade,uncertain_verify_before_use,active,active_current_pool_source_and_optionability_accepted,true,true,201,105,tradingview_screener_snapshot:/root/projects/trading-storage/storage/01_source_data/realtime/tradingview_equity_screener/2026-06-13/tradingview_equity_screener.csv,2026-06-13
ENB,Enbridge Inc,Industrial Services,uncertain_verify_before_use,active,active_current_pool_source_and_optionability_accepted,false,true,,106,tradingview_screener_snapshot:/root/projects/trading-storage/storage/01_source_data/realtime/tradingview_equity_screener/2026-06-13/tradingview_equity_screener.csv,2026-06-13
MO,"Altria Group, Inc.",Consumer Non-Durables,uncertain_verify_before_use,active,active_current_pool_source_and_optionability_accepted,true,true,174,107,tradingview_screener_snapshot:/root/projects/trading-storage/storage/01_source_data/realtime/tradingview_equity_screener/2026-06-13/tradingview_equity_screener.csv,2026-06-13
SYK,Stryker Corporation,Health Technology,uncertain_verify_before_use,active,active_current_pool_source_and_optionability_accepted,true,true,100,108,tradingview_screener_snapshot:/root/projects/trading-storage/storage/01_source_data/realtime/tradingview_equity_screener/2026-06-13/tradingview_equity_screener.csv,2026-06-13
BMO,Bank Of Montreal,Finance,uncertain_verify_before_use,active,active_current_pool_source_and_optionability_accepted,false,true,,109,tradingview_screener_snapshot:/root/projects/trading-storage/storage/01_source_data/realtime/tradingview_equity_screener/2026-06-13/tradingview_equity_screener.csv,2026-06-13
PGR,Progressive Corporation (The),Finance,uncertain_verify_before_use,active,active_current_pool_source_and_optionability_accepted,true,true,277,110,tradingview_screener_snapshot:/root/projects/trading-storage/storage/01_source_data/realtime/tradingview_equity_screener/2026-06-13/tradingview_equity_screener.csv,2026-06-13
SBUX,Starbucks Corporation,Consumer Services,uncertain_verify_before_use,active,active_current_pool_source_and_optionability_accepted,true,true,196,111,tradingview_screener_snapshot:/root/projects/trading-storage/storage/01_source_data/realtime/tradingview_equity_screener/2026-06-13/tradingview_equity_screener.csv,2026-06-13
BMY,Bristol-Myers Squibb Company,Health Technology,uncertain_verify_before_use,active,active_current_pool_source_and_optionability_accepted,true,true,246,112,tradingview_screener_snapshot:/root/projects/trading-storage/storage/01_source_data/realtime/tradingview_equity_screener/2026-06-13/tradingview_equity_screener.csv,2026-06-13
VRT,"Vertiv Holdings, LLC",Electronic Technology,uncertain_verify_before_use,active,active_current_pool_source_and_optionability_accepted,true,true,69,113,tradingview_screener_snapshot:/root/projects/trading-storage/storage/01_source_data/realtime/tradingview_equity_screener/2026-06-13/tradingview_equity_screener.csv,2026-06-13
PH,Parker-Hannifin Corporation,Producer Manufacturing,uncertain_verify_before_use,active,active_current_pool_source_and_optionability_accepted,true,true,218,114,tradingview_screener_snapshot:/root/projects/trading-storage/storage/01_source_data/realtime/tradingview_equity_screener/2026-06-13/tradingview_equity_screener.csv,2026-06-13
COF,Capital One Financial Corporation,Finance,uncertain_verify_before_use,active,active_current_pool_source_and_optionability_accepted,true,true,135,115,tradingview_screener_snapshot:/root/projects/trading-storage/storage/01_source_data/realtime/tradingview_equity_screener/2026-06-13/tradingview_equity_screener.csv,2026-06-13
VRTX,Vertex Pharmaceuticals Incorporated,Health Technology,uncertain_verify_before_use,active,active_current_pool_source_and_optionability_accepted,true,true,270,116,tradingview_screener_snapshot:/root/projects/trading-storage/storage/01_source_data/realtime/tradingview_equity_screener/2026-06-13/tradingview_equity_screener.csv,2026-06-13
FTNT,"Fortinet, Inc.",Technology Services,uncertain_verify_before_use,active,active_current_pool_source_and_optionability_accepted,true,true,137,117,tradingview_screener_snapshot:/root/projects/trading-storage/storage/01_source_data/realtime/tradingview_equity_screener/2026-06-13/tradingview_equity_screener.csv,2026-06-13
NEM,Newmont Corporation,Non-Energy Minerals,uncertain_verify_before_use,active,active_current_pool_source_and_optionability_accepted,true,true,133,118,tradingview_screener_snapshot:/root/projects/trading-storage/storage/01_source_data/realtime/tradingview_equity_screener/2026-06-13/tradingview_equity_screener.csv,2026-06-13
PWR,"Quanta Services, Inc.",Industrial Services,uncertain_verify_before_use,active,active_current_pool_source_and_optionability_accepted,true,true,141,119,tradingview_screener_snapshot:/root/projects/trading-storage/storage/01_source_data/realtime/tradingview_equity_screener/2026-06-13/tradingview_equity_screener.csv,2026-06-13
CDNS,"Cadence Design Systems, Inc.",Technology Services,uncertain_verify_before_use,active,active_current_pool_source_and_optionability_accepted,true,true,207,120,tradingview_screener_snapshot:/root/projects/trading-storage/storage/01_source_data/realtime/tradingview_equity_screener/2026-06-13/tradingview_equity_screener.csv,2026-06-13
MAR,Marriott International,Consumer Services,uncertain_verify_before_use,active,active_current_pool_source_and_optionability_accepted,true,true,243,121,tradingview_screener_snapshot:/root/projects/trading-storage/storage/01_source_data/realtime/tradingview_equity_screener/2026-06-13/tradingview_equity_screener.csv,2026-06-13
SO,Southern Company (The),Utilities,uncertain_verify_before_use,active,active_current_pool_source_and_optionability_accepted,true,true,127,122,tradingview_screener_snapshot:/root/projects/trading-storage/storage/01_source_data/realtime/tradingview_equity_screener/2026-06-13/tradingview_equity_screener.csv,2026-06-13
HWM,Howmet Aerospace Inc.,Electronic Technology,uncertain_verify_before_use,active,active_current_pool_source_and_optionability_accepted,true,true,230,123,tradingview_screener_snapshot:/root/projects/trading-storage/storage/01_source_data/realtime/tradingview_equity_screener/2026-06-13/tradingview_equity_screener.csv,2026-06-13
NOW,"ServiceNow, Inc.",Technology Services,uncertain_verify_before_use,active,active_current_pool_source_and_optionability_accepted,true,true,35,124,tradingview_screener_snapshot:/root/projects/trading-storage/storage/01_source_data/realtime/tradingview_equity_screener/2026-06-13/tradingview_equity_screener.csv,2026-06-13
CM,Canadian Imperial Bank of Commerce,Finance,uncertain_verify_before_use,active,active_current_pool_source_and_optionability_accepted,false,true,,125,tradingview_screener_snapshot:/root/projects/trading-storage/storage/01_source_data/realtime/tradingview_equity_screener/2026-06-13/tradingview_equity_screener.csv,2026-06-13
ACN,Accenture plc,Technology Services,uncertain_verify_before_use,active,active_current_pool_source_and_optionability_accepted,true,true,147,126,tradingview_screener_snapshot:/root/projects/trading-storage/storage/01_source_data/realtime/tradingview_equity_screener/2026-06-13/tradingview_equity_screener.csv,2026-06-13
EQIX,"Equinix, Inc.",Finance,uncertain_verify_before_use,active,active_current_pool_source_and_optionability_accepted,true,true,206,127,tradingview_screener_snapshot:/root/projects/trading-storage/storage/01_source_data/realtime/tradingview_equity_screener/2026-06-13/tradingview_equity_screener.csv,2026-06-13
BNS,Bank Nova Scotia Halifax Pfd 3,Finance,uncertain_verify_before_use,active,active_current_pool_source_and_optionability_accepted,false,true,,128,tradingview_screener_snapshot:/root/projects/trading-storage/storage/01_source_data/realtime/tradingview_equity_screener/2026-06-13/tradingview_equity_screener.csv,2026-06-13
MDT,Medtronic plc.,Health Technology,uncertain_verify_before_use,active,active_current_pool_source_and_optionability_accepted,true,true,168,129,tradingview_screener_snapshot:/root/projects/trading-storage/storage/01_source_data/realtime/tradingview_equity_screener/2026-06-13/tradingview_equity_screener.csv,2026-06-13
TT,Trane Technologies plc,Producer Manufacturing,uncertain_verify_before_use,active,active_current_pool_source_and_optionability_accepted,true,true,189,130,tradingview_screener_snapshot:/root/projects/trading-storage/storage/01_source_data/realtime/tradingview_equity_screener/2026-06-13/tradingview_equity_screener.csv,2026-06-13
BN,Brookfield Corporation,Finance,uncertain_verify_before_use,active,active_current_pool_source_and_optionability_accepted,false,true,,131,tradingview_screener_snapshot:/root/projects/trading-storage/storage/01_source_data/realtime/tradingview_equity_screener/2026-06-13/tradingview_equity_screener.csv,2026-06-13
SPOT,Spotify Technology S.A.,Technology Services,uncertain_verify_before_use,active,active_current_pool_source_and_optionability_accepted,true,true,110,132,tradingview_screener_snapshot:/root/projects/trading-storage/storage/01_source_data/realtime/tradingview_equity_screener/2026-06-13/tradingview_equity_screener.csv,2026-06-13
BNY,The Bank of New York Mellon Corporation,Finance,uncertain_verify_before_use,active,active_current_pool_source_and_optionability_accepted,false,true,,133,tradingview_screener_snapshot:/root/projects/trading-storage/storage/01_source_data/realtime/tradingview_equity_screener/2026-06-13/tradingview_equity_screener.csv,2026-06-13
FCX,"Freeport-McMoRan, Inc.",Non-Energy Minerals,uncertain_verify_before_use,active,active_current_pool_source_and_optionability_accepted,true,true,119,134,tradingview_screener_snapshot:/root/projects/trading-storage/storage/01_source_data/realtime/tradingview_equity_screener/2026-06-13/tradingview_equity_screener.csv,2026-06-13
CME,CME Group Inc.,Finance,uncertain_verify_before_use,active,active_current_pool_source_and_optionability_accepted,true,true,134,135,tradingview_screener_snapshot:/root/projects/trading-storage/storage/01_source_data/realtime/tradingview_equity_screener/2026-06-13/tradingview_equity_screener.csv,2026-06-13
DUK,Duke Energy Corporation (Holding Company),Utilities,uncertain_verify_before_use,active,active_current_pool_source_and_optionability_accepted,false,true,,136,tradingview_screener_snapshot:/root/projects/trading-storage/storage/01_source_data/realtime/tradingview_equity_screener/2026-06-13/tradingview_equity_screener.csv,2026-06-13
GD,General Dynamics Corporation,Electronic Technology,uncertain_verify_before_use,active,active_current_pool_source_and_optionability_accepted,false,true,,137,tradingview_screener_snapshot:/root/projects/trading-storage/storage/01_source_data/realtime/tradingview_equity_screener/2026-06-13/tradingview_equity_screener.csv,2026-06-13
PNC,"PNC Financial Services Group, Inc. (The)",Finance,uncertain_verify_before_use,active,active_current_pool_source_and_optionability_accepted,true,true,250,138,tradingview_screener_snapshot:/root/projects/trading-storage/storage/01_source_data/realtime/tradingview_equity_screener/2026-06-13/tradingview_equity_screener.csv,2026-06-13
MCK,McKesson Corporation,Distribution Services,uncertain_verify_before_use,active,active_current_pool_source_and_optionability_accepted,true,true,229,139,tradingview_screener_snapshot:/root/projects/trading-storage/storage/01_source_data/realtime/tradingview_equity_screener/2026-06-13/tradingview_equity_screener.csv,2026-06-13
CNQ,Canadian Natural Resources Limited,Energy Minerals,uncertain_verify_before_use,active,active_current_pool_source_and_optionability_accepted,false,true,,140,tradingview_screener_snapshot:/root/projects/trading-storage/storage/01_source_data/realtime/tradingview_equity_screener/2026-06-13/tradingview_equity_screener.csv,2026-06-13
CEG,Constellation Energy Corporation,Utilities,uncertain_verify_before_use,active,active_current_pool_source_and_optionability_accepted,true,true,118,141,tradingview_screener_snapshot:/root/projects/trading-storage/storage/01_source_data/realtime/tradingview_equity_screener/2026-06-13/tradingview_equity_screener.csv,2026-06-13
USB,U.S. Bancorp,Finance,uncertain_verify_before_use,active,active_current_pool_source_and_optionability_accepted,true,true,199,142,tradingview_screener_snapshot:/root/projects/trading-storage/storage/01_source_data/realtime/tradingview_equity_screener/2026-06-13/tradingview_equity_screener.csv,2026-06-13
CMI,Cummins Inc.,Producer Manufacturing,uncertain_verify_before_use,active,active_current_pool_source_and_optionability_accepted,true,true,289,143,tradingview_screener_snapshot:/root/projects/trading-storage/storage/01_source_data/realtime/tradingview_equity_screener/2026-06-13/tradingview_equity_screener.csv,2026-06-13
MNST,Monster Beverage Corporation,Consumer Non-Durables,uncertain_verify_before_use,active,active_current_pool_source_and_optionability_accepted,true,true,262,144,tradingview_screener_snapshot:/root/projects/trading-storage/storage/01_source_data/realtime/tradingview_equity_screener/2026-06-13/tradingview_equity_screener.csv,2026-06-13
ADP,"Automatic Data Processing, Inc.",Technology Services,uncertain_verify_before_use,active,active_current_pool_source_and_optionability_accepted,true,true,221,145,tradingview_screener_snapshot:/root/projects/trading-storage/storage/01_source_data/realtime/tradingview_equity_screener/2026-06-13/tradingview_equity_screener.csv,2026-06-13
JCI,Johnson Controls International plc,Producer Manufacturing,uncertain_verify_before_use,active,active_current_pool_source_and_optionability_accepted,true,true,275,146,tradingview_screener_snapshot:/root/projects/trading-storage/storage/01_source_data/realtime/tradingview_equity_screener/2026-06-13/tradingview_equity_screener.csv,2026-06-13
CSX,CSX Corporation,Transportation,uncertain_verify_before_use,active,active_current_pool_source_and_optionability_accepted,true,true,198,147,tradingview_screener_snapshot:/root/projects/trading-storage/storage/01_source_data/realtime/tradingview_equity_screener/2026-06-13/tradingview_equity_screener.csv,2026-06-13
WMB,"Williams Companies, Inc. (The)",Industrial Services,uncertain_verify_before_use,active,active_current_pool_source_and_optionability_accepted,true,true,285,148,tradingview_screener_snapshot:/root/projects/trading-storage/storage/01_source_data/realtime/tradingview_equity_screener/2026-06-13/tradingview_equity_screener.csv,2026-06-13
WM,"Waste Management, Inc.",Industrial Services,uncertain_verify_before_use,active,active_current_pool_source_and_optionability_accepted,true,true,151,149,tradingview_screener_snapshot:/root/projects/trading-storage/storage/01_source_data/realtime/tradingview_equity_screener/2026-06-13/tradingview_equity_screener.csv,2026-06-13
ELV,"Elevance Health, Inc.",Health Services,uncertain_verify_before_use,active,active_current_pool_source_and_optionability_accepted,true,true,163,150,tradingview_screener_snapshot:/root/projects/trading-storage/storage/01_source_data/realtime/tradingview_equity_screener/2026-06-13/tradingview_equity_screener.csv,2026-06-13
CMCSA,Comcast Corporation,Consumer Services,uncertain_verify_before_use,active,active_current_pool_source_and_optionability_accepted,true,true,160,151,tradingview_screener_snapshot:/root/projects/trading-storage/storage/01_source_data/realtime/tradingview_equity_screener/2026-06-13/tradingview_equity_screener.csv,2026-06-13
AMT,American Tower Corporation (REIT),Finance,uncertain_verify_before_use,active,active_current_pool_source_and_optionability_accepted,true,true,192,152,tradingview_screener_snapshot:/root/projects/trading-storage/storage/01_source_data/realtime/tradingview_equity_screener/2026-06-13/tradingview_equity_screener.csv,2026-06-13
SNPS,"Synopsys, Inc.",Technology Services,uncertain_verify_before_use,active,active_current_pool_source_and_optionability_accepted,true,true,183,153,tradingview_screener_snapshot:/root/projects/trading-storage/storage/01_source_data/realtime/tradingview_equity_screener/2026-06-13/tradingview_equity_screener.csv,2026-06-13
KKR,KKR & Co. Inc.,Finance,uncertain_verify_before_use,active,active_current_pool_source_and_optionability_accepted,true,true,298,154,tradingview_screener_snapshot:/root/projects/trading-storage/storage/01_source_data/realtime/tradingview_equity_screener/2026-06-13/tradingview_equity_screener.csv,2026-06-13
HCA,"HCA Healthcare, Inc.",Health Services,uncertain_verify_before_use,active,active_current_pool_source_and_optionability_accepted,true,true,146,155,tradingview_screener_snapshot:/root/projects/trading-storage/storage/01_source_data/realtime/tradingview_equity_screener/2026-06-13/tradingview_equity_screener.csv,2026-06-13
HOOD,"Robinhood Markets, Inc.",Finance,uncertain_verify_before_use,active,active_current_pool_source_and_optionability_accepted,true,true,29,156,tradingview_screener_snapshot:/root/projects/trading-storage/storage/01_source_data/realtime/tradingview_equity_screener/2026-06-13/tradingview_equity_screener.csv,2026-06-13
SLB,SLB Limited,Industrial Services,uncertain_verify_before_use,active,active_current_pool_source_and_optionability_accepted,true,true,150,157,tradingview_screener_snapshot:/root/projects/trading-storage/storage/01_source_data/realtime/tradingview_equity_screener/2026-06-13/tradingview_equity_screener.csv,2026-06-13
RACE,Ferrari N.V.,Consumer Durables,uncertain_verify_before_use,active,active_current_pool_source_and_optionability_accepted,false,true,,158,tradingview_screener_snapshot:/root/projects/trading-storage/storage/01_source_data/realtime/tradingview_equity_screener/2026-06-13/tradingview_equity_screener.csv,2026-06-13
MMM,3M Company,Producer Manufacturing,uncertain_verify_before_use,active,active_current_pool_source_and_optionability_accepted,true,true,143,159,tradingview_screener_snapshot:/root/projects/trading-storage/storage/01_source_data/realtime/tradingview_equity_screener/2026-06-13/tradingview_equity_screener.csv,2026-06-13
ADBE,Adobe Inc.,Technology Services,uncertain_verify_before_use,active,active_current_pool_source_and_optionability_accepted,true,true,20,160,tradingview_screener_snapshot:/root/projects/trading-storage/storage/01_source_data/realtime/tradingview_equity_screener/2026-06-13/tradingview_equity_screener.csv,2026-06-13
DDOG,"Datadog, Inc.",Technology Services,uncertain_verify_before_use,active,active_current_pool_source_and_optionability_accepted,true,true,77,161,tradingview_screener_snapshot:/root/projects/trading-storage/storage/01_source_data/realtime/tradingview_equity_screener/2026-06-13/tradingview_equity_screener.csv,2026-06-13
AEM,Agnico Eagle Mines Limited,Non-Energy Minerals,uncertain_verify_before_use,active,active_current_pool_source_and_optionability_accepted,true,true,167,162,tradingview_screener_snapshot:/root/projects/trading-storage/storage/01_source_data/realtime/tradingview_equity_screener/2026-06-13/tradingview_equity_screener.csv,2026-06-13
MRSH,Marsh,Finance,uncertain_verify_before_use,active,active_current_pool_source_and_optionability_accepted,true,true,263,163,tradingview_screener_snapshot:/root/projects/trading-storage/storage/01_source_data/realtime/tradingview_equity_screener/2026-06-13/tradingview_equity_screener.csv,2026-06-13
NET,"Cloudflare, Inc.",Technology Services,uncertain_verify_before_use,active,active_current_pool_source_and_optionability_accepted,true,true,212,164,tradingview_screener_snapshot:/root/projects/trading-storage/storage/01_source_data/realtime/tradingview_equity_screener/2026-06-13/tradingview_equity_screener.csv,2026-06-13
MDLZ,"Mondelez International, Inc.",Consumer Non-Durables,uncertain_verify_before_use,active,active_current_pool_source_and_optionability_accepted,true,true,217,165,tradingview_screener_snapshot:/root/projects/trading-storage/storage/01_source_data/realtime/tradingview_equity_screener/2026-06-13/tradingview_equity_screener.csv,2026-06-13
FDX,FedEx Corporation,Transportation,uncertain_verify_before_use,active,active_current_pool_source_and_optionability_accepted,true,true,284,166,tradingview_screener_snapshot:/root/projects/trading-storage/storage/01_source_data/realtime/tradingview_equity_screener/2026-06-13/tradingview_equity_screener.csv,2026-06-13
SNOW,Snowflake Inc.,Technology Services,uncertain_verify_before_use,active,active_current_pool_source_and_optionability_accepted,true,true,59,167,tradingview_screener_snapshot:/root/projects/trading-storage/storage/01_source_data/realtime/tradingview_equity_screener/2026-06-13/tradingview_equity_screener.csv,2026-06-13
EPD,Enterprise Products Partners L.P.,Industrial Services,uncertain_verify_before_use,active,active_current_pool_source_and_optionability_accepted,false,true,,168,tradingview_screener_snapshot:/root/projects/trading-storage/storage/01_source_data/realtime/tradingview_equity_screener/2026-06-13/tradingview_equity_screener.csv,2026-06-13
MELI,"MercadoLibre, Inc.",Retail Trade,uncertain_verify_before_use,active,active_current_pool_source_and_optionability_accepted,true,true,109,169,tradingview_screener_snapshot:/root/projects/trading-storage/storage/01_source_data/realtime/tradingview_equity_screener/2026-06-13/tradingview_equity_screener.csv,2026-06-13
EMR,Emerson Electric Company,Electronic Technology,uncertain_verify_before_use,active,active_current_pool_source_and_optionability_accepted,false,true,,170,tradingview_screener_snapshot:/root/projects/trading-storage/storage/01_source_data/realtime/tradingview_equity_screener/2026-06-13/tradingview_equity_screener.csv,2026-06-13
CP,Canadian Pacific Kansas City Limited,Transportation,uncertain_verify_before_use,active,active_current_pool_source_and_optionability_accepted,false,true,,171,tradingview_screener_snapshot:/root/projects/trading-storage/storage/01_source_data/realtime/tradingview_equity_screener/2026-06-13/tradingview_equity_screener.csv,2026-06-13
ABNB,"Airbnb, Inc.",Consumer Services,uncertain_verify_before_use,active,active_current_pool_source_and_optionability_accepted,false,true,,172,tradingview_screener_snapshot:/root/projects/trading-storage/storage/01_source_data/realtime/tradingview_equity_screener/2026-06-13/tradingview_equity_screener.csv,2026-06-13
ICE,Intercontinental Exchange Inc.,Finance,uncertain_verify_before_use,active,active_current_pool_source_and_optionability_accepted,true,true,247,173,tradingview_screener_snapshot:/root/projects/trading-storage/storage/01_source_data/realtime/tradingview_equity_screener/2026-06-13/tradingview_equity_screener.csv,2026-06-13
RCL,Royal Caribbean Cruises Ltd.,Consumer Services,uncertain_verify_before_use,active,active_current_pool_source_and_optionability_accepted,true,true,179,174,tradingview_screener_snapshot:/root/projects/trading-storage/storage/01_source_data/realtime/tradingview_equity_screener/2026-06-13/tradingview_equity_screener.csv,2026-06-13
CI,The Cigna Group,Health Services,uncertain_verify_before_use,active,active_current_pool_source_and_optionability_accepted,true,true,288,175,tradingview_screener_snapshot:/root/projects/trading-storage/storage/01_source_data/realtime/tradingview_equity_screener/2026-06-13/tradingview_equity_screener.csv,2026-06-13
HLT,Hilton Worldwide Holdings Inc.,Consumer Services,uncertain_verify_before_use,active,active_current_pool_source_and_optionability_accepted,true,true,235,176,tradingview_screener_snapshot:/root/projects/trading-storage/storage/01_source_data/realtime/tradingview_equity_screener/2026-06-13/tradingview_equity_screener.csv,2026-06-13
SHW,Sherwin-Williams Company (The),Process Industries,uncertain_verify_before_use,active,active_current_pool_source_and_optionability_accepted,true,true,166,177,tradingview_screener_snapshot:/root/projects/trading-storage/storage/01_source_data/realtime/tradingview_equity_screener/2026-06-13/tradingview_equity_screener.csv,2026-06-13
MCO,Moody's Corporation,Commercial Services,uncertain_verify_before_use,active,active_current_pool_source_and_optionability_accepted,false,true,,178,tradingview_screener_snapshot:/root/projects/trading-storage/storage/01_source_data/realtime/tradingview_equity_screener/2026-06-13/tradingview_equity_screener.csv,2026-06-13
NOC,Northrop Grumman Corporation,Electronic Technology,uncertain_verify_before_use,active,active_current_pool_source_and_optionability_accepted,true,true,251,179,tradingview_screener_snapshot:/root/projects/trading-storage/storage/01_source_data/realtime/tradingview_equity_screener/2026-06-13/tradingview_equity_screener.csv,2026-06-13
MPWR,"Monolithic Power Systems, Inc.",Electronic Technology,uncertain_verify_before_use,active,active_current_pool_source_and_optionability_accepted,true,true,114,180,tradingview_screener_snapshot:/root/projects/trading-storage/storage/01_source_data/realtime/tradingview_equity_screener/2026-06-13/tradingview_equity_screener.csv,2026-06-13
APO,"Apollo Global Management, Inc. (New)",Finance,uncertain_verify_before_use,active,active_current_pool_source_and_optionability_accepted,false,true,,181,tradingview_screener_snapshot:/root/projects/trading-storage/storage/01_source_data/realtime/tradingview_equity_screener/2026-06-13/tradingview_equity_screener.csv,2026-06-13
ROST,"Ross Stores, Inc.",Retail Trade,uncertain_verify_before_use,active,active_current_pool_source_and_optionability_accepted,true,true,145,182,tradingview_screener_snapshot:/root/projects/trading-storage/storage/01_source_data/realtime/tradingview_equity_screener/2026-06-13/tradingview_equity_screener.csv,2026-06-13
NXPI,NXP Semiconductors N.V.,Electronic Technology,uncertain_verify_before_use,active,active_current_pool_source_and_optionability_accepted,true,true,159,183,tradingview_screener_snapshot:/root/projects/trading-storage/storage/01_source_data/realtime/tradingview_equity_screener/2026-06-13/tradingview_equity_screener.csv,2026-06-13
MPC,Marathon Petroleum Corporation,Energy Minerals,uncertain_verify_before_use,active,active_current_pool_source_and_optionability_accepted,true,true,244,184,tradingview_screener_snapshot:/root/projects/trading-storage/storage/01_source_data/realtime/tradingview_equity_screener/2026-06-13/tradingview_equity_screener.csv,2026-06-13
VLO,Valero Energy Corporation,Energy Minerals,uncertain_verify_before_use,active,active_current_pool_source_and_optionability_accepted,true,true,186,185,tradingview_screener_snapshot:/root/projects/trading-storage/storage/01_source_data/realtime/tradingview_equity_screener/2026-06-13/tradingview_equity_screener.csv,2026-06-13
INTU,Intuit Inc.,Technology Services,uncertain_verify_before_use,active,active_current_pool_source_and_optionability_accepted,true,true,74,186,tradingview_screener_snapshot:/root/projects/trading-storage/storage/01_source_data/realtime/tradingview_equity_screener/2026-06-13/tradingview_equity_screener.csv,2026-06-13
ORLY,"O'Reilly Automotive, Inc.",Retail Trade,uncertain_verify_before_use,active,active_current_pool_source_and_optionability_accepted,true,true,176,187,tradingview_screener_snapshot:/root/projects/trading-storage/storage/01_source_data/realtime/tradingview_equity_screener/2026-06-13/tradingview_equity_screener.csv,2026-06-13
COHR,Coherent Corp.,Electronic Technology,uncertain_verify_before_use,active,active_current_pool_source_and_optionability_accepted,true,true,53,188,tradingview_screener_snapshot:/root/projects/trading-storage/storage/01_source_data/realtime/tradingview_equity_screener/2026-06-13/tradingview_equity_screener.csv,2026-06-13
BAM,Brookfield Asset Management Inc,Finance,uncertain_verify_before_use,active,active_current_pool_source_and_optionability_accepted,false,true,,189,tradingview_screener_snapshot:/root/projects/trading-storage/storage/01_source_data/realtime/tradingview_equity_screener/2026-06-13/tradingview_equity_screener.csv,2026-06-13
ECL,Ecolab Inc.,Process Industries,uncertain_verify_before_use,active,active_current_pool_source_and_optionability_accepted,true,true,214,190,tradingview_screener_snapshot:/root/projects/trading-storage/storage/01_source_data/realtime/tradingview_equity_screener/2026-06-13/tradingview_equity_screener.csv,2026-06-13
ITW,Illinois Tool Works Inc.,Producer Manufacturing,uncertain_verify_before_use,active,active_current_pool_source_and_optionability_accepted,false,true,,191,tradingview_screener_snapshot:/root/projects/trading-storage/storage/01_source_data/realtime/tradingview_equity_screener/2026-06-13/tradingview_equity_screener.csv,2026-06-13
BE,Bloom Energy Corporation,Electronic Technology,uncertain_verify_before_use,active,active_current_pool_source_and_optionability_accepted,true,true,47,192,tradingview_screener_snapshot:/root/projects/trading-storage/storage/01_source_data/realtime/tradingview_equity_screener/2026-06-13/tradingview_equity_screener.csv,2026-06-13
GM,General Motors Company,Consumer Durables,uncertain_verify_before_use,active,active_current_pool_source_and_optionability_accepted,true,true,280,193,tradingview_screener_snapshot:/root/projects/trading-storage/storage/01_source_data/realtime/tradingview_equity_screener/2026-06-13/tradingview_equity_screener.csv,2026-06-13
EOG,"EOG Resources, Inc.",Energy Minerals,uncertain_verify_before_use,active,active_current_pool_source_and_optionability_accepted,true,true,219,194,tradingview_screener_snapshot:/root/projects/trading-storage/storage/01_source_data/realtime/tradingview_equity_screener/2026-06-13/tradingview_equity_screener.csv,2026-06-13
SU,Suncor Energy Inc.,Energy Minerals,uncertain_verify_before_use,active,active_current_pool_source_and_optionability_accepted,false,true,,195,tradingview_screener_snapshot:/root/projects/trading-storage/storage/01_source_data/realtime/tradingview_equity_screener/2026-06-13/tradingview_equity_screener.csv,2026-06-13
CNI,Canadian National Railway Company,Transportation,uncertain_verify_before_use,active,active_current_pool_source_and_optionability_accepted,false,true,,196,tradingview_screener_snapshot:/root/projects/trading-storage/storage/01_source_data/realtime/tradingview_equity_screener/2026-06-13/tradingview_equity_screener.csv,2026-06-13
PSX,Phillips 66,Energy Minerals,uncertain_verify_before_use,active,active_current_pool_source_and_optionability_accepted,true,true,225,197,tradingview_screener_snapshot:/root/projects/trading-storage/storage/01_source_data/realtime/tradingview_equity_screener/2026-06-13/tradingview_equity_screener.csv,2026-06-13
LITE,Lumentum Holdings Inc.,Producer Manufacturing,uncertain_verify_before_use,active,active_current_pool_source_and_optionability_accepted,true,true,24,198,tradingview_screener_snapshot:/root/projects/trading-storage/storage/01_source_data/realtime/tradingview_equity_screener/2026-06-13/tradingview_equity_screener.csv,2026-06-13
AON,Aon plc,Finance,uncertain_verify_before_use,active,active_current_pool_source_and_optionability_accepted,true,true,236,199,tradingview_screener_snapshot:/root/projects/trading-storage/storage/01_source_data/realtime/tradingview_equity_screener/2026-06-13/tradingview_equity_screener.csv,2026-06-13
CL,Colgate-Palmolive Company,Consumer Non-Durables,uncertain_verify_before_use,active,active_current_pool_source_and_optionability_accepted,false,true,,200,tradingview_screener_snapshot:/root/projects/trading-storage/storage/01_source_data/realtime/tradingview_equity_screener/2026-06-13/tradingview_equity_screener.csv,2026-06-13
CRH,CRH PLC,Non-Energy Minerals,uncertain_verify_before_use,active,active_current_pool_source_and_optionability_accepted,true,true,271,201,tradingview_screener_snapshot:/root/projects/trading-storage/storage/01_source_data/realtime/tradingview_equity_screener/2026-06-13/tradingview_equity_screener.csv,2026-06-13
KMI,"Kinder Morgan, Inc.",Industrial Services,uncertain_verify_before_use,active,active_current_pool_source_and_optionability_accepted,false,true,,202,tradingview_screener_snapshot:/root/projects/trading-storage/storage/01_source_data/realtime/tradingview_equity_screener/2026-06-13/tradingview_equity_screener.csv,2026-06-13
SPG,"Simon Property Group, Inc.",Finance,uncertain_verify_before_use,active,active_current_pool_source_and_optionability_accepted,true,true,260,203,tradingview_screener_snapshot:/root/projects/trading-storage/storage/01_source_data/realtime/tradingview_equity_screener/2026-06-13/tradingview_equity_screener.csv,2026-06-13
CTAS,Cintas Corporation,Commercial Services,uncertain_verify_before_use,active,active_current_pool_source_and_optionability_accepted,false,true,,204,tradingview_screener_snapshot:/root/projects/trading-storage/storage/01_source_data/realtime/tradingview_equity_screener/2026-06-13/tradingview_equity_screener.csv,2026-06-13
NSC,Norfolk Southern Corporation,Transportation,uncertain_verify_before_use,active,active_current_pool_source_and_optionability_accepted,false,true,,205,tradingview_screener_snapshot:/root/projects/trading-storage/storage/01_source_data/realtime/tradingview_equity_screener/2026-06-13/tradingview_equity_screener.csv,2026-06-13
AEP,"American Electric Power Company, Inc.",Utilities,uncertain_verify_before_use,active,active_current_pool_source_and_optionability_accepted,true,true,202,206,tradingview_screener_snapshot:/root/projects/trading-storage/storage/01_source_data/realtime/tradingview_equity_screener/2026-06-13/tradingview_equity_screener.csv,2026-06-13
CVNA,Carvana Co.,Retail Trade,uncertain_verify_before_use,active,active_current_pool_source_and_optionability_accepted,true,true,161,207,tradingview_screener_snapshot:/root/projects/trading-storage/storage/01_source_data/realtime/tradingview_equity_screener/2026-06-13/tradingview_equity_screener.csv,2026-06-13
TDG,Transdigm Group Inc.,Electronic Technology,uncertain_verify_before_use,active,active_current_pool_source_and_optionability_accepted,false,true,,208,tradingview_screener_snapshot:/root/projects/trading-storage/storage/01_source_data/realtime/tradingview_equity_screener/2026-06-13/tradingview_equity_screener.csv,2026-06-13
BSX,Boston Scientific Corporation,Health Technology,uncertain_verify_before_use,active,active_current_pool_source_and_optionability_accepted,true,true,131,209,tradingview_screener_snapshot:/root/projects/trading-storage/storage/01_source_data/realtime/tradingview_equity_screener/2026-06-13/tradingview_equity_screener.csv,2026-06-13
TRP,TC Energy Corporation,Industrial Services,uncertain_verify_before_use,active,active_current_pool_source_and_optionability_accepted,false,true,,210,tradingview_screener_snapshot:/root/projects/trading-storage/storage/01_source_data/realtime/tradingview_equity_screener/2026-06-13/tradingview_equity_screener.csv,2026-06-13
MSI,"Motorola Solutions, Inc.",Electronic Technology,uncertain_verify_before_use,active,active_current_pool_source_and_optionability_accepted,false,true,,211,tradingview_screener_snapshot:/root/projects/trading-storage/storage/01_source_data/realtime/tradingview_equity_screener/2026-06-13/tradingview_equity_screener.csv,2026-06-13
WBD,"Warner Bros. Discovery, Inc. - Series A",Consumer Services,uncertain_verify_before_use,active,active_current_pool_source_and_optionability_accepted,true,true,256,212,tradingview_screener_snapshot:/root/projects/trading-storage/storage/01_source_data/realtime/tradingview_equity_screener/2026-06-13/tradingview_equity_screener.csv,2026-06-13
B,Barrick Mining Corporation,Non-Energy Minerals,uncertain_verify_before_use,active,active_current_pool_source_and_optionability_accepted,true,true,205,213,tradingview_screener_snapshot:/root/projects/trading-storage/storage/01_source_data/realtime/tradingview_equity_screener/2026-06-13/tradingview_equity_screener.csv,2026-06-13
MFC,Manulife Financial Corporation,Finance,uncertain_verify_before_use,active,active_current_pool_source_and_optionability_accepted,false,true,,214,tradingview_screener_snapshot:/root/projects/trading-storage/storage/01_source_data/realtime/tradingview_equity_screener/2026-06-13/tradingview_equity_screener.csv,2026-06-13
NKE,"Nike, Inc.",Consumer Non-Durables,uncertain_verify_before_use,active,active_current_pool_source_and_optionability_accepted,true,true,138,215,tradingview_screener_snapshot:/root/projects/trading-storage/storage/01_source_data/realtime/tradingview_equity_screener/2026-06-13/tradingview_equity_screener.csv,2026-06-13
FIX,"Comfort Systems USA, Inc.",Industrial Services,uncertain_verify_before_use,active,active_current_pool_source_and_optionability_accepted,true,true,124,216,tradingview_screener_snapshot:/root/projects/trading-storage/storage/01_source_data/realtime/tradingview_equity_screener/2026-06-13/tradingview_equity_screener.csv,2026-06-13
ET,Energy Transfer LP,Industrial Services,uncertain_verify_before_use,active,active_current_pool_source_and_optionability_accepted,false,true,,217,tradingview_screener_snapshot:/root/projects/trading-storage/storage/01_source_data/realtime/tradingview_equity_screener/2026-06-13/tradingview_equity_screener.csv,2026-06-13
DASH,"DoorDash, Inc.",Transportation,uncertain_verify_before_use,active,active_current_pool_source_and_optionability_accepted,true,true,180,218,tradingview_screener_snapshot:/root/projects/trading-storage/storage/01_source_data/realtime/tradingview_equity_screener/2026-06-13/tradingview_equity_screener.csv,2026-06-13
TRV,"The Travelers Companies, Inc.",Finance,uncertain_verify_before_use,active,active_current_pool_source_and_optionability_accepted,true,true,170,219,tradingview_screener_snapshot:/root/projects/trading-storage/storage/01_source_data/realtime/tradingview_equity_screener/2026-06-13/tradingview_equity_screener.csv,2026-06-13
DLR,"Digital Realty Trust, Inc.",Finance,uncertain_verify_before_use,active,active_current_pool_source_and_optionability_accepted,true,true,227,220,tradingview_screener_snapshot:/root/projects/trading-storage/storage/01_source_data/realtime/tradingview_equity_screener/2026-06-13/tradingview_equity_screener.csv,2026-06-13
RSG,"Republic Services, Inc.",Industrial Services,uncertain_verify_before_use,active,active_current_pool_source_and_optionability_accepted,false,true,,221,tradingview_screener_snapshot:/root/projects/trading-storage/storage/01_source_data/realtime/tradingview_equity_screener/2026-06-13/tradingview_equity_screener.csv,2026-06-13
TFC,Truist Financial Corporation,Finance,uncertain_verify_before_use,active,active_current_pool_source_and_optionability_accepted,true,true,231,222,tradingview_screener_snapshot:/root/projects/trading-storage/storage/01_source_data/realtime/tradingview_equity_screener/2026-06-13/tradingview_equity_screener.csv,2026-06-13
REGN,"Regeneron Pharmaceuticals, Inc.",Health Technology,uncertain_verify_before_use,active,active_current_pool_source_and_optionability_accepted,true,true,254,223,tradingview_screener_snapshot:/root/projects/trading-storage/storage/01_source_data/realtime/tradingview_equity_screener/2026-06-13/tradingview_equity_screener.csv,2026-06-13
HPE,Hewlett Packard Enterprise Company,Electronic Technology,uncertain_verify_before_use,active,active_current_pool_source_and_optionability_accepted,true,true,87,224,tradingview_screener_snapshot:/root/projects/trading-storage/storage/01_source_data/realtime/tradingview_equity_screener/2026-06-13/tradingview_equity_screener.csv,2026-06-13
CIEN,Ciena Corporation,Electronic Technology,uncertain_verify_before_use,active,active_current_pool_source_and_optionability_accepted,true,true,83,225,tradingview_screener_snapshot:/root/projects/trading-storage/storage/01_source_data/realtime/tradingview_equity_screener/2026-06-13/tradingview_equity_screener.csv,2026-06-13
TER,"Teradyne, Inc.",Electronic Technology,uncertain_verify_before_use,active,active_current_pool_source_and_optionability_accepted,true,true,76,226,tradingview_screener_snapshot:/root/projects/trading-storage/storage/01_source_data/realtime/tradingview_equity_screener/2026-06-13/tradingview_equity_screener.csv,2026-06-13
ALAB,"Astera Labs, Inc.",Electronic Technology,uncertain_verify_before_use,active,active_current_pool_source_and_optionability_accepted,true,true,54,227,tradingview_screener_snapshot:/root/projects/trading-storage/storage/01_source_data/realtime/tradingview_equity_screener/2026-06-13/tradingview_equity_screener.csv,2026-06-13
APD,"Air Products and Chemicals, Inc.",Process Industries,uncertain_verify_before_use,active,active_current_pool_source_and_optionability_accepted,false,true,,228,tradingview_screener_snapshot:/root/projects/trading-storage/storage/01_source_data/realtime/tradingview_equity_screener/2026-06-13/tradingview_equity_screener.csv,2026-06-13
BKR,Baker Hughes Company,Industrial Services,uncertain_verify_before_use,active,active_current_pool_source_and_optionability_accepted,true,true,245,229,tradingview_screener_snapshot:/root/projects/trading-storage/storage/01_source_data/realtime/tradingview_equity_screener/2026-06-13/tradingview_equity_screener.csv,2026-06-13
DB,Deutsche Bank AG,Finance,uncertain_verify_before_use,active,active_current_pool_source_and_optionability_accepted,false,true,,230,tradingview_screener_snapshot:/root/projects/trading-storage/storage/01_source_data/realtime/tradingview_equity_screener/2026-06-13/tradingview_equity_screener.csv,2026-06-13
PCAR,PACCAR Inc.,Producer Manufacturing,uncertain_verify_before_use,active,active_current_pool_source_and_optionability_accepted,false,true,,231,tradingview_screener_snapshot:/root/projects/trading-storage/storage/01_source_data/realtime/tradingview_equity_screener/2026-06-13/tradingview_equity_screener.csv,2026-06-13
GWW,"W.W. Grainger, Inc.",Distribution Services,uncertain_verify_before_use,active,active_current_pool_source_and_optionability_accepted,false,true,,232,tradingview_screener_snapshot:/root/projects/trading-storage/storage/01_source_data/realtime/tradingview_equity_screener/2026-06-13/tradingview_equity_screener.csv,2026-06-13
TGT,Target Corporation,Retail Trade,uncertain_verify_before_use,active,active_current_pool_source_and_optionability_accepted,true,true,158,233,tradingview_screener_snapshot:/root/projects/trading-storage/storage/01_source_data/realtime/tradingview_equity_screener/2026-06-13/tradingview_equity_screener.csv,2026-06-13
TEL,TE Connectivity plc,Electronic Technology,uncertain_verify_before_use,active,active_current_pool_source_and_optionability_accepted,true,true,274,234,tradingview_screener_snapshot:/root/projects/trading-storage/storage/01_source_data/realtime/tradingview_equity_screener/2026-06-13/tradingview_equity_screener.csv,2026-06-13
NUE,Nucor Corporation,Non-Energy Minerals,uncertain_verify_before_use,active,active_current_pool_source_and_optionability_accepted,false,true,,235,tradingview_screener_snapshot:/root/projects/trading-storage/storage/01_source_data/realtime/tradingview_equity_screener/2026-06-13/tradingview_equity_screener.csv,2026-06-13
SRE,DBA Sempra,Utilities,uncertain_verify_before_use,active,active_current_pool_source_and_optionability_accepted,false,true,,236,tradingview_screener_snapshot:/root/projects/trading-storage/storage/01_source_data/realtime/tradingview_equity_screener/2026-06-13/tradingview_equity_screener.csv,2026-06-13
AFL,AFLAC Incorporated,Finance,uncertain_verify_before_use,active,active_current_pool_source_and_optionability_accepted,false,true,,237,tradingview_screener_snapshot:/root/projects/trading-storage/storage/01_source_data/realtime/tradingview_equity_screener/2026-06-13/tradingview_equity_screener.csv,2026-06-13
KEYS,Keysight Technologies Inc.,Electronic Technology,uncertain_verify_before_use,active,active_current_pool_source_and_optionability_accepted,true,true,240,238,tradingview_screener_snapshot:/root/projects/trading-storage/storage/01_source_data/realtime/tradingview_equity_screener/2026-06-13/tradingview_equity_screener.csv,2026-06-13
D,"Dominion Energy, Inc.",Utilities,uncertain_verify_before_use,active,active_current_pool_source_and_optionability_accepted,true,true,286,239,tradingview_screener_snapshot:/root/projects/trading-storage/storage/01_source_data/realtime/tradingview_equity_screener/2026-06-13/tradingview_equity_screener.csv,2026-06-13
RKLB,Rocket Lab Corporation,Electronic Technology,uncertain_verify_before_use,active,active_current_pool_source_and_optionability_accepted,true,true,16,240,tradingview_screener_snapshot:/root/projects/trading-storage/storage/01_source_data/realtime/tradingview_equity_screener/2026-06-13/tradingview_equity_screener.csv,2026-06-13
NU,Nu Holdings Ltd.,Finance,uncertain_verify_before_use,active,active_current_pool_source_and_optionability_accepted,true,true,268,241,tradingview_screener_snapshot:/root/projects/trading-storage/storage/01_source_data/realtime/tradingview_equity_screener/2026-06-13/tradingview_equity_screener.csv,2026-06-13
F,Ford Motor Company,Consumer Durables,uncertain_verify_before_use,active,active_current_pool_source_and_optionability_accepted,true,true,164,242,tradingview_screener_snapshot:/root/projects/trading-storage/storage/01_source_data/realtime/tradingview_equity_screener/2026-06-13/tradingview_equity_screener.csv,2026-06-13
IMO,Imperial Oil Limited,Energy Minerals,uncertain_verify_before_use,active,active_current_pool_source_and_optionability_accepted,false,true,,243,tradingview_screener_snapshot:/root/projects/trading-storage/storage/01_source_data/realtime/tradingview_equity_screener/2026-06-13/tradingview_equity_screener.csv,2026-06-13
TRGP,"Targa Resources, Inc.",Utilities,uncertain_verify_before_use,active,active_current_pool_source_and_optionability_accepted,false,true,,244,tradingview_screener_snapshot:/root/projects/trading-storage/storage/01_source_data/realtime/tradingview_equity_screener/2026-06-13/tradingview_equity_screener.csv,2026-06-13
O,Realty Income Corporation,Finance,uncertain_verify_before_use,active,active_current_pool_source_and_optionability_accepted,false,true,,245,tradingview_screener_snapshot:/root/projects/trading-storage/storage/01_source_data/realtime/tradingview_equity_screener/2026-06-13/tradingview_equity_screener.csv,2026-06-13
NBIS,Nebius Group N.V.,Technology Services,uncertain_verify_before_use,active,active_current_pool_source_and_optionability_accepted,true,true,25,246,tradingview_screener_snapshot:/root/projects/trading-storage/storage/01_source_data/realtime/tradingview_equity_screener/2026-06-13/tradingview_equity_screener.csv,2026-06-13
CARR,Carrier Global Corporation,Producer Manufacturing,uncertain_verify_before_use,active,active_current_pool_source_and_optionability_accepted,false,true,,247,tradingview_screener_snapshot:/root/projects/trading-storage/storage/01_source_data/realtime/tradingview_equity_screener/2026-06-13/tradingview_equity_screener.csv,2026-06-13
MPLX,MPLX LP,Industrial Services,uncertain_verify_before_use,active,active_current_pool_source_and_optionability_accepted,false,true,,248,tradingview_screener_snapshot:/root/projects/trading-storage/storage/01_source_data/realtime/tradingview_equity_screener/2026-06-13/tradingview_equity_screener.csv,2026-06-13
LHX,"L3Harris Technologies, Inc.",Electronic Technology,uncertain_verify_before_use,active,active_current_pool_source_and_optionability_accepted,false,true,,249,tradingview_screener_snapshot:/root/projects/trading-storage/storage/01_source_data/realtime/tradingview_equity_screener/2026-06-13/tradingview_equity_screener.csv,2026-06-13
PSA,Public Storage,Finance,uncertain_verify_before_use,active,active_current_pool_source_and_optionability_accepted,false,true,,250,tradingview_screener_snapshot:/root/projects/trading-storage/storage/01_source_data/realtime/tradingview_equity_screener/2026-06-13/tradingview_equity_screener.csv,2026-06-13
MET,"MetLife, Inc.",Finance,uncertain_verify_before_use,active,active_current_pool_source_and_optionability_accepted,false,true,,251,tradingview_screener_snapshot:/root/projects/trading-storage/storage/01_source_data/realtime/tradingview_equity_screener/2026-06-13/tradingview_equity_screener.csv,2026-06-13
OKE,"ONEOK, Inc.",Industrial Services,uncertain_verify_before_use,active,active_current_pool_source_and_optionability_accepted,false,true,,252,tradingview_screener_snapshot:/root/projects/trading-storage/storage/01_source_data/realtime/tradingview_equity_screener/2026-06-13/tradingview_equity_screener.csv,2026-06-13
ALL,Allstate Corporation (The),Finance,uncertain_verify_before_use,active,active_current_pool_source_and_optionability_accepted,false,true,,253,tradingview_screener_snapshot:/root/projects/trading-storage/storage/01_source_data/realtime/tradingview_equity_screener/2026-06-13/tradingview_equity_screener.csv,2026-06-13
OXY,Occidental Petroleum Corporation,Energy Minerals,uncertain_verify_before_use,active,active_current_pool_source_and_optionability_accepted,true,true,178,254,tradingview_screener_snapshot:/root/projects/trading-storage/storage/01_source_data/realtime/tradingview_equity_screener/2026-06-13/tradingview_equity_screener.csv,2026-06-13
AJG,Arthur J. Gallagher & Co.,Finance,uncertain_verify_before_use,active,active_current_pool_source_and_optionability_accepted,true,true,291,255,tradingview_screener_snapshot:/root/projects/trading-storage/storage/01_source_data/realtime/tradingview_equity_screener/2026-06-13/tradingview_equity_screener.csv,2026-06-13
CRWV,"CoreWeave, Inc.",Technology Services,uncertain_verify_before_use,active,active_current_pool_source_and_optionability_accepted,true,true,26,256,tradingview_screener_snapshot:/root/projects/trading-storage/storage/01_source_data/realtime/tradingview_equity_screener/2026-06-13/tradingview_equity_screener.csv,2026-06-13
FLEX,Flex Ltd.,Electronic Technology,uncertain_verify_before_use,active,active_current_pool_source_and_optionability_accepted,true,true,136,257,tradingview_screener_snapshot:/root/projects/trading-storage/storage/01_source_data/realtime/tradingview_equity_screener/2026-06-13/tradingview_equity_screener.csv,2026-06-13
COR,"Cencora, Inc.",Distribution Services,uncertain_verify_before_use,active,active_current_pool_source_and_optionability_accepted,false,true,,258,tradingview_screener_snapshot:/root/projects/trading-storage/storage/01_source_data/realtime/tradingview_equity_screener/2026-06-13/tradingview_equity_screener.csv,2026-06-13
DAL,"Delta Air Lines, Inc.",Transportation,uncertain_verify_before_use,active,active_current_pool_source_and_optionability_accepted,true,true,185,259,tradingview_screener_snapshot:/root/projects/trading-storage/storage/01_source_data/realtime/tradingview_equity_screener/2026-06-13/tradingview_equity_screener.csv,2026-06-13
FANG,"Diamondback Energy, Inc.",Energy Minerals,uncertain_verify_before_use,active,active_current_pool_source_and_optionability_accepted,true,true,292,260,tradingview_screener_snapshot:/root/projects/trading-storage/storage/01_source_data/realtime/tradingview_equity_screener/2026-06-13/tradingview_equity_screener.csv,2026-06-13
FAST,Fastenal Company,Distribution Services,uncertain_verify_before_use,active,active_current_pool_source_and_optionability_accepted,false,true,,261,tradingview_screener_snapshot:/root/projects/trading-storage/storage/01_source_data/realtime/tradingview_equity_screener/2026-06-13/tradingview_equity_screener.csv,2026-06-13
CVE,Cenovus Energy Inc,Energy Minerals,uncertain_verify_before_use,active,active_current_pool_source_and_optionability_accepted,true,true,153,262,tradingview_screener_snapshot:/root/projects/trading-storage/storage/01_source_data/realtime/tradingview_equity_screener/2026-06-13/tradingview_equity_screener.csv,2026-06-13
WPM,Wheaton Precious Metals Corp,Non-Energy Minerals,uncertain_verify_before_use,active,active_current_pool_source_and_optionability_accepted,false,true,,263,tradingview_screener_snapshot:/root/projects/trading-storage/storage/01_source_data/realtime/tradingview_equity_screener/2026-06-13/tradingview_equity_screener.csv,2026-06-13
CAH,"Cardinal Health, Inc.",Distribution Services,uncertain_verify_before_use,active,active_current_pool_source_and_optionability_accepted,true,true,223,264,tradingview_screener_snapshot:/root/projects/trading-storage/storage/01_source_data/realtime/tradingview_equity_screener/2026-06-13/tradingview_equity_screener.csv,2026-06-13
DVN,Devon Energy Corporation,Energy Minerals,uncertain_verify_before_use,active,active_current_pool_source_and_optionability_accepted,true,true,152,265,tradingview_screener_snapshot:/root/projects/trading-storage/storage/01_source_data/realtime/tradingview_equity_screener/2026-06-13/tradingview_equity_screener.csv,2026-06-13
AME,"AMETEK, Inc.",Producer Manufacturing,uncertain_verify_before_use,active,active_current_pool_source_and_optionability_accepted,false,true,,266,tradingview_screener_snapshot:/root/projects/trading-storage/storage/01_source_data/realtime/tradingview_equity_screener/2026-06-13/tradingview_equity_screener.csv,2026-06-13
MCHP,Microchip Technology Incorporated,Electronic Technology,uncertain_verify_before_use,active,active_current_pool_source_and_optionability_accepted,true,true,130,267,tradingview_screener_snapshot:/root/projects/trading-storage/storage/01_source_data/realtime/tradingview_equity_screener/2026-06-13/tradingview_equity_screener.csv,2026-06-13
AZO,"AutoZone, Inc.",Retail Trade,uncertain_verify_before_use,active,active_current_pool_source_and_optionability_accepted,true,true,248,268,tradingview_screener_snapshot:/root/projects/trading-storage/storage/01_source_data/realtime/tradingview_equity_screener/2026-06-13/tradingview_equity_screener.csv,2026-06-13
ROK,"Rockwell Automation, Inc.",Producer Manufacturing,uncertain_verify_before_use,active,active_current_pool_source_and_optionability_accepted,false,true,,269,tradingview_screener_snapshot:/root/projects/trading-storage/storage/01_source_data/realtime/tradingview_equity_screener/2026-06-13/tradingview_equity_screener.csv,2026-06-13
ODFL,"Old Dominion Freight Line, Inc.",Transportation,uncertain_verify_before_use,active,active_current_pool_source_and_optionability_accepted,false,true,,270,tradingview_screener_snapshot:/root/projects/trading-storage/storage/01_source_data/realtime/tradingview_equity_screener/2026-06-13/tradingview_equity_screener.csv,2026-06-13
EA,Electronic Arts Inc.,Technology Services,uncertain_verify_before_use,active,active_current_pool_source_and_optionability_accepted,false,true,,271,tradingview_screener_snapshot:/root/projects/trading-storage/storage/01_source_data/realtime/tradingview_equity_screener/2026-06-13/tradingview_equity_screener.csv,2026-06-13
CTVA,"Corteva, Inc.",Process Industries,uncertain_verify_before_use,active,active_current_pool_source_and_optionability_accepted,false,true,,272,tradingview_screener_snapshot:/root/projects/trading-storage/storage/01_source_data/realtime/tradingview_equity_screener/2026-06-13/tradingview_equity_screener.csv,2026-06-13
ETR,Entergy Corporation,Utilities,uncertain_verify_before_use,active,active_current_pool_source_and_optionability_accepted,false,true,,273,tradingview_screener_snapshot:/root/projects/trading-storage/storage/01_source_data/realtime/tradingview_equity_screener/2026-06-13/tradingview_equity_screener.csv,2026-06-13
LNG,"Cheniere Energy, Inc.",Industrial Services,uncertain_verify_before_use,active,active_current_pool_source_and_optionability_accepted,true,true,203,274,tradingview_screener_snapshot:/root/projects/trading-storage/storage/01_source_data/realtime/tradingview_equity_screener/2026-06-13/tradingview_equity_screener.csv,2026-06-13
NDAQ,"Nasdaq, Inc.",Finance,uncertain_verify_before_use,active,active_current_pool_source_and_optionability_accepted,false,true,,275,tradingview_screener_snapshot:/root/projects/trading-storage/storage/01_source_data/realtime/tradingview_equity_screener/2026-06-13/tradingview_equity_screener.csv,2026-06-13
VST,Vistra Corp.,Utilities,uncertain_verify_before_use,active,active_current_pool_source_and_optionability_accepted,true,true,148,276,tradingview_screener_snapshot:/root/projects/trading-storage/storage/01_source_data/realtime/tradingview_equity_screener/2026-06-13/tradingview_equity_screener.csv,2026-06-13
FITB,Fifth Third Bancorp,Finance,uncertain_verify_before_use,active,active_current_pool_source_and_optionability_accepted,true,true,294,277,tradingview_screener_snapshot:/root/projects/trading-storage/storage/01_source_data/realtime/tradingview_equity_screener/2026-06-13/tradingview_equity_screener.csv,2026-06-13
XEL,Xcel Energy Inc.,Utilities,uncertain_verify_before_use,active,active_current_pool_source_and_optionability_accepted,true,true,232,278,tradingview_screener_snapshot:/root/projects/trading-storage/storage/01_source_data/realtime/tradingview_equity_screener/2026-06-13/tradingview_equity_screener.csv,2026-06-13
EW,Edwards Lifesciences Corporation,Health Technology,uncertain_verify_before_use,active,active_current_pool_source_and_optionability_accepted,true,true,293,279,tradingview_screener_snapshot:/root/projects/trading-storage/storage/01_source_data/realtime/tradingview_equity_screener/2026-06-13/tradingview_equity_screener.csv,2026-06-13
FER,Ferrovial N.V.,Industrial Services,uncertain_verify_before_use,active,active_current_pool_source_and_optionability_accepted,false,true,,280,tradingview_screener_snapshot:/root/projects/trading-storage/storage/01_source_data/realtime/tradingview_equity_screener/2026-06-13/tradingview_equity_screener.csv,2026-06-13
EBAY,eBay Inc.,Retail Trade,uncertain_verify_before_use,active,active_current_pool_source_and_optionability_accepted,false,true,,281,tradingview_screener_snapshot:/root/projects/trading-storage/storage/01_source_data/realtime/tradingview_equity_screener/2026-06-13/tradingview_equity_screener.csv,2026-06-13
MDLN,Medline Inc.,Health Technology,uncertain_verify_before_use,active,active_current_pool_source_and_optionability_accepted,true,true,241,282,tradingview_screener_snapshot:/root/projects/trading-storage/storage/01_source_data/realtime/tradingview_equity_screener/2026-06-13/tradingview_equity_screener.csv,2026-06-13
EXC,Exelon Corporation,Utilities,uncertain_verify_before_use,active,active_current_pool_source_and_optionability_accepted,false,true,,283,tradingview_screener_snapshot:/root/projects/trading-storage/storage/01_source_data/realtime/tradingview_equity_screener/2026-06-13/tradingview_equity_screener.csv,2026-06-13
CBRS,Cerebras Systems Inc.,Technology Services,uncertain_verify_before_use,active,active_current_pool_source_and_optionability_accepted,true,true,98,284,tradingview_screener_snapshot:/root/projects/trading-storage/storage/01_source_data/realtime/tradingview_equity_screener/2026-06-13/tradingview_equity_screener.csv,2026-06-13
STT,State Street Corporation,Finance,uncertain_verify_before_use,active,active_current_pool_source_and_optionability_accepted,false,true,,285,tradingview_screener_snapshot:/root/projects/trading-storage/storage/01_source_data/realtime/tradingview_equity_screener/2026-06-13/tradingview_equity_screener.csv,2026-06-13
CRDO,Credo Technology Group Holding Ltd,Technology Services,uncertain_verify_before_use,active,active_current_pool_source_and_optionability_accepted,true,true,44,286,tradingview_screener_snapshot:/root/projects/trading-storage/storage/01_source_data/realtime/tradingview_equity_screener/2026-06-13/tradingview_equity_screener.csv,2026-06-13
GRMN,Garmin Ltd.,Electronic Technology,uncertain_verify_before_use,active,active_current_pool_source_and_optionability_accepted,false,true,,287,tradingview_screener_snapshot:/root/projects/trading-storage/storage/01_source_data/realtime/tradingview_equity_screener/2026-06-13/tradingview_equity_screener.csv,2026-06-13
ON,ON Semiconductor Corporation,Electronic Technology,uncertain_verify_before_use,active,active_current_pool_source_and_optionability_accepted,true,true,121,288,tradingview_screener_snapshot:/root/projects/trading-storage/storage/01_source_data/realtime/tradingview_equity_screener/2026-06-13/tradingview_equity_screener.csv,2026-06-13
HUM,Humana Inc.,Health Services,uncertain_verify_before_use,active,active_current_pool_source_and_optionability_accepted,true,true,299,289,tradingview_screener_snapshot:/root/projects/trading-storage/storage/01_source_data/realtime/tradingview_equity_screener/2026-06-13/tradingview_equity_screener.csv,2026-06-13
CLS,"Celestica, Inc.",Electronic Technology,uncertain_verify_before_use,active,active_current_pool_source_and_optionability_accepted,true,true,239,290,tradingview_screener_snapshot:/root/projects/trading-storage/storage/01_source_data/realtime/tradingview_equity_screener/2026-06-13/tradingview_equity_screener.csv,2026-06-13
WAB,Westinghouse Air Brake Technologies Corporation,Producer Manufacturing,uncertain_verify_before_use,active,active_current_pool_source_and_optionability_accepted,false,true,,291,tradingview_screener_snapshot:/root/projects/trading-storage/storage/01_source_data/realtime/tradingview_equity_screener/2026-06-13/tradingview_equity_screener.csv,2026-06-13
GFS,GlobalFoundries Inc.,Electronic Technology,uncertain_verify_before_use,active,active_current_pool_source_and_optionability_accepted,false,true,,292,tradingview_screener_snapshot:/root/projects/trading-storage/storage/01_source_data/realtime/tradingview_equity_screener/2026-06-13/tradingview_equity_screener.csv,2026-06-13
FERG,Ferguson Enterprises Inc.,Distribution Services,uncertain_verify_before_use,active,active_current_pool_source_and_optionability_accepted,false,true,,293,tradingview_screener_snapshot:/root/projects/trading-storage/storage/01_source_data/realtime/tradingview_equity_screener/2026-06-13/tradingview_equity_screener.csv,2026-06-13
IDXX,"IDEXX Laboratories, Inc.",Health Technology,uncertain_verify_before_use,active,active_current_pool_source_and_optionability_accepted,false,true,,294,tradingview_screener_snapshot:/root/projects/trading-storage/storage/01_source_data/realtime/tradingview_equity_screener/2026-06-13/tradingview_equity_screener.csv,2026-06-13
CCEP,Coca-Cola Europacific Partners plc,Consumer Non-Durables,uncertain_verify_before_use,active,active_current_pool_source_and_optionability_accepted,false,true,,295,tradingview_screener_snapshot:/root/projects/trading-storage/storage/01_source_data/realtime/tradingview_equity_screener/2026-06-13/tradingview_equity_screener.csv,2026-06-13
CCJ,Cameco Corporation,Non-Energy Minerals,uncertain_verify_before_use,active,active_current_pool_source_and_optionability_accepted,false,true,,296,tradingview_screener_snapshot:/root/projects/trading-storage/storage/01_source_data/realtime/tradingview_equity_screener/2026-06-13/tradingview_equity_screener.csv,2026-06-13
DHI,"D.R. Horton, Inc.",Consumer Durables,uncertain_verify_before_use,active,active_current_pool_source_and_optionability_accepted,true,true,300,297,tradingview_screener_snapshot:/root/projects/trading-storage/storage/01_source_data/realtime/tradingview_equity_screener/2026-06-13/tradingview_equity_screener.csv,2026-06-13
MSTR,Strategy Inc,Technology Services,uncertain_verify_before_use,active,active_current_pool_source_and_optionability_accepted,true,true,52,298,tradingview_screener_snapshot:/root/projects/trading-storage/storage/01_source_data/realtime/tradingview_equity_screener/2026-06-13/tradingview_equity_screener.csv,2026-06-13
KDP,Keurig Dr Pepper Inc.,Consumer Non-Durables,uncertain_verify_before_use,active,active_current_pool_source_and_optionability_accepted,true,true,269,299,tradingview_screener_snapshot:/root/projects/trading-storage/storage/01_source_data/realtime/tradingview_equity_screener/2026-06-13/tradingview_equity_screener.csv,2026-06-13
COIN,"Coinbase Global, Inc.",Finance,uncertain_verify_before_use,active,active_current_pool_source_and_optionability_accepted,true,true,92,300,tradingview_screener_snapshot:/root/projects/trading-storage/storage/01_source_data/realtime/tradingview_equity_screener/2026-06-13/tradingview_equity_screener.csv,2026-06-13
INHD,Inno Holdings Inc.,Producer Manufacturing,uncertain_verify_before_use,active,active_current_pool_source_and_optionability_accepted,true,false,12,,tradingview_screener_snapshot:/root/projects/trading-storage/storage/01_source_data/realtime/tradingview_equity_screener/2026-06-13/tradingview_equity_screener.csv,2026-06-13
SATS,EchoStar Corporation,Communications,uncertain_verify_before_use,active,active_current_pool_source_and_optionability_accepted,true,false,18,,tradingview_screener_snapshot:/root/projects/trading-storage/storage/01_source_data/realtime/tradingview_equity_screener/2026-06-13/tradingview_equity_screener.csv,2026-06-13
ASTS,"AST SpaceMobile, Inc.",Communications,uncertain_verify_before_use,active,active_current_pool_source_and_optionability_accepted,true,false,22,,tradingview_screener_snapshot:/root/projects/trading-storage/storage/01_source_data/realtime/tradingview_equity_screener/2026-06-13/tradingview_equity_screener.csv,2026-06-13
IREN,IREN Limited,Technology Services,uncertain_verify_before_use,active,active_current_pool_source_and_optionability_accepted,true,false,34,,tradingview_screener_snapshot:/root/projects/trading-storage/storage/01_source_data/realtime/tradingview_equity_screener/2026-06-13/tradingview_equity_screener.csv,2026-06-13
SMCI,"Super Micro Computer, Inc.",Electronic Technology,uncertain_verify_before_use,active,active_current_pool_source_and_optionability_accepted,true,false,38,,tradingview_screener_snapshot:/root/projects/trading-storage/storage/01_source_data/realtime/tradingview_equity_screener/2026-06-13/tradingview_equity_screener.csv,2026-06-13
AAL,"American Airlines Group, Inc.",Transportation,uncertain_verify_before_use,active,active_current_pool_source_and_optionability_accepted,true,false,43,,tradingview_screener_snapshot:/root/projects/trading-storage/storage/01_source_data/realtime/tradingview_equity_screener/2026-06-13/tradingview_equity_screener.csv,2026-06-13
ROKU,"Roku, Inc.",Technology Services,uncertain_verify_before_use,active,active_current_pool_source_and_optionability_accepted,true,false,49,,tradingview_screener_snapshot:/root/projects/trading-storage/storage/01_source_data/realtime/tradingview_equity_screener/2026-06-13/tradingview_equity_screener.csv,2026-06-13
AAOI,"Applied Optoelectronics, Inc.",Electronic Technology,uncertain_verify_before_use,active,active_current_pool_source_and_optionability_accepted,true,false,51,,tradingview_screener_snapshot:/root/projects/trading-storage/storage/01_source_data/realtime/tradingview_equity_screener/2026-06-13/tradingview_equity_screener.csv,2026-06-13
IONQ,"IonQ, Inc.",Electronic Technology,uncertain_verify_before_use,active,active_current_pool_source_and_optionability_accepted,true,false,73,,tradingview_screener_snapshot:/root/projects/trading-storage/storage/01_source_data/realtime/tradingview_equity_screener/2026-06-13/tradingview_equity_screener.csv,2026-06-13
ADSK,"Autodesk, Inc.",Technology Services,uncertain_verify_before_use,active,active_current_pool_source_and_optionability_accepted,true,false,89,,tradingview_screener_snapshot:/root/projects/trading-storage/storage/01_source_data/realtime/tradingview_equity_screener/2026-06-13/tradingview_equity_screener.csv,2026-06-13
AXTI,AXT Inc,Electronic Technology,uncertain_verify_before_use,active,active_current_pool_source_and_optionability_accepted,true,false,94,,tradingview_screener_snapshot:/root/projects/trading-storage/storage/01_source_data/realtime/tradingview_equity_screener/2026-06-13/tradingview_equity_screener.csv,2026-06-13
RDW,Redwire Corporation,Electronic Technology,uncertain_verify_before_use,active,active_current_pool_source_and_optionability_accepted,true,false,104,,tradingview_screener_snapshot:/root/projects/trading-storage/storage/01_source_data/realtime/tradingview_equity_screener/2026-06-13/tradingview_equity_screener.csv,2026-06-13
APLD,Applied Digital Corporation,Technology Services,uncertain_verify_before_use,active,active_current_pool_source_and_optionability_accepted,true,false,106,,tradingview_screener_snapshot:/root/projects/trading-storage/storage/01_source_data/realtime/tradingview_equity_screener/2026-06-13/tradingview_equity_screener.csv,2026-06-13
CRCL,"Circle Internet Group, Inc.",Technology Services,uncertain_verify_before_use,active,active_current_pool_source_and_optionability_accepted,true,false,107,,tradingview_screener_snapshot:/root/projects/trading-storage/storage/01_source_data/realtime/tradingview_equity_screener/2026-06-13/tradingview_equity_screener.csv,2026-06-13
RDDT,"Reddit, Inc.",Technology Services,uncertain_verify_before_use,active,active_current_pool_source_and_optionability_accepted,true,false,111,,tradingview_screener_snapshot:/root/projects/trading-storage/storage/01_source_data/realtime/tradingview_equity_screener/2026-06-13/tradingview_equity_screener.csv,2026-06-13
NUVL,"Nuvalent, Inc.",Health Technology,uncertain_verify_before_use,active,active_current_pool_source_and_optionability_accepted,true,false,115,,tradingview_screener_snapshot:/root/projects/trading-storage/storage/01_source_data/realtime/tradingview_equity_screener/2026-06-13/tradingview_equity_screener.csv,2026-06-13
WDAY,"Workday, Inc.",Technology Services,uncertain_verify_before_use,active,active_current_pool_source_and_optionability_accepted,true,false,117,,tradingview_screener_snapshot:/root/projects/trading-storage/storage/01_source_data/realtime/tradingview_equity_screener/2026-06-13/tradingview_equity_screener.csv,2026-06-13
CCL,Carnival Corporation Ltd.,Consumer Services,uncertain_verify_before_use,active,active_current_pool_source_and_optionability_accepted,true,false,120,,tradingview_screener_snapshot:/root/projects/trading-storage/storage/01_source_data/realtime/tradingview_equity_screener/2026-06-13/tradingview_equity_screener.csv,2026-06-13
SOFI,"SoFi Technologies, Inc.",Finance,uncertain_verify_before_use,active,active_current_pool_source_and_optionability_accepted,true,false,125,,tradingview_screener_snapshot:/root/projects/trading-storage/storage/01_source_data/realtime/tradingview_equity_screener/2026-06-13/tradingview_equity_screener.csv,2026-06-13
RGTI,"Rigetti Computing, Inc.",Electronic Technology,uncertain_verify_before_use,active,active_current_pool_source_and_optionability_accepted,true,false,142,,tradingview_screener_snapshot:/root/projects/trading-storage/storage/01_source_data/realtime/tradingview_equity_screener/2026-06-13/tradingview_equity_screener.csv,2026-06-13
NVTS,Navitas Semiconductor Corporation,Electronic Technology,uncertain_verify_before_use,active,active_current_pool_source_and_optionability_accepted,true,false,149,,tradingview_screener_snapshot:/root/projects/trading-storage/storage/01_source_data/realtime/tradingview_equity_screener/2026-06-13/tradingview_equity_screener.csv,2026-06-13
CMG,"Chipotle Mexican Grill, Inc.",Consumer Services,uncertain_verify_before_use,active,active_current_pool_source_and_optionability_accepted,true,false,154,,tradingview_screener_snapshot:/root/projects/trading-storage/storage/01_source_data/realtime/tradingview_equity_screener/2026-06-13/tradingview_equity_screener.csv,2026-06-13
CPNG,"Coupang, Inc.",Retail Trade,uncertain_verify_before_use,active,active_current_pool_source_and_optionability_accepted,true,false,156,,tradingview_screener_snapshot:/root/projects/trading-storage/storage/01_source_data/realtime/tradingview_equity_screener/2026-06-13/tradingview_equity_screener.csv,2026-06-13
QBTS,D-Wave Quantum Inc.,Electronic Technology,uncertain_verify_before_use,active,active_current_pool_source_and_optionability_accepted,true,false,157,,tradingview_screener_snapshot:/root/projects/trading-storage/storage/01_source_data/realtime/tradingview_equity_screener/2026-06-13/tradingview_equity_screener.csv,2026-06-13
CIFR,Cipher Digital Inc.,Technology Services,uncertain_verify_before_use,active,active_current_pool_source_and_optionability_accepted,true,false,162,,tradingview_screener_snapshot:/root/projects/trading-storage/storage/01_source_data/realtime/tradingview_equity_screener/2026-06-13/tradingview_equity_screener.csv,2026-06-13
AMKR,"Amkor Technology, Inc.",Electronic Technology,uncertain_verify_before_use,active,active_current_pool_source_and_optionability_accepted,true,false,165,,tradingview_screener_snapshot:/root/projects/trading-storage/storage/01_source_data/realtime/tradingview_equity_screener/2026-06-13/tradingview_equity_screener.csv,2026-06-13
ZS,"Zscaler, Inc.",Technology Services,uncertain_verify_before_use,active,active_current_pool_source_and_optionability_accepted,true,false,169,,tradingview_screener_snapshot:/root/projects/trading-storage/storage/01_source_data/realtime/tradingview_equity_screener/2026-06-13/tradingview_equity_screener.csv,2026-06-13
PL,Planet Labs PBC,Technology Services,uncertain_verify_before_use,active,active_current_pool_source_and_optionability_accepted,true,false,171,,tradingview_screener_snapshot:/root/projects/trading-storage/storage/01_source_data/realtime/tradingview_equity_screener/2026-06-13/tradingview_equity_screener.csv,2026-06-13
TTD,"The Trade Desk, Inc.",Technology Services,uncertain_verify_before_use,active,active_current_pool_source_and_optionability_accepted,true,false,175,,tradingview_screener_snapshot:/root/projects/trading-storage/storage/01_source_data/realtime/tradingview_equity_screener/2026-06-13/tradingview_equity_screener.csv,2026-06-13
LUNR,"Intuitive Machines, Inc.",Electronic Technology,uncertain_verify_before_use,active,active_current_pool_source_and_optionability_accepted,true,false,177,,tradingview_screener_snapshot:/root/projects/trading-storage/storage/01_source_data/realtime/tradingview_equity_screener/2026-06-13/tradingview_equity_screener.csv,2026-06-13
MARA,"MARA Holdings, Inc.",Technology Services,uncertain_verify_before_use,active,active_current_pool_source_and_optionability_accepted,true,false,181,,tradingview_screener_snapshot:/root/projects/trading-storage/storage/01_source_data/realtime/tradingview_equity_screener/2026-06-13/tradingview_equity_screener.csv,2026-06-13
ONTO,Onto Innovation Inc.,Electronic Technology,uncertain_verify_before_use,active,active_current_pool_source_and_optionability_accepted,true,false,182,,tradingview_screener_snapshot:/root/projects/trading-storage/storage/01_source_data/realtime/tradingview_equity_screener/2026-06-13/tradingview_equity_screener.csv,2026-06-13
SPCE,"Virgin Galactic Holdings, Inc.",Electronic Technology,uncertain_verify_before_use,active,active_current_pool_source_and_optionability_accepted,true,false,184,,tradingview_screener_snapshot:/root/projects/trading-storage/storage/01_source_data/realtime/tradingview_equity_screener/2026-06-13/tradingview_equity_screener.csv,2026-06-13
LEN,Lennar Corporation,Consumer Durables,uncertain_verify_before_use,active,active_current_pool_source_and_optionability_accepted,true,false,188,,tradingview_screener_snapshot:/root/projects/trading-storage/storage/01_source_data/realtime/tradingview_equity_screener/2026-06-13/tradingview_equity_screener.csv,2026-06-13
WULF,TeraWulf Inc.,Technology Services,uncertain_verify_before_use,active,active_current_pool_source_and_optionability_accepted,true,false,190,,tradingview_screener_snapshot:/root/projects/trading-storage/storage/01_source_data/realtime/tradingview_equity_screener/2026-06-13/tradingview_equity_screener.csv,2026-06-13
ALB,Albemarle Corporation,Process Industries,uncertain_verify_before_use,active,active_current_pool_source_and_optionability_accepted,true,false,193,,tradingview_screener_snapshot:/root/projects/trading-storage/storage/01_source_data/realtime/tradingview_equity_screener/2026-06-13/tradingview_equity_screener.csv,2026-06-13
ATI,ATI Inc.,Non-Energy Minerals,uncertain_verify_before_use,active,active_current_pool_source_and_optionability_accepted,true,false,195,,tradingview_screener_snapshot:/root/projects/trading-storage/storage/01_source_data/realtime/tradingview_equity_screener/2026-06-13/tradingview_equity_screener.csv,2026-06-13
DOW,Dow Inc.,Process Industries,uncertain_verify_before_use,active,active_current_pool_source_and_optionability_accepted,true,false,200,,tradingview_screener_snapshot:/root/projects/trading-storage/storage/01_source_data/realtime/tradingview_equity_screener/2026-06-13/tradingview_equity_screener.csv,2026-06-13
RIVN,"Rivian Automotive, Inc.",Consumer Durables,uncertain_verify_before_use,active,active_current_pool_source_and_optionability_accepted,true,false,204,,tradingview_screener_snapshot:/root/projects/trading-storage/storage/01_source_data/realtime/tradingview_equity_screener/2026-06-13/tradingview_equity_screener.csv,2026-06-13
CDE,"Coeur Mining, Inc.",Non-Energy Minerals,uncertain_verify_before_use,active,active_current_pool_source_and_optionability_accepted,true,false,210,,tradingview_screener_snapshot:/root/projects/trading-storage/storage/01_source_data/realtime/tradingview_equity_screener/2026-06-13/tradingview_equity_screener.csv,2026-06-13
ZTS,Zoetis Inc.,Health Technology,uncertain_verify_before_use,active,active_current_pool_source_and_optionability_accepted,true,false,211,,tradingview_screener_snapshot:/root/projects/trading-storage/storage/01_source_data/realtime/tradingview_equity_screener/2026-06-13/tradingview_equity_screener.csv,2026-06-13
ONDS,Ondas Inc,Electronic Technology,uncertain_verify_before_use,active,active_current_pool_source_and_optionability_accepted,true,false,213,,tradingview_screener_snapshot:/root/projects/trading-storage/storage/01_source_data/realtime/tradingview_equity_screener/2026-06-13/tradingview_equity_screener.csv,2026-06-13
PYPL,"PayPal Holdings, Inc.",Commercial Services,uncertain_verify_before_use,active,active_current_pool_source_and_optionability_accepted,true,false,215,,tradingview_screener_snapshot:/root/projects/trading-storage/storage/01_source_data/realtime/tradingview_equity_screener/2026-06-13/tradingview_equity_screener.csv,2026-06-13
HIMS,"Hims & Hers Health, Inc.",Health Services,uncertain_verify_before_use,active,active_current_pool_source_and_optionability_accepted,true,false,216,,tradingview_screener_snapshot:/root/projects/trading-storage/storage/01_source_data/realtime/tradingview_equity_screener/2026-06-13/tradingview_equity_screener.csv,2026-06-13
FDS,FactSet Research Systems Inc.,Commercial Services,uncertain_verify_before_use,active,active_current_pool_source_and_optionability_accepted,true,false,220,,tradingview_screener_snapshot:/root/projects/trading-storage/storage/01_source_data/realtime/tradingview_equity_screener/2026-06-13/tradingview_equity_screener.csv,2026-06-13
CHTR,"Charter Communications, Inc.",Consumer Services,uncertain_verify_before_use,active,active_current_pool_source_and_optionability_accepted,true,false,224,,tradingview_screener_snapshot:/root/projects/trading-storage/storage/01_source_data/realtime/tradingview_equity_screener/2026-06-13/tradingview_equity_screener.csv,2026-06-13
FSLR,"First Solar, Inc.",Electronic Technology,uncertain_verify_before_use,active,active_current_pool_source_and_optionability_accepted,true,false,228,,tradingview_screener_snapshot:/root/projects/trading-storage/storage/01_source_data/realtime/tradingview_equity_screener/2026-06-13/tradingview_equity_screener.csv,2026-06-13
OKLO,Oklo Inc.,Producer Manufacturing,uncertain_verify_before_use,active,active_current_pool_source_and_optionability_accepted,true,false,233,,tradingview_screener_snapshot:/root/projects/trading-storage/storage/01_source_data/realtime/tradingview_equity_screener/2026-06-13/tradingview_equity_screener.csv,2026-06-13
FLY,Firefly Aerospace Inc.,Electronic Technology,uncertain_verify_before_use,active,active_current_pool_source_and_optionability_accepted,true,false,234,,tradingview_screener_snapshot:/root/projects/trading-storage/storage/01_source_data/realtime/tradingview_equity_screener/2026-06-13/tradingview_equity_screener.csv,2026-06-13
HBAN,Huntington Bancshares Incorporated,Finance,uncertain_verify_before_use,active,active_current_pool_source_and_optionability_accepted,true,false,237,,tradingview_screener_snapshot:/root/projects/trading-storage/storage/01_source_data/realtime/tradingview_equity_screener/2026-06-13/tradingview_equity_screener.csv,2026-06-13
VSH,"Vishay Intertechnology, Inc.",Electronic Technology,uncertain_verify_before_use,active,active_current_pool_source_and_optionability_accepted,true,false,238,,tradingview_screener_snapshot:/root/projects/trading-storage/storage/01_source_data/realtime/tradingview_equity_screener/2026-06-13/tradingview_equity_screener.csv,2026-06-13
RBLX,Roblox Corporation,Technology Services,uncertain_verify_before_use,active,active_current_pool_source_and_optionability_accepted,true,false,242,,tradingview_screener_snapshot:/root/projects/trading-storage/storage/01_source_data/realtime/tradingview_equity_screener/2026-06-13/tradingview_equity_screener.csv,2026-06-13
INSM,Insmed Incorporated,Health Technology,uncertain_verify_before_use,active,active_current_pool_source_and_optionability_accepted,true,false,249,,tradingview_screener_snapshot:/root/projects/trading-storage/storage/01_source_data/realtime/tradingview_equity_screener/2026-06-13/tradingview_equity_screener.csv,2026-06-13
PTC,PTC Inc.,Technology Services,uncertain_verify_before_use,active,active_current_pool_source_and_optionability_accepted,true,false,252,,tradingview_screener_snapshot:/root/projects/trading-storage/storage/01_source_data/realtime/tradingview_equity_screener/2026-06-13/tradingview_equity_screener.csv,2026-06-13
CASY,"Caseys General Stores, Inc.",Retail Trade,uncertain_verify_before_use,active,active_current_pool_source_and_optionability_accepted,true,false,253,,tradingview_screener_snapshot:/root/projects/trading-storage/storage/01_source_data/realtime/tradingview_equity_screener/2026-06-13/tradingview_equity_screener.csv,2026-06-13
CRS,Carpenter Technology Corporation,Non-Energy Minerals,uncertain_verify_before_use,active,active_current_pool_source_and_optionability_accepted,true,false,255,,tradingview_screener_snapshot:/root/projects/trading-storage/storage/01_source_data/realtime/tradingview_equity_screener/2026-06-13/tradingview_equity_screener.csv,2026-06-13
FIG,FIGMA INC,Technology Services,uncertain_verify_before_use,active,active_current_pool_source_and_optionability_accepted,true,false,257,,tradingview_screener_snapshot:/root/projects/trading-storage/storage/01_source_data/realtime/tradingview_equity_screener/2026-06-13/tradingview_equity_screener.csv,2026-06-13
TEAM,Atlassian Corporation,Technology Services,uncertain_verify_before_use,active,active_current_pool_source_and_optionability_accepted,true,false,258,,tradingview_screener_snapshot:/root/projects/trading-storage/storage/01_source_data/realtime/tradingview_equity_screener/2026-06-13/tradingview_equity_screener.csv,2026-06-13
MTSI,"MACOM Technology Solutions Holdings, Inc.",Electronic Technology,uncertain_verify_before_use,active,active_current_pool_source_and_optionability_accepted,true,false,259,,tradingview_screener_snapshot:/root/projects/trading-storage/storage/01_source_data/realtime/tradingview_equity_screener/2026-06-13/tradingview_equity_screener.csv,2026-06-13
PATH,"UiPath, Inc.",Technology Services,uncertain_verify_before_use,active,active_current_pool_source_and_optionability_accepted,true,false,261,,tradingview_screener_snapshot:/root/projects/trading-storage/storage/01_source_data/realtime/tradingview_equity_screener/2026-06-13/tradingview_equity_screener.csv,2026-06-13
POET,POET Technologies Inc.,Producer Manufacturing,uncertain_verify_before_use,active,active_current_pool_source_and_optionability_accepted,true,false,265,,tradingview_screener_snapshot:/root/projects/trading-storage/storage/01_source_data/realtime/tradingview_equity_screener/2026-06-13/tradingview_equity_screener.csv,2026-06-13
HAL,Halliburton Company,Industrial Services,uncertain_verify_before_use,active,active_current_pool_source_and_optionability_accepted,true,false,266,,tradingview_screener_snapshot:/root/projects/trading-storage/storage/01_source_data/realtime/tradingview_equity_screener/2026-06-13/tradingview_equity_screener.csv,2026-06-13
DKNG,DraftKings Inc.,Consumer Services,uncertain_verify_before_use,active,active_current_pool_source_and_optionability_accepted,true,false,267,,tradingview_screener_snapshot:/root/projects/trading-storage/storage/01_source_data/realtime/tradingview_equity_screener/2026-06-13/tradingview_equity_screener.csv,2026-06-13
DOCN,"DigitalOcean Holdings, Inc.",Technology Services,uncertain_verify_before_use,active,active_current_pool_source_and_optionability_accepted,true,false,272,,tradingview_screener_snapshot:/root/projects/trading-storage/storage/01_source_data/realtime/tradingview_equity_screener/2026-06-13/tradingview_equity_screener.csv,2026-06-13
STRL,"Sterling Infrastructure, Inc.",Industrial Services,uncertain_verify_before_use,active,active_current_pool_source_and_optionability_accepted,true,false,273,,tradingview_screener_snapshot:/root/projects/trading-storage/storage/01_source_data/realtime/tradingview_equity_screener/2026-06-13/tradingview_equity_screener.csv,2026-06-13
CCI,Crown Castle Inc.,Finance,uncertain_verify_before_use,active,active_current_pool_source_and_optionability_accepted,true,false,276,,tradingview_screener_snapshot:/root/projects/trading-storage/storage/01_source_data/realtime/tradingview_equity_screener/2026-06-13/tradingview_equity_screener.csv,2026-06-13
BMNR,"BitMine Immersion Technologies, Inc.",Finance,uncertain_verify_before_use,active,active_current_pool_source_and_optionability_accepted,true,false,278,,tradingview_screener_snapshot:/root/projects/trading-storage/storage/01_source_data/realtime/tradingview_equity_screener/2026-06-13/tradingview_equity_screener.csv,2026-06-13
VRSK,"Verisk Analytics, Inc.",Technology Services,uncertain_verify_before_use,active,active_current_pool_source_and_optionability_accepted,true,false,279,,tradingview_screener_snapshot:/root/projects/trading-storage/storage/01_source_data/realtime/tradingview_equity_screener/2026-06-13/tradingview_equity_screener.csv,2026-06-13
ALNY,"Alnylam Pharmaceuticals, Inc.",Health Technology,uncertain_verify_before_use,active,active_current_pool_source_and_optionability_accepted,true,false,281,,tradingview_screener_snapshot:/root/projects/trading-storage/storage/01_source_data/realtime/tradingview_equity_screener/2026-06-13/tradingview_equity_screener.csv,2026-06-13
FN,Fabrinet,Electronic Technology,uncertain_verify_before_use,active,active_current_pool_source_and_optionability_accepted,true,false,282,,tradingview_screener_snapshot:/root/projects/trading-storage/storage/01_source_data/realtime/tradingview_equity_screener/2026-06-13/tradingview_equity_screener.csv,2026-06-13
XPO,"XPO, Inc.",Transportation,uncertain_verify_before_use,active,active_current_pool_source_and_optionability_accepted,true,false,283,,tradingview_screener_snapshot:/root/projects/trading-storage/storage/01_source_data/realtime/tradingview_equity_screener/2026-06-13/tradingview_equity_screener.csv,2026-06-13
EFX,"Equifax, Inc.",Commercial Services,uncertain_verify_before_use,active,active_current_pool_source_and_optionability_accepted,true,false,287,,tradingview_screener_snapshot:/root/projects/trading-storage/storage/01_source_data/realtime/tradingview_equity_screener/2026-06-13/tradingview_equity_screener.csv,2026-06-13
TKO,"TKO Group Holdings, Inc.",Consumer Services,uncertain_verify_before_use,active,active_current_pool_source_and_optionability_accepted,true,false,295,,tradingview_screener_snapshot:/root/projects/trading-storage/storage/01_source_data/realtime/tradingview_equity_screener/2026-06-13/tradingview_equity_screener.csv,2026-06-13
TMHC,Taylor Morrison Home Corporation,Consumer Durables,uncertain_verify_before_use,active,active_current_pool_source_and_optionability_accepted,true,false,296,,tradingview_screener_snapshot:/root/projects/trading-storage/storage/01_source_data/realtime/tradingview_equity_screener/2026-06-13/tradingview_equity_screener.csv,2026-06-13
