symbol,name,sector,optionable_underlying_status,replay_candidate_status,replay_candidate_reason,source_pool_as_of_date,in_recent_week_volume_top300,in_market_cap_top300,volume_rank,market_cap_rank,source_refs,freeze_as_of_date,universe_policy_ref
NVDA,NVIDIA Corporation,Electronic Technology,uncertain_verify_before_use,active,active_fixed_current_realtime_pool_snapshot,2026-06-04,true,true,8,1,tradingview_screener_snapshot:/root/projects/trading-storage/storage/01_source_data/realtime/tradingview_equity_screener/2026-06-04/tradingview_equity_screener.csv,2026-06-04,fixed_current_realtime_pool_snapshot_for_historical_replay
AAPL,Apple Inc.,Electronic Technology,uncertain_verify_before_use,active,active_fixed_current_realtime_pool_snapshot,2026-06-04,true,true,43,2,tradingview_screener_snapshot:/root/projects/trading-storage/storage/01_source_data/realtime/tradingview_equity_screener/2026-06-04/tradingview_equity_screener.csv,2026-06-04,fixed_current_realtime_pool_snapshot_for_historical_replay
GOOGL,Alphabet Inc.,Technology Services,uncertain_verify_before_use,active,active_fixed_current_realtime_pool_snapshot,2026-06-04,true,true,33,3,tradingview_screener_snapshot:/root/projects/trading-storage/storage/01_source_data/realtime/tradingview_equity_screener/2026-06-04/tradingview_equity_screener.csv,2026-06-04,fixed_current_realtime_pool_snapshot_for_historical_replay
GOOG,Alphabet Inc.,Technology Services,uncertain_verify_before_use,active,active_fixed_current_realtime_pool_snapshot,2026-06-04,true,true,51,4,tradingview_screener_snapshot:/root/projects/trading-storage/storage/01_source_data/realtime/tradingview_equity_screener/2026-06-04/tradingview_equity_screener.csv,2026-06-04,fixed_current_realtime_pool_snapshot_for_historical_replay
MSFT,Microsoft Corporation,Technology Services,uncertain_verify_before_use,active,active_fixed_current_realtime_pool_snapshot,2026-06-04,true,true,60,5,tradingview_screener_snapshot:/root/projects/trading-storage/storage/01_source_data/realtime/tradingview_equity_screener/2026-06-04/tradingview_equity_screener.csv,2026-06-04,fixed_current_realtime_pool_snapshot_for_historical_replay
AMZN,"Amazon.com, Inc.",Retail Trade,uncertain_verify_before_use,active,active_fixed_current_realtime_pool_snapshot,2026-06-04,true,true,41,6,tradingview_screener_snapshot:/root/projects/trading-storage/storage/01_source_data/realtime/tradingview_equity_screener/2026-06-04/tradingview_equity_screener.csv,2026-06-04,fixed_current_realtime_pool_snapshot_for_historical_replay
AVGO,Broadcom Inc.,Electronic Technology,uncertain_verify_before_use,active,active_fixed_current_realtime_pool_snapshot,2026-06-04,true,true,45,7,tradingview_screener_snapshot:/root/projects/trading-storage/storage/01_source_data/realtime/tradingview_equity_screener/2026-06-04/tradingview_equity_screener.csv,2026-06-04,fixed_current_realtime_pool_snapshot_for_historical_replay
TSLA,"Tesla, Inc.",Consumer Durables,uncertain_verify_before_use,active,active_fixed_current_realtime_pool_snapshot,2026-06-04,true,true,49,8,tradingview_screener_snapshot:/root/projects/trading-storage/storage/01_source_data/realtime/tradingview_equity_screener/2026-06-04/tradingview_equity_screener.csv,2026-06-04,fixed_current_realtime_pool_snapshot_for_historical_replay
META,"Meta Platforms, Inc.",Technology Services,uncertain_verify_before_use,active,active_fixed_current_realtime_pool_snapshot,2026-06-04,true,true,111,9,tradingview_screener_snapshot:/root/projects/trading-storage/storage/01_source_data/realtime/tradingview_equity_screener/2026-06-04/tradingview_equity_screener.csv,2026-06-04,fixed_current_realtime_pool_snapshot_for_historical_replay
MU,"Micron Technology, Inc.",Electronic Technology,uncertain_verify_before_use,active,active_fixed_current_realtime_pool_snapshot,2026-06-04,true,true,58,10,tradingview_screener_snapshot:/root/projects/trading-storage/storage/01_source_data/realtime/tradingview_equity_screener/2026-06-04/tradingview_equity_screener.csv,2026-06-04,fixed_current_realtime_pool_snapshot_for_historical_replay
BRK.A,Berkshire Hathaway Inc.,Finance,uncertain_verify_before_use,active,active_fixed_current_realtime_pool_snapshot,2026-06-04,false,true,,11,tradingview_screener_snapshot:/root/projects/trading-storage/storage/01_source_data/realtime/tradingview_equity_screener/2026-06-04/tradingview_equity_screener.csv,2026-06-04,fixed_current_realtime_pool_snapshot_for_historical_replay
BRK.B,Berkshire Hathaway Inc. New,Finance,uncertain_verify_before_use,active,active_fixed_current_realtime_pool_snapshot,2026-06-04,false,true,,12,tradingview_screener_snapshot:/root/projects/trading-storage/storage/01_source_data/realtime/tradingview_equity_screener/2026-06-04/tradingview_equity_screener.csv,2026-06-04,fixed_current_realtime_pool_snapshot_for_historical_replay
LLY,Eli Lilly and Company,Health Technology,uncertain_verify_before_use,active,active_fixed_current_realtime_pool_snapshot,2026-06-04,false,true,,13,tradingview_screener_snapshot:/root/projects/trading-storage/storage/01_source_data/realtime/tradingview_equity_screener/2026-06-04/tradingview_equity_screener.csv,2026-06-04,fixed_current_realtime_pool_snapshot_for_historical_replay
WMT,Walmart Inc.,Retail Trade,uncertain_verify_before_use,active,active_fixed_current_realtime_pool_snapshot,2026-06-04,true,true,77,14,tradingview_screener_snapshot:/root/projects/trading-storage/storage/01_source_data/realtime/tradingview_equity_screener/2026-06-04/tradingview_equity_screener.csv,2026-06-04,fixed_current_realtime_pool_snapshot_for_historical_replay
AMD,"Advanced Micro Devices, Inc.",Electronic Technology,uncertain_verify_before_use,active,active_fixed_current_realtime_pool_snapshot,2026-06-04,true,true,87,15,tradingview_screener_snapshot:/root/projects/trading-storage/storage/01_source_data/realtime/tradingview_equity_screener/2026-06-04/tradingview_equity_screener.csv,2026-06-04,fixed_current_realtime_pool_snapshot_for_historical_replay
JPM,JP Morgan Chase & Co.,Finance,uncertain_verify_before_use,active,active_fixed_current_realtime_pool_snapshot,2026-06-04,false,true,,16,tradingview_screener_snapshot:/root/projects/trading-storage/storage/01_source_data/realtime/tradingview_equity_screener/2026-06-04/tradingview_equity_screener.csv,2026-06-04,fixed_current_realtime_pool_snapshot_for_historical_replay
ORCL,Oracle Corporation,Technology Services,uncertain_verify_before_use,active,active_fixed_current_realtime_pool_snapshot,2026-06-04,true,true,110,17,tradingview_screener_snapshot:/root/projects/trading-storage/storage/01_source_data/realtime/tradingview_equity_screener/2026-06-04/tradingview_equity_screener.csv,2026-06-04,fixed_current_realtime_pool_snapshot_for_historical_replay
XOM,Exxon Mobil Corporation,Energy Minerals,uncertain_verify_before_use,active,active_fixed_current_realtime_pool_snapshot,2026-06-04,true,true,178,18,tradingview_screener_snapshot:/root/projects/trading-storage/storage/01_source_data/realtime/tradingview_equity_screener/2026-06-04/tradingview_equity_screener.csv,2026-06-04,fixed_current_realtime_pool_snapshot_for_historical_replay
V,Visa Inc.,Finance,uncertain_verify_before_use,active,active_fixed_current_realtime_pool_snapshot,2026-06-04,true,true,277,19,tradingview_screener_snapshot:/root/projects/trading-storage/storage/01_source_data/realtime/tradingview_equity_screener/2026-06-04/tradingview_equity_screener.csv,2026-06-04,fixed_current_realtime_pool_snapshot_for_historical_replay
INTC,Intel Corporation,Electronic Technology,uncertain_verify_before_use,active,active_fixed_current_realtime_pool_snapshot,2026-06-04,true,true,9,20,tradingview_screener_snapshot:/root/projects/trading-storage/storage/01_source_data/realtime/tradingview_equity_screener/2026-06-04/tradingview_equity_screener.csv,2026-06-04,fixed_current_realtime_pool_snapshot_for_historical_replay
JNJ,Johnson & Johnson,Health Technology,uncertain_verify_before_use,active,active_fixed_current_realtime_pool_snapshot,2026-06-04,false,true,,21,tradingview_screener_snapshot:/root/projects/trading-storage/storage/01_source_data/realtime/tradingview_equity_screener/2026-06-04/tradingview_equity_screener.csv,2026-06-04,fixed_current_realtime_pool_snapshot_for_historical_replay
CSCO,"Cisco Systems, Inc.",Electronic Technology,uncertain_verify_before_use,active,active_fixed_current_realtime_pool_snapshot,2026-06-04,true,true,86,22,tradingview_screener_snapshot:/root/projects/trading-storage/storage/01_source_data/realtime/tradingview_equity_screener/2026-06-04/tradingview_equity_screener.csv,2026-06-04,fixed_current_realtime_pool_snapshot_for_historical_replay
LRCX,Lam Research Corporation,Producer Manufacturing,uncertain_verify_before_use,active,active_fixed_current_realtime_pool_snapshot,2026-06-04,true,true,288,23,tradingview_screener_snapshot:/root/projects/trading-storage/storage/01_source_data/realtime/tradingview_equity_screener/2026-06-04/tradingview_equity_screener.csv,2026-06-04,fixed_current_realtime_pool_snapshot_for_historical_replay
COST,Costco Wholesale Corporation,Retail Trade,uncertain_verify_before_use,active,active_fixed_current_realtime_pool_snapshot,2026-06-04,false,true,,24,tradingview_screener_snapshot:/root/projects/trading-storage/storage/01_source_data/realtime/tradingview_equity_screener/2026-06-04/tradingview_equity_screener.csv,2026-06-04,fixed_current_realtime_pool_snapshot_for_historical_replay
CAT,"Caterpillar, Inc.",Producer Manufacturing,uncertain_verify_before_use,active,active_fixed_current_realtime_pool_snapshot,2026-06-04,false,true,,25,tradingview_screener_snapshot:/root/projects/trading-storage/storage/01_source_data/realtime/tradingview_equity_screener/2026-06-04/tradingview_equity_screener.csv,2026-06-04,fixed_current_realtime_pool_snapshot_for_historical_replay
MA,Mastercard Incorporated,Finance,uncertain_verify_before_use,active,active_fixed_current_realtime_pool_snapshot,2026-06-04,false,true,,26,tradingview_screener_snapshot:/root/projects/trading-storage/storage/01_source_data/realtime/tradingview_equity_screener/2026-06-04/tradingview_equity_screener.csv,2026-06-04,fixed_current_realtime_pool_snapshot_for_historical_replay
AMAT,"Applied Materials, Inc.",Producer Manufacturing,uncertain_verify_before_use,active,active_fixed_current_realtime_pool_snapshot,2026-06-04,true,true,279,27,tradingview_screener_snapshot:/root/projects/trading-storage/storage/01_source_data/realtime/tradingview_equity_screener/2026-06-04/tradingview_equity_screener.csv,2026-06-04,fixed_current_realtime_pool_snapshot_for_historical_replay
ABBV,AbbVie Inc.,Health Technology,uncertain_verify_before_use,active,active_fixed_current_realtime_pool_snapshot,2026-06-04,false,true,,28,tradingview_screener_snapshot:/root/projects/trading-storage/storage/01_source_data/realtime/tradingview_equity_screener/2026-06-04/tradingview_equity_screener.csv,2026-06-04,fixed_current_realtime_pool_snapshot_for_historical_replay
CVX,Chevron Corporation,Energy Minerals,uncertain_verify_before_use,active,active_fixed_current_realtime_pool_snapshot,2026-06-04,false,true,,29,tradingview_screener_snapshot:/root/projects/trading-storage/storage/01_source_data/realtime/tradingview_equity_screener/2026-06-04/tradingview_equity_screener.csv,2026-06-04,fixed_current_realtime_pool_snapshot_for_historical_replay
BAC,Bank of America Corporation,Finance,uncertain_verify_before_use,active,active_fixed_current_realtime_pool_snapshot,2026-06-04,true,true,46,30,tradingview_screener_snapshot:/root/projects/trading-storage/storage/01_source_data/realtime/tradingview_equity_screener/2026-06-04/tradingview_equity_screener.csv,2026-06-04,fixed_current_realtime_pool_snapshot_for_historical_replay
NFLX,"Netflix, Inc.",Technology Services,uncertain_verify_before_use,active,active_fixed_current_realtime_pool_snapshot,2026-06-04,true,true,68,31,tradingview_screener_snapshot:/root/projects/trading-storage/storage/01_source_data/realtime/tradingview_equity_screener/2026-06-04/tradingview_equity_screener.csv,2026-06-04,fixed_current_realtime_pool_snapshot_for_historical_replay
PLTR,Palantir Technologies Inc.,Technology Services,uncertain_verify_before_use,active,active_fixed_current_realtime_pool_snapshot,2026-06-04,true,true,56,32,tradingview_screener_snapshot:/root/projects/trading-storage/storage/01_source_data/realtime/tradingview_equity_screener/2026-06-04/tradingview_equity_screener.csv,2026-06-04,fixed_current_realtime_pool_snapshot_for_historical_replay
KO,Coca-Cola Company (The),Consumer Non-Durables,uncertain_verify_before_use,active,active_fixed_current_realtime_pool_snapshot,2026-06-04,true,true,172,33,tradingview_screener_snapshot:/root/projects/trading-storage/storage/01_source_data/realtime/tradingview_equity_screener/2026-06-04/tradingview_equity_screener.csv,2026-06-04,fixed_current_realtime_pool_snapshot_for_historical_replay
MS,Morgan Stanley,Finance,uncertain_verify_before_use,active,active_fixed_current_realtime_pool_snapshot,2026-06-04,false,true,,34,tradingview_screener_snapshot:/root/projects/trading-storage/storage/01_source_data/realtime/tradingview_equity_screener/2026-06-04/tradingview_equity_screener.csv,2026-06-04,fixed_current_realtime_pool_snapshot_for_historical_replay
GE,GE Aerospace,Electronic Technology,uncertain_verify_before_use,active,active_fixed_current_realtime_pool_snapshot,2026-06-04,false,true,,35,tradingview_screener_snapshot:/root/projects/trading-storage/storage/01_source_data/realtime/tradingview_equity_screener/2026-06-04/tradingview_equity_screener.csv,2026-06-04,fixed_current_realtime_pool_snapshot_for_historical_replay
PG,Procter & Gamble Company (The),Consumer Non-Durables,uncertain_verify_before_use,active,active_fixed_current_realtime_pool_snapshot,2026-06-04,true,true,265,36,tradingview_screener_snapshot:/root/projects/trading-storage/storage/01_source_data/realtime/tradingview_equity_screener/2026-06-04/tradingview_equity_screener.csv,2026-06-04,fixed_current_realtime_pool_snapshot_for_historical_replay
HD,"Home Depot, Inc. (The)",Retail Trade,uncertain_verify_before_use,active,active_fixed_current_realtime_pool_snapshot,2026-06-04,false,true,,37,tradingview_screener_snapshot:/root/projects/trading-storage/storage/01_source_data/realtime/tradingview_equity_screener/2026-06-04/tradingview_equity_screener.csv,2026-06-04,fixed_current_realtime_pool_snapshot_for_historical_replay
GS,"Goldman Sachs Group, Inc. (The)",Finance,uncertain_verify_before_use,active,active_fixed_current_realtime_pool_snapshot,2026-06-04,false,true,,38,tradingview_screener_snapshot:/root/projects/trading-storage/storage/01_source_data/realtime/tradingview_equity_screener/2026-06-04/tradingview_equity_screener.csv,2026-06-04,fixed_current_realtime_pool_snapshot_for_historical_replay
IBM,International Business Machines Corporation,Technology Services,uncertain_verify_before_use,active,active_fixed_current_realtime_pool_snapshot,2026-06-04,true,true,185,39,tradingview_screener_snapshot:/root/projects/trading-storage/storage/01_source_data/realtime/tradingview_equity_screener/2026-06-04/tradingview_equity_screener.csv,2026-06-04,fixed_current_realtime_pool_snapshot_for_historical_replay
MRK,"Merck & Company, Inc.",Health Technology,uncertain_verify_before_use,active,active_fixed_current_realtime_pool_snapshot,2026-06-04,false,true,,40,tradingview_screener_snapshot:/root/projects/trading-storage/storage/01_source_data/realtime/tradingview_equity_screener/2026-06-04/tradingview_equity_screener.csv,2026-06-04,fixed_current_realtime_pool_snapshot_for_historical_replay
TXN,Texas Instruments Incorporated,Electronic Technology,uncertain_verify_before_use,active,active_fixed_current_realtime_pool_snapshot,2026-06-04,false,true,,41,tradingview_screener_snapshot:/root/projects/trading-storage/storage/01_source_data/realtime/tradingview_equity_screener/2026-06-04/tradingview_equity_screener.csv,2026-06-04,fixed_current_realtime_pool_snapshot_for_historical_replay
KLAC,KLA Corporation,Electronic Technology,uncertain_verify_before_use,active,active_fixed_current_realtime_pool_snapshot,2026-06-04,false,true,,42,tradingview_screener_snapshot:/root/projects/trading-storage/storage/01_source_data/realtime/tradingview_equity_screener/2026-06-04/tradingview_equity_screener.csv,2026-06-04,fixed_current_realtime_pool_snapshot_for_historical_replay
DELL,Dell Technologies Inc.,Electronic Technology,uncertain_verify_before_use,active,active_fixed_current_realtime_pool_snapshot,2026-06-04,true,true,179,43,tradingview_screener_snapshot:/root/projects/trading-storage/storage/01_source_data/realtime/tradingview_equity_screener/2026-06-04/tradingview_equity_screener.csv,2026-06-04,fixed_current_realtime_pool_snapshot_for_historical_replay
PM,Philip Morris International Inc,Consumer Non-Durables,uncertain_verify_before_use,active,active_fixed_current_realtime_pool_snapshot,2026-06-04,false,true,,44,tradingview_screener_snapshot:/root/projects/trading-storage/storage/01_source_data/realtime/tradingview_equity_screener/2026-06-04/tradingview_equity_screener.csv,2026-06-04,fixed_current_realtime_pool_snapshot_for_historical_replay
AZN,AstraZeneca PLC,Health Technology,uncertain_verify_before_use,active,active_fixed_current_realtime_pool_snapshot,2026-06-04,false,true,,45,tradingview_screener_snapshot:/root/projects/trading-storage/storage/01_source_data/realtime/tradingview_equity_screener/2026-06-04/tradingview_equity_screener.csv,2026-06-04,fixed_current_realtime_pool_snapshot_for_historical_replay
SNDK,Sandisk Corporation,Electronic Technology,uncertain_verify_before_use,active,active_fixed_current_realtime_pool_snapshot,2026-06-04,true,true,211,46,tradingview_screener_snapshot:/root/projects/trading-storage/storage/01_source_data/realtime/tradingview_equity_screener/2026-06-04/tradingview_equity_screener.csv,2026-06-04,fixed_current_realtime_pool_snapshot_for_historical_replay
RY,Royal Bank Of Canada,Finance,uncertain_verify_before_use,active,active_fixed_current_realtime_pool_snapshot,2026-06-04,false,true,,47,tradingview_screener_snapshot:/root/projects/trading-storage/storage/01_source_data/realtime/tradingview_equity_screener/2026-06-04/tradingview_equity_screener.csv,2026-06-04,fixed_current_realtime_pool_snapshot_for_historical_replay
MRVL,"Marvell Technology, Inc.",Electronic Technology,uncertain_verify_before_use,active,active_fixed_current_realtime_pool_snapshot,2026-06-04,true,true,10,48,tradingview_screener_snapshot:/root/projects/trading-storage/storage/01_source_data/realtime/tradingview_equity_screener/2026-06-04/tradingview_equity_screener.csv,2026-06-04,fixed_current_realtime_pool_snapshot_for_historical_replay
QCOM,QUALCOMM Incorporated,Electronic Technology,uncertain_verify_before_use,active,active_fixed_current_realtime_pool_snapshot,2026-06-04,true,true,135,49,tradingview_screener_snapshot:/root/projects/trading-storage/storage/01_source_data/realtime/tradingview_equity_screener/2026-06-04/tradingview_equity_screener.csv,2026-06-04,fixed_current_realtime_pool_snapshot_for_historical_replay
GEV,GE Vernova Inc.,Producer Manufacturing,uncertain_verify_before_use,active,active_fixed_current_realtime_pool_snapshot,2026-06-04,false,true,,50,tradingview_screener_snapshot:/root/projects/trading-storage/storage/01_source_data/realtime/tradingview_equity_screener/2026-06-04/tradingview_equity_screener.csv,2026-06-04,fixed_current_realtime_pool_snapshot_for_historical_replay
WFC,Wells Fargo & Company,Finance,uncertain_verify_before_use,active,active_fixed_current_realtime_pool_snapshot,2026-06-04,true,true,169,51,tradingview_screener_snapshot:/root/projects/trading-storage/storage/01_source_data/realtime/tradingview_equity_screener/2026-06-04/tradingview_equity_screener.csv,2026-06-04,fixed_current_realtime_pool_snapshot_for_historical_replay
LIN,Linde plc,Process Industries,uncertain_verify_before_use,active,active_fixed_current_realtime_pool_snapshot,2026-06-04,false,true,,52,tradingview_screener_snapshot:/root/projects/trading-storage/storage/01_source_data/realtime/tradingview_equity_screener/2026-06-04/tradingview_equity_screener.csv,2026-06-04,fixed_current_realtime_pool_snapshot_for_historical_replay
RTX,RTX Corporation,Electronic Technology,uncertain_verify_before_use,active,active_fixed_current_realtime_pool_snapshot,2026-06-04,false,true,,53,tradingview_screener_snapshot:/root/projects/trading-storage/storage/01_source_data/realtime/tradingview_equity_screener/2026-06-04/tradingview_equity_screener.csv,2026-06-04,fixed_current_realtime_pool_snapshot_for_historical_replay
PANW,"Palo Alto Networks, Inc.",Technology Services,uncertain_verify_before_use,active,active_fixed_current_realtime_pool_snapshot,2026-06-04,true,true,175,54,tradingview_screener_snapshot:/root/projects/trading-storage/storage/01_source_data/realtime/tradingview_equity_screener/2026-06-04/tradingview_equity_screener.csv,2026-06-04,fixed_current_realtime_pool_snapshot_for_historical_replay
C,"Citigroup, Inc.",Finance,uncertain_verify_before_use,active,active_fixed_current_realtime_pool_snapshot,2026-06-04,true,true,229,55,tradingview_screener_snapshot:/root/projects/trading-storage/storage/01_source_data/realtime/tradingview_equity_screener/2026-06-04/tradingview_equity_screener.csv,2026-06-04,fixed_current_realtime_pool_snapshot_for_historical_replay
ANET,"Arista Networks, Inc.",Electronic Technology,uncertain_verify_before_use,active,active_fixed_current_realtime_pool_snapshot,2026-06-04,false,true,,56,tradingview_screener_snapshot:/root/projects/trading-storage/storage/01_source_data/realtime/tradingview_equity_screener/2026-06-04/tradingview_equity_screener.csv,2026-06-04,fixed_current_realtime_pool_snapshot_for_historical_replay
ADI,"Analog Devices, Inc.",Electronic Technology,uncertain_verify_before_use,active,active_fixed_current_realtime_pool_snapshot,2026-06-04,false,true,,57,tradingview_screener_snapshot:/root/projects/trading-storage/storage/01_source_data/realtime/tradingview_equity_screener/2026-06-04/tradingview_equity_screener.csv,2026-06-04,fixed_current_realtime_pool_snapshot_for_historical_replay
STX,Seagate Technology Holdings PLC,Electronic Technology,uncertain_verify_before_use,active,active_fixed_current_realtime_pool_snapshot,2026-06-04,false,true,,58,tradingview_screener_snapshot:/root/projects/trading-storage/storage/01_source_data/realtime/tradingview_equity_screener/2026-06-04/tradingview_equity_screener.csv,2026-06-04,fixed_current_realtime_pool_snapshot_for_historical_replay
AXP,American Express Company,Finance,uncertain_verify_before_use,active,active_fixed_current_realtime_pool_snapshot,2026-06-04,false,true,,59,tradingview_screener_snapshot:/root/projects/trading-storage/storage/01_source_data/realtime/tradingview_equity_screener/2026-06-04/tradingview_equity_screener.csv,2026-06-04,fixed_current_realtime_pool_snapshot_for_historical_replay
WDC,Western Digital Corporation,Electronic Technology,uncertain_verify_before_use,active,active_fixed_current_realtime_pool_snapshot,2026-06-04,false,true,,60,tradingview_screener_snapshot:/root/projects/trading-storage/storage/01_source_data/realtime/tradingview_equity_screener/2026-06-04/tradingview_equity_screener.csv,2026-06-04,fixed_current_realtime_pool_snapshot_for_historical_replay
TTE,TotalEnergies SE,Energy Minerals,uncertain_verify_before_use,active,active_fixed_current_realtime_pool_snapshot,2026-06-04,false,true,,61,tradingview_screener_snapshot:/root/projects/trading-storage/storage/01_source_data/realtime/tradingview_equity_screener/2026-06-04/tradingview_equity_screener.csv,2026-06-04,fixed_current_realtime_pool_snapshot_for_historical_replay
TMUS,"T-Mobile US, Inc.",Communications,uncertain_verify_before_use,active,active_fixed_current_realtime_pool_snapshot,2026-06-04,false,true,,62,tradingview_screener_snapshot:/root/projects/trading-storage/storage/01_source_data/realtime/tradingview_equity_screener/2026-06-04/tradingview_equity_screener.csv,2026-06-04,fixed_current_realtime_pool_snapshot_for_historical_replay
PEP,"PepsiCo, Inc.",Consumer Non-Durables,uncertain_verify_before_use,active,active_fixed_current_realtime_pool_snapshot,2026-06-04,false,true,,63,tradingview_screener_snapshot:/root/projects/trading-storage/storage/01_source_data/realtime/tradingview_equity_screener/2026-06-04/tradingview_equity_screener.csv,2026-06-04,fixed_current_realtime_pool_snapshot_for_historical_replay
VZ,Verizon Communications Inc.,Communications,uncertain_verify_before_use,active,active_fixed_current_realtime_pool_snapshot,2026-06-04,true,true,91,64,tradingview_screener_snapshot:/root/projects/trading-storage/storage/01_source_data/realtime/tradingview_equity_screener/2026-06-04/tradingview_equity_screener.csv,2026-06-04,fixed_current_realtime_pool_snapshot_for_historical_replay
MCD,McDonald's Corporation,Consumer Services,uncertain_verify_before_use,active,active_fixed_current_realtime_pool_snapshot,2026-06-04,false,true,,65,tradingview_screener_snapshot:/root/projects/trading-storage/storage/01_source_data/realtime/tradingview_equity_screener/2026-06-04/tradingview_equity_screener.csv,2026-06-04,fixed_current_realtime_pool_snapshot_for_historical_replay
APP,Applovin Corporation,Technology Services,uncertain_verify_before_use,active,active_fixed_current_realtime_pool_snapshot,2026-06-04,false,true,,66,tradingview_screener_snapshot:/root/projects/trading-storage/storage/01_source_data/realtime/tradingview_equity_screener/2026-06-04/tradingview_equity_screener.csv,2026-06-04,fixed_current_realtime_pool_snapshot_for_historical_replay
CRWD,"CrowdStrike Holdings, Inc.",Technology Services,uncertain_verify_before_use,active,active_fixed_current_realtime_pool_snapshot,2026-06-04,false,true,,67,tradingview_screener_snapshot:/root/projects/trading-storage/storage/01_source_data/realtime/tradingview_equity_screener/2026-06-04/tradingview_equity_screener.csv,2026-06-04,fixed_current_realtime_pool_snapshot_for_historical_replay
TD,Toronto Dominion Bank (The),Finance,uncertain_verify_before_use,active,active_fixed_current_realtime_pool_snapshot,2026-06-04,false,true,,68,tradingview_screener_snapshot:/root/projects/trading-storage/storage/01_source_data/realtime/tradingview_equity_screener/2026-06-04/tradingview_equity_screener.csv,2026-06-04,fixed_current_realtime_pool_snapshot_for_historical_replay
AMGN,Amgen Inc.,Health Technology,uncertain_verify_before_use,active,active_fixed_current_realtime_pool_snapshot,2026-06-04,false,true,,69,tradingview_screener_snapshot:/root/projects/trading-storage/storage/01_source_data/realtime/tradingview_equity_screener/2026-06-04/tradingview_equity_screener.csv,2026-06-04,fixed_current_realtime_pool_snapshot_for_historical_replay
APH,Amphenol Corporation,Electronic Technology,uncertain_verify_before_use,active,active_fixed_current_realtime_pool_snapshot,2026-06-04,true,true,291,70,tradingview_screener_snapshot:/root/projects/trading-storage/storage/01_source_data/realtime/tradingview_equity_screener/2026-06-04/tradingview_equity_screener.csv,2026-06-04,fixed_current_realtime_pool_snapshot_for_historical_replay
NEE,"NextEra Energy, Inc.",Utilities,uncertain_verify_before_use,active,active_fixed_current_realtime_pool_snapshot,2026-06-04,true,true,210,71,tradingview_screener_snapshot:/root/projects/trading-storage/storage/01_source_data/realtime/tradingview_equity_screener/2026-06-04/tradingview_equity_screener.csv,2026-06-04,fixed_current_realtime_pool_snapshot_for_historical_replay
TMO,Thermo Fisher Scientific Inc,Health Technology,uncertain_verify_before_use,active,active_fixed_current_realtime_pool_snapshot,2026-06-04,false,true,,72,tradingview_screener_snapshot:/root/projects/trading-storage/storage/01_source_data/realtime/tradingview_equity_screener/2026-06-04/tradingview_equity_screener.csv,2026-06-04,fixed_current_realtime_pool_snapshot_for_historical_replay
TJX,"TJX Companies, Inc. (The)",Retail Trade,uncertain_verify_before_use,active,active_fixed_current_realtime_pool_snapshot,2026-06-04,false,true,,73,tradingview_screener_snapshot:/root/projects/trading-storage/storage/01_source_data/realtime/tradingview_equity_screener/2026-06-04/tradingview_equity_screener.csv,2026-06-04,fixed_current_realtime_pool_snapshot_for_historical_replay
GLW,Corning Incorporated,Electronic Technology,uncertain_verify_before_use,active,active_fixed_current_realtime_pool_snapshot,2026-06-04,true,true,204,74,tradingview_screener_snapshot:/root/projects/trading-storage/storage/01_source_data/realtime/tradingview_equity_screener/2026-06-04/tradingview_equity_screener.csv,2026-06-04,fixed_current_realtime_pool_snapshot_for_historical_replay
DIS,Walt Disney Company (The),Consumer Services,uncertain_verify_before_use,active,active_fixed_current_realtime_pool_snapshot,2026-06-04,false,true,,75,tradingview_screener_snapshot:/root/projects/trading-storage/storage/01_source_data/realtime/tradingview_equity_screener/2026-06-04/tradingview_equity_screener.csv,2026-06-04,fixed_current_realtime_pool_snapshot_for_historical_replay
BA,Boeing Company (The),Electronic Technology,uncertain_verify_before_use,active,active_fixed_current_realtime_pool_snapshot,2026-06-04,true,true,271,76,tradingview_screener_snapshot:/root/projects/trading-storage/storage/01_source_data/realtime/tradingview_equity_screener/2026-06-04/tradingview_equity_screener.csv,2026-06-04,fixed_current_realtime_pool_snapshot_for_historical_replay
SCCO,Southern Copper Corporation,Non-Energy Minerals,uncertain_verify_before_use,active,active_fixed_current_realtime_pool_snapshot,2026-06-04,false,true,,77,tradingview_screener_snapshot:/root/projects/trading-storage/storage/01_source_data/realtime/tradingview_equity_screener/2026-06-04/tradingview_equity_screener.csv,2026-06-04,fixed_current_realtime_pool_snapshot_for_historical_replay
T,AT&T Inc.,Communications,uncertain_verify_before_use,active,active_fixed_current_realtime_pool_snapshot,2026-06-04,true,true,38,78,tradingview_screener_snapshot:/root/projects/trading-storage/storage/01_source_data/realtime/tradingview_equity_screener/2026-06-04/tradingview_equity_screener.csv,2026-06-04,fixed_current_realtime_pool_snapshot_for_historical_replay
ETN,"Eaton Corporation, PLC",Producer Manufacturing,uncertain_verify_before_use,active,active_fixed_current_realtime_pool_snapshot,2026-06-04,false,true,,79,tradingview_screener_snapshot:/root/projects/trading-storage/storage/01_source_data/realtime/tradingview_equity_screener/2026-06-04/tradingview_equity_screener.csv,2026-06-04,fixed_current_realtime_pool_snapshot_for_historical_replay
BLK,"BlackRock, Inc.",Finance,uncertain_verify_before_use,active,active_fixed_current_realtime_pool_snapshot,2026-06-04,false,true,,80,tradingview_screener_snapshot:/root/projects/trading-storage/storage/01_source_data/realtime/tradingview_equity_screener/2026-06-04/tradingview_equity_screener.csv,2026-06-04,fixed_current_realtime_pool_snapshot_for_historical_replay
GILD,"Gilead Sciences, Inc.",Health Technology,uncertain_verify_before_use,active,active_fixed_current_realtime_pool_snapshot,2026-06-04,false,true,,81,tradingview_screener_snapshot:/root/projects/trading-storage/storage/01_source_data/realtime/tradingview_equity_screener/2026-06-04/tradingview_equity_screener.csv,2026-06-04,fixed_current_realtime_pool_snapshot_for_historical_replay
DE,Deere & Company,Producer Manufacturing,uncertain_verify_before_use,active,active_fixed_current_realtime_pool_snapshot,2026-06-04,false,true,,82,tradingview_screener_snapshot:/root/projects/trading-storage/storage/01_source_data/realtime/tradingview_equity_screener/2026-06-04/tradingview_equity_screener.csv,2026-06-04,fixed_current_realtime_pool_snapshot_for_historical_replay
CRM,"Salesforce, Inc.",Technology Services,uncertain_verify_before_use,active,active_fixed_current_realtime_pool_snapshot,2026-06-04,true,true,181,83,tradingview_screener_snapshot:/root/projects/trading-storage/storage/01_source_data/realtime/tradingview_equity_screener/2026-06-04/tradingview_equity_screener.csv,2026-06-04,fixed_current_realtime_pool_snapshot_for_historical_replay
UNP,Union Pacific Corporation,Transportation,uncertain_verify_before_use,active,active_fixed_current_realtime_pool_snapshot,2026-06-04,false,true,,84,tradingview_screener_snapshot:/root/projects/trading-storage/storage/01_source_data/realtime/tradingview_equity_screener/2026-06-04/tradingview_equity_screener.csv,2026-06-04,fixed_current_realtime_pool_snapshot_for_historical_replay
ABT,Abbott Laboratories,Health Technology,uncertain_verify_before_use,active,active_fixed_current_realtime_pool_snapshot,2026-06-04,true,true,241,85,tradingview_screener_snapshot:/root/projects/trading-storage/storage/01_source_data/realtime/tradingview_equity_screener/2026-06-04/tradingview_equity_screener.csv,2026-06-04,fixed_current_realtime_pool_snapshot_for_historical_replay
SCHW,Charles Schwab Corporation (The),Finance,uncertain_verify_before_use,active,active_fixed_current_realtime_pool_snapshot,2026-06-04,true,true,224,86,tradingview_screener_snapshot:/root/projects/trading-storage/storage/01_source_data/realtime/tradingview_equity_screener/2026-06-04/tradingview_equity_screener.csv,2026-06-04,fixed_current_realtime_pool_snapshot_for_historical_replay
IBKR,"Interactive Brokers Group, Inc.",Finance,uncertain_verify_before_use,active,active_fixed_current_realtime_pool_snapshot,2026-06-04,false,true,,87,tradingview_screener_snapshot:/root/projects/trading-storage/storage/01_source_data/realtime/tradingview_equity_screener/2026-06-04/tradingview_equity_screener.csv,2026-06-04,fixed_current_realtime_pool_snapshot_for_historical_replay
SHOP,Shopify Inc.,Commercial Services,uncertain_verify_before_use,active,active_fixed_current_realtime_pool_snapshot,2026-06-04,false,true,,88,tradingview_screener_snapshot:/root/projects/trading-storage/storage/01_source_data/realtime/tradingview_equity_screener/2026-06-04/tradingview_equity_screener.csv,2026-06-04,fixed_current_realtime_pool_snapshot_for_historical_replay
UBER,"Uber Technologies, Inc.",Transportation,uncertain_verify_before_use,active,active_fixed_current_realtime_pool_snapshot,2026-06-04,true,true,153,89,tradingview_screener_snapshot:/root/projects/trading-storage/storage/01_source_data/realtime/tradingview_equity_screener/2026-06-04/tradingview_equity_screener.csv,2026-06-04,fixed_current_realtime_pool_snapshot_for_historical_replay
COP,ConocoPhillips,Energy Minerals,uncertain_verify_before_use,active,active_fixed_current_realtime_pool_snapshot,2026-06-04,false,true,,90,tradingview_screener_snapshot:/root/projects/trading-storage/storage/01_source_data/realtime/tradingview_equity_screener/2026-06-04/tradingview_equity_screener.csv,2026-06-04,fixed_current_realtime_pool_snapshot_for_historical_replay
PFE,"Pfizer, Inc.",Health Technology,uncertain_verify_before_use,active,active_fixed_current_realtime_pool_snapshot,2026-06-04,true,true,81,91,tradingview_screener_snapshot:/root/projects/trading-storage/storage/01_source_data/realtime/tradingview_equity_screener/2026-06-04/tradingview_equity_screener.csv,2026-06-04,fixed_current_realtime_pool_snapshot_for_historical_replay
ISRG,"Intuitive Surgical, Inc.",Health Technology,uncertain_verify_before_use,active,active_fixed_current_realtime_pool_snapshot,2026-06-04,false,true,,92,tradingview_screener_snapshot:/root/projects/trading-storage/storage/01_source_data/realtime/tradingview_equity_screener/2026-06-04/tradingview_equity_screener.csv,2026-06-04,fixed_current_realtime_pool_snapshot_for_historical_replay
UBS,UBS Group AG Registered,Finance,uncertain_verify_before_use,active,active_fixed_current_realtime_pool_snapshot,2026-06-04,false,true,,93,tradingview_screener_snapshot:/root/projects/trading-storage/storage/01_source_data/realtime/tradingview_equity_screener/2026-06-04/tradingview_equity_screener.csv,2026-06-04,fixed_current_realtime_pool_snapshot_for_historical_replay
HON,Honeywell International Inc.,Electronic Technology,uncertain_verify_before_use,active,active_fixed_current_realtime_pool_snapshot,2026-06-04,false,true,,94,tradingview_screener_snapshot:/root/projects/trading-storage/storage/01_source_data/realtime/tradingview_equity_screener/2026-06-04/tradingview_equity_screener.csv,2026-06-04,fixed_current_realtime_pool_snapshot_for_historical_replay
WELL,Welltower Inc.,Finance,uncertain_verify_before_use,active,active_fixed_current_realtime_pool_snapshot,2026-06-04,false,true,,95,tradingview_screener_snapshot:/root/projects/trading-storage/storage/01_source_data/realtime/tradingview_equity_screener/2026-06-04/tradingview_equity_screener.csv,2026-06-04,fixed_current_realtime_pool_snapshot_for_historical_replay
PLD,"Prologis, Inc.",Finance,uncertain_verify_before_use,active,active_fixed_current_realtime_pool_snapshot,2026-06-04,false,true,,96,tradingview_screener_snapshot:/root/projects/trading-storage/storage/01_source_data/realtime/tradingview_equity_screener/2026-06-04/tradingview_equity_screener.csv,2026-06-04,fixed_current_realtime_pool_snapshot_for_historical_replay
BX,Blackstone Inc.,Finance,uncertain_verify_before_use,active,active_fixed_current_realtime_pool_snapshot,2026-06-04,false,true,,97,tradingview_screener_snapshot:/root/projects/trading-storage/storage/01_source_data/realtime/tradingview_equity_screener/2026-06-04/tradingview_equity_screener.csv,2026-06-04,fixed_current_realtime_pool_snapshot_for_historical_replay
BKNG,Booking Holdings Inc. Common Stock,Consumer Services,uncertain_verify_before_use,active,active_fixed_current_realtime_pool_snapshot,2026-06-04,false,true,,98,tradingview_screener_snapshot:/root/projects/trading-storage/storage/01_source_data/realtime/tradingview_equity_screener/2026-06-04/tradingview_equity_screener.csv,2026-06-04,fixed_current_realtime_pool_snapshot_for_historical_replay
VRT,"Vertiv Holdings, LLC",Electronic Technology,uncertain_verify_before_use,active,active_fixed_current_realtime_pool_snapshot,2026-06-04,false,true,,99,tradingview_screener_snapshot:/root/projects/trading-storage/storage/01_source_data/realtime/tradingview_equity_screener/2026-06-04/tradingview_equity_screener.csv,2026-06-04,fixed_current_realtime_pool_snapshot_for_historical_replay
DHR,Danaher Corporation,Health Technology,uncertain_verify_before_use,active,active_fixed_current_realtime_pool_snapshot,2026-06-04,false,true,,100,tradingview_screener_snapshot:/root/projects/trading-storage/storage/01_source_data/realtime/tradingview_equity_screener/2026-06-04/tradingview_equity_screener.csv,2026-06-04,fixed_current_realtime_pool_snapshot_for_historical_replay
SPGI,S&P Global Inc.,Commercial Services,uncertain_verify_before_use,active,active_fixed_current_realtime_pool_snapshot,2026-06-04,false,true,,101,tradingview_screener_snapshot:/root/projects/trading-storage/storage/01_source_data/realtime/tradingview_equity_screener/2026-06-04/tradingview_equity_screener.csv,2026-06-04,fixed_current_realtime_pool_snapshot_for_historical_replay
ENB,Enbridge Inc,Industrial Services,uncertain_verify_before_use,active,active_fixed_current_realtime_pool_snapshot,2026-06-04,false,true,,102,tradingview_screener_snapshot:/root/projects/trading-storage/storage/01_source_data/realtime/tradingview_equity_screener/2026-06-04/tradingview_equity_screener.csv,2026-06-04,fixed_current_realtime_pool_snapshot_for_historical_replay
NOW,"ServiceNow, Inc.",Technology Services,uncertain_verify_before_use,active,active_fixed_current_realtime_pool_snapshot,2026-06-04,true,true,72,103,tradingview_screener_snapshot:/root/projects/trading-storage/storage/01_source_data/realtime/tradingview_equity_screener/2026-06-04/tradingview_equity_screener.csv,2026-06-04,fixed_current_realtime_pool_snapshot_for_historical_replay
CB,Chubb Limited,Finance,uncertain_verify_before_use,active,active_fixed_current_realtime_pool_snapshot,2026-06-04,false,true,,104,tradingview_screener_snapshot:/root/projects/trading-storage/storage/01_source_data/realtime/tradingview_equity_screener/2026-06-04/tradingview_equity_screener.csv,2026-06-04,fixed_current_realtime_pool_snapshot_for_historical_replay
LMT,Lockheed Martin Corporation,Electronic Technology,uncertain_verify_before_use,active,active_fixed_current_realtime_pool_snapshot,2026-06-04,false,true,,105,tradingview_screener_snapshot:/root/projects/trading-storage/storage/01_source_data/realtime/tradingview_equity_screener/2026-06-04/tradingview_equity_screener.csv,2026-06-04,fixed_current_realtime_pool_snapshot_for_historical_replay
MO,"Altria Group, Inc.",Consumer Non-Durables,uncertain_verify_before_use,active,active_fixed_current_realtime_pool_snapshot,2026-06-04,false,true,,106,tradingview_screener_snapshot:/root/projects/trading-storage/storage/01_source_data/realtime/tradingview_equity_screener/2026-06-04/tradingview_equity_screener.csv,2026-06-04,fixed_current_realtime_pool_snapshot_for_historical_replay
CVS,CVS Health Corporation,Retail Trade,uncertain_verify_before_use,active,active_fixed_current_realtime_pool_snapshot,2026-06-04,false,true,,107,tradingview_screener_snapshot:/root/projects/trading-storage/storage/01_source_data/realtime/tradingview_equity_screener/2026-06-04/tradingview_equity_screener.csv,2026-06-04,fixed_current_realtime_pool_snapshot_for_historical_replay
LOW,"Lowe's Companies, Inc.",Retail Trade,uncertain_verify_before_use,active,active_fixed_current_realtime_pool_snapshot,2026-06-04,false,true,,108,tradingview_screener_snapshot:/root/projects/trading-storage/storage/01_source_data/realtime/tradingview_equity_screener/2026-06-04/tradingview_equity_screener.csv,2026-06-04,fixed_current_realtime_pool_snapshot_for_historical_replay
NEM,Newmont Corporation,Non-Energy Minerals,uncertain_verify_before_use,active,active_fixed_current_realtime_pool_snapshot,2026-06-04,false,true,,109,tradingview_screener_snapshot:/root/projects/trading-storage/storage/01_source_data/realtime/tradingview_equity_screener/2026-06-04/tradingview_equity_screener.csv,2026-06-04,fixed_current_realtime_pool_snapshot_for_historical_replay
BMO,Bank Of Montreal,Finance,uncertain_verify_before_use,active,active_fixed_current_realtime_pool_snapshot,2026-06-04,false,true,,110,tradingview_screener_snapshot:/root/projects/trading-storage/storage/01_source_data/realtime/tradingview_equity_screener/2026-06-04/tradingview_equity_screener.csv,2026-06-04,fixed_current_realtime_pool_snapshot_for_historical_replay
SYK,Stryker Corporation,Health Technology,uncertain_verify_before_use,active,active_fixed_current_realtime_pool_snapshot,2026-06-04,false,true,,111,tradingview_screener_snapshot:/root/projects/trading-storage/storage/01_source_data/realtime/tradingview_equity_screener/2026-06-04/tradingview_equity_screener.csv,2026-06-04,fixed_current_realtime_pool_snapshot_for_historical_replay
PGR,Progressive Corporation (The),Finance,uncertain_verify_before_use,active,active_fixed_current_realtime_pool_snapshot,2026-06-04,false,true,,112,tradingview_screener_snapshot:/root/projects/trading-storage/storage/01_source_data/realtime/tradingview_equity_screener/2026-06-04/tradingview_equity_screener.csv,2026-06-04,fixed_current_realtime_pool_snapshot_for_historical_replay
CDNS,"Cadence Design Systems, Inc.",Technology Services,uncertain_verify_before_use,active,active_fixed_current_realtime_pool_snapshot,2026-06-04,false,true,,113,tradingview_screener_snapshot:/root/projects/trading-storage/storage/01_source_data/realtime/tradingview_equity_screener/2026-06-04/tradingview_equity_screener.csv,2026-06-04,fixed_current_realtime_pool_snapshot_for_historical_replay
BMY,Bristol-Myers Squibb Company,Health Technology,uncertain_verify_before_use,active,active_fixed_current_realtime_pool_snapshot,2026-06-04,true,true,217,114,tradingview_screener_snapshot:/root/projects/trading-storage/storage/01_source_data/realtime/tradingview_equity_screener/2026-06-04/tradingview_equity_screener.csv,2026-06-04,fixed_current_realtime_pool_snapshot_for_historical_replay
COF,Capital One Financial Corporation,Finance,uncertain_verify_before_use,active,active_fixed_current_realtime_pool_snapshot,2026-06-04,false,true,,115,tradingview_screener_snapshot:/root/projects/trading-storage/storage/01_source_data/realtime/tradingview_equity_screener/2026-06-04/tradingview_equity_screener.csv,2026-06-04,fixed_current_realtime_pool_snapshot_for_historical_replay
SBUX,Starbucks Corporation,Consumer Services,uncertain_verify_before_use,active,active_fixed_current_realtime_pool_snapshot,2026-06-04,true,true,294,116,tradingview_screener_snapshot:/root/projects/trading-storage/storage/01_source_data/realtime/tradingview_equity_screener/2026-06-04/tradingview_equity_screener.csv,2026-06-04,fixed_current_realtime_pool_snapshot_for_historical_replay
ACN,Accenture plc,Technology Services,uncertain_verify_before_use,active,active_fixed_current_realtime_pool_snapshot,2026-06-04,false,true,,117,tradingview_screener_snapshot:/root/projects/trading-storage/storage/01_source_data/realtime/tradingview_equity_screener/2026-06-04/tradingview_equity_screener.csv,2026-06-04,fixed_current_realtime_pool_snapshot_for_historical_replay
VRTX,Vertex Pharmaceuticals Incorporated,Health Technology,uncertain_verify_before_use,active,active_fixed_current_realtime_pool_snapshot,2026-06-04,false,true,,118,tradingview_screener_snapshot:/root/projects/trading-storage/storage/01_source_data/realtime/tradingview_equity_screener/2026-06-04/tradingview_equity_screener.csv,2026-06-04,fixed_current_realtime_pool_snapshot_for_historical_replay
PWR,"Quanta Services, Inc.",Industrial Services,uncertain_verify_before_use,active,active_fixed_current_realtime_pool_snapshot,2026-06-04,false,true,,119,tradingview_screener_snapshot:/root/projects/trading-storage/storage/01_source_data/realtime/tradingview_equity_screener/2026-06-04/tradingview_equity_screener.csv,2026-06-04,fixed_current_realtime_pool_snapshot_for_historical_replay
FTNT,"Fortinet, Inc.",Technology Services,uncertain_verify_before_use,active,active_fixed_current_realtime_pool_snapshot,2026-06-04,false,true,,120,tradingview_screener_snapshot:/root/projects/trading-storage/storage/01_source_data/realtime/tradingview_equity_screener/2026-06-04/tradingview_equity_screener.csv,2026-06-04,fixed_current_realtime_pool_snapshot_for_historical_replay
PH,Parker-Hannifin Corporation,Producer Manufacturing,uncertain_verify_before_use,active,active_fixed_current_realtime_pool_snapshot,2026-06-04,false,true,,121,tradingview_screener_snapshot:/root/projects/trading-storage/storage/01_source_data/realtime/tradingview_equity_screener/2026-06-04/tradingview_equity_screener.csv,2026-06-04,fixed_current_realtime_pool_snapshot_for_historical_replay
EQIX,"Equinix, Inc.",Finance,uncertain_verify_before_use,active,active_fixed_current_realtime_pool_snapshot,2026-06-04,false,true,,122,tradingview_screener_snapshot:/root/projects/trading-storage/storage/01_source_data/realtime/tradingview_equity_screener/2026-06-04/tradingview_equity_screener.csv,2026-06-04,fixed_current_realtime_pool_snapshot_for_historical_replay
ADBE,Adobe Inc.,Technology Services,uncertain_verify_before_use,active,active_fixed_current_realtime_pool_snapshot,2026-06-04,false,true,,123,tradingview_screener_snapshot:/root/projects/trading-storage/storage/01_source_data/realtime/tradingview_equity_screener/2026-06-04/tradingview_equity_screener.csv,2026-06-04,fixed_current_realtime_pool_snapshot_for_historical_replay
TT,Trane Technologies plc,Producer Manufacturing,uncertain_verify_before_use,active,active_fixed_current_realtime_pool_snapshot,2026-06-04,false,true,,124,tradingview_screener_snapshot:/root/projects/trading-storage/storage/01_source_data/realtime/tradingview_equity_screener/2026-06-04/tradingview_equity_screener.csv,2026-06-04,fixed_current_realtime_pool_snapshot_for_historical_replay
SO,Southern Company (The),Utilities,uncertain_verify_before_use,active,active_fixed_current_realtime_pool_snapshot,2026-06-04,false,true,,125,tradingview_screener_snapshot:/root/projects/trading-storage/storage/01_source_data/realtime/tradingview_equity_screener/2026-06-04/tradingview_equity_screener.csv,2026-06-04,fixed_current_realtime_pool_snapshot_for_historical_replay
FCX,"Freeport-McMoRan, Inc.",Non-Energy Minerals,uncertain_verify_before_use,active,active_fixed_current_realtime_pool_snapshot,2026-06-04,true,true,186,126,tradingview_screener_snapshot:/root/projects/trading-storage/storage/01_source_data/realtime/tradingview_equity_screener/2026-06-04/tradingview_equity_screener.csv,2026-06-04,fixed_current_realtime_pool_snapshot_for_historical_replay
SPOT,Spotify Technology S.A.,Technology Services,uncertain_verify_before_use,active,active_fixed_current_realtime_pool_snapshot,2026-06-04,false,true,,127,tradingview_screener_snapshot:/root/projects/trading-storage/storage/01_source_data/realtime/tradingview_equity_screener/2026-06-04/tradingview_equity_screener.csv,2026-06-04,fixed_current_realtime_pool_snapshot_for_historical_replay
MDT,Medtronic plc.,Health Technology,uncertain_verify_before_use,active,active_fixed_current_realtime_pool_snapshot,2026-06-04,true,true,131,128,tradingview_screener_snapshot:/root/projects/trading-storage/storage/01_source_data/realtime/tradingview_equity_screener/2026-06-04/tradingview_equity_screener.csv,2026-06-04,fixed_current_realtime_pool_snapshot_for_historical_replay
CM,Canadian Imperial Bank of Commerce,Finance,uncertain_verify_before_use,active,active_fixed_current_realtime_pool_snapshot,2026-06-04,false,true,,129,tradingview_screener_snapshot:/root/projects/trading-storage/storage/01_source_data/realtime/tradingview_equity_screener/2026-06-04/tradingview_equity_screener.csv,2026-06-04,fixed_current_realtime_pool_snapshot_for_historical_replay
CNQ,Canadian Natural Resources Limited,Energy Minerals,uncertain_verify_before_use,active,active_fixed_current_realtime_pool_snapshot,2026-06-04,false,true,,130,tradingview_screener_snapshot:/root/projects/trading-storage/storage/01_source_data/realtime/tradingview_equity_screener/2026-06-04/tradingview_equity_screener.csv,2026-06-04,fixed_current_realtime_pool_snapshot_for_historical_replay
HWM,Howmet Aerospace Inc.,Electronic Technology,uncertain_verify_before_use,active,active_fixed_current_realtime_pool_snapshot,2026-06-04,false,true,,131,tradingview_screener_snapshot:/root/projects/trading-storage/storage/01_source_data/realtime/tradingview_equity_screener/2026-06-04/tradingview_equity_screener.csv,2026-06-04,fixed_current_realtime_pool_snapshot_for_historical_replay
MAR,Marriott International,Consumer Services,uncertain_verify_before_use,active,active_fixed_current_realtime_pool_snapshot,2026-06-04,false,true,,132,tradingview_screener_snapshot:/root/projects/trading-storage/storage/01_source_data/realtime/tradingview_equity_screener/2026-06-04/tradingview_equity_screener.csv,2026-06-04,fixed_current_realtime_pool_snapshot_for_historical_replay
BNS,Bank Nova Scotia Halifax Pfd 3,Finance,uncertain_verify_before_use,active,active_fixed_current_realtime_pool_snapshot,2026-06-04,false,true,,133,tradingview_screener_snapshot:/root/projects/trading-storage/storage/01_source_data/realtime/tradingview_equity_screener/2026-06-04/tradingview_equity_screener.csv,2026-06-04,fixed_current_realtime_pool_snapshot_for_historical_replay
BN,Brookfield Corporation,Finance,uncertain_verify_before_use,active,active_fixed_current_realtime_pool_snapshot,2026-06-04,false,true,,134,tradingview_screener_snapshot:/root/projects/trading-storage/storage/01_source_data/realtime/tradingview_equity_screener/2026-06-04/tradingview_equity_screener.csv,2026-06-04,fixed_current_realtime_pool_snapshot_for_historical_replay
CEG,Constellation Energy Corporation,Utilities,uncertain_verify_before_use,active,active_fixed_current_realtime_pool_snapshot,2026-06-04,false,true,,135,tradingview_screener_snapshot:/root/projects/trading-storage/storage/01_source_data/realtime/tradingview_equity_screener/2026-06-04/tradingview_equity_screener.csv,2026-06-04,fixed_current_realtime_pool_snapshot_for_historical_replay
BNY,The Bank of New York Mellon Corporation,Finance,uncertain_verify_before_use,active,active_fixed_current_realtime_pool_snapshot,2026-06-04,false,true,,136,tradingview_screener_snapshot:/root/projects/trading-storage/storage/01_source_data/realtime/tradingview_equity_screener/2026-06-04/tradingview_equity_screener.csv,2026-06-04,fixed_current_realtime_pool_snapshot_for_historical_replay
SNPS,"Synopsys, Inc.",Technology Services,uncertain_verify_before_use,active,active_fixed_current_realtime_pool_snapshot,2026-06-04,false,true,,137,tradingview_screener_snapshot:/root/projects/trading-storage/storage/01_source_data/realtime/tradingview_equity_screener/2026-06-04/tradingview_equity_screener.csv,2026-06-04,fixed_current_realtime_pool_snapshot_for_historical_replay
DUK,Duke Energy Corporation (Holding Company),Utilities,uncertain_verify_before_use,active,active_fixed_current_realtime_pool_snapshot,2026-06-04,false,true,,138,tradingview_screener_snapshot:/root/projects/trading-storage/storage/01_source_data/realtime/tradingview_equity_screener/2026-06-04/tradingview_equity_screener.csv,2026-06-04,fixed_current_realtime_pool_snapshot_for_historical_replay
CMI,Cummins Inc.,Producer Manufacturing,uncertain_verify_before_use,active,active_fixed_current_realtime_pool_snapshot,2026-06-04,false,true,,139,tradingview_screener_snapshot:/root/projects/trading-storage/storage/01_source_data/realtime/tradingview_equity_screener/2026-06-04/tradingview_equity_screener.csv,2026-06-04,fixed_current_realtime_pool_snapshot_for_historical_replay
NET,"Cloudflare, Inc.",Technology Services,uncertain_verify_before_use,active,active_fixed_current_realtime_pool_snapshot,2026-06-04,false,true,,140,tradingview_screener_snapshot:/root/projects/trading-storage/storage/01_source_data/realtime/tradingview_equity_screener/2026-06-04/tradingview_equity_screener.csv,2026-06-04,fixed_current_realtime_pool_snapshot_for_historical_replay
CME,CME Group Inc.,Finance,uncertain_verify_before_use,active,active_fixed_current_realtime_pool_snapshot,2026-06-04,false,true,,141,tradingview_screener_snapshot:/root/projects/trading-storage/storage/01_source_data/realtime/tradingview_equity_screener/2026-06-04/tradingview_equity_screener.csv,2026-06-04,fixed_current_realtime_pool_snapshot_for_historical_replay
GD,General Dynamics Corporation,Electronic Technology,uncertain_verify_before_use,active,active_fixed_current_realtime_pool_snapshot,2026-06-04,false,true,,142,tradingview_screener_snapshot:/root/projects/trading-storage/storage/01_source_data/realtime/tradingview_equity_screener/2026-06-04/tradingview_equity_screener.csv,2026-06-04,fixed_current_realtime_pool_snapshot_for_historical_replay
ADP,"Automatic Data Processing, Inc.",Technology Services,uncertain_verify_before_use,active,active_fixed_current_realtime_pool_snapshot,2026-06-04,false,true,,143,tradingview_screener_snapshot:/root/projects/trading-storage/storage/01_source_data/realtime/tradingview_equity_screener/2026-06-04/tradingview_equity_screener.csv,2026-06-04,fixed_current_realtime_pool_snapshot_for_historical_replay
JCI,Johnson Controls International plc,Producer Manufacturing,uncertain_verify_before_use,active,active_fixed_current_realtime_pool_snapshot,2026-06-04,false,true,,144,tradingview_screener_snapshot:/root/projects/trading-storage/storage/01_source_data/realtime/tradingview_equity_screener/2026-06-04/tradingview_equity_screener.csv,2026-06-04,fixed_current_realtime_pool_snapshot_for_historical_replay
DDOG,"Datadog, Inc.",Technology Services,uncertain_verify_before_use,active,active_fixed_current_realtime_pool_snapshot,2026-06-04,true,true,282,145,tradingview_screener_snapshot:/root/projects/trading-storage/storage/01_source_data/realtime/tradingview_equity_screener/2026-06-04/tradingview_equity_screener.csv,2026-06-04,fixed_current_realtime_pool_snapshot_for_historical_replay
MCK,McKesson Corporation,Distribution Services,uncertain_verify_before_use,active,active_fixed_current_realtime_pool_snapshot,2026-06-04,false,true,,146,tradingview_screener_snapshot:/root/projects/trading-storage/storage/01_source_data/realtime/tradingview_equity_screener/2026-06-04/tradingview_equity_screener.csv,2026-06-04,fixed_current_realtime_pool_snapshot_for_historical_replay
CIEN,Ciena Corporation,Electronic Technology,uncertain_verify_before_use,active,active_fixed_current_realtime_pool_snapshot,2026-06-04,false,true,,147,tradingview_screener_snapshot:/root/projects/trading-storage/storage/01_source_data/realtime/tradingview_equity_screener/2026-06-04/tradingview_equity_screener.csv,2026-06-04,fixed_current_realtime_pool_snapshot_for_historical_replay
PNC,"PNC Financial Services Group, Inc. (The)",Finance,uncertain_verify_before_use,active,active_fixed_current_realtime_pool_snapshot,2026-06-04,false,true,,148,tradingview_screener_snapshot:/root/projects/trading-storage/storage/01_source_data/realtime/tradingview_equity_screener/2026-06-04/tradingview_equity_screener.csv,2026-06-04,fixed_current_realtime_pool_snapshot_for_historical_replay
WMB,"Williams Companies, Inc. (The)",Industrial Services,uncertain_verify_before_use,active,active_fixed_current_realtime_pool_snapshot,2026-06-04,false,true,,149,tradingview_screener_snapshot:/root/projects/trading-storage/storage/01_source_data/realtime/tradingview_equity_screener/2026-06-04/tradingview_equity_screener.csv,2026-06-04,fixed_current_realtime_pool_snapshot_for_historical_replay
WM,"Waste Management, Inc.",Industrial Services,uncertain_verify_before_use,active,active_fixed_current_realtime_pool_snapshot,2026-06-04,false,true,,150,tradingview_screener_snapshot:/root/projects/trading-storage/storage/01_source_data/realtime/tradingview_equity_screener/2026-06-04/tradingview_equity_screener.csv,2026-06-04,fixed_current_realtime_pool_snapshot_for_historical_replay
MNST,Monster Beverage Corporation,Consumer Non-Durables,uncertain_verify_before_use,active,active_fixed_current_realtime_pool_snapshot,2026-06-04,false,true,,151,tradingview_screener_snapshot:/root/projects/trading-storage/storage/01_source_data/realtime/tradingview_equity_screener/2026-06-04/tradingview_equity_screener.csv,2026-06-04,fixed_current_realtime_pool_snapshot_for_historical_replay
CSX,CSX Corporation,Transportation,uncertain_verify_before_use,active,active_fixed_current_realtime_pool_snapshot,2026-06-04,true,true,201,152,tradingview_screener_snapshot:/root/projects/trading-storage/storage/01_source_data/realtime/tradingview_equity_screener/2026-06-04/tradingview_equity_screener.csv,2026-06-04,fixed_current_realtime_pool_snapshot_for_historical_replay
AEM,Agnico Eagle Mines Limited,Non-Energy Minerals,uncertain_verify_before_use,active,active_fixed_current_realtime_pool_snapshot,2026-06-04,false,true,,153,tradingview_screener_snapshot:/root/projects/trading-storage/storage/01_source_data/realtime/tradingview_equity_screener/2026-06-04/tradingview_equity_screener.csv,2026-06-04,fixed_current_realtime_pool_snapshot_for_historical_replay
INTU,Intuit Inc.,Technology Services,uncertain_verify_before_use,active,active_fixed_current_realtime_pool_snapshot,2026-06-04,false,true,,154,tradingview_screener_snapshot:/root/projects/trading-storage/storage/01_source_data/realtime/tradingview_equity_screener/2026-06-04/tradingview_equity_screener.csv,2026-06-04,fixed_current_realtime_pool_snapshot_for_historical_replay
SLB,SLB Limited,Industrial Services,uncertain_verify_before_use,active,active_fixed_current_realtime_pool_snapshot,2026-06-04,true,true,222,155,tradingview_screener_snapshot:/root/projects/trading-storage/storage/01_source_data/realtime/tradingview_equity_screener/2026-06-04/tradingview_equity_screener.csv,2026-06-04,fixed_current_realtime_pool_snapshot_for_historical_replay
ELV,"Elevance Health, Inc.",Health Services,uncertain_verify_before_use,active,active_fixed_current_realtime_pool_snapshot,2026-06-04,false,true,,156,tradingview_screener_snapshot:/root/projects/trading-storage/storage/01_source_data/realtime/tradingview_equity_screener/2026-06-04/tradingview_equity_screener.csv,2026-06-04,fixed_current_realtime_pool_snapshot_for_historical_replay
AMT,American Tower Corporation (REIT),Finance,uncertain_verify_before_use,active,active_fixed_current_realtime_pool_snapshot,2026-06-04,false,true,,157,tradingview_screener_snapshot:/root/projects/trading-storage/storage/01_source_data/realtime/tradingview_equity_screener/2026-06-04/tradingview_equity_screener.csv,2026-06-04,fixed_current_realtime_pool_snapshot_for_historical_replay
CMCSA,Comcast Corporation,Consumer Services,uncertain_verify_before_use,active,active_fixed_current_realtime_pool_snapshot,2026-06-04,true,true,50,158,tradingview_screener_snapshot:/root/projects/trading-storage/storage/01_source_data/realtime/tradingview_equity_screener/2026-06-04/tradingview_equity_screener.csv,2026-06-04,fixed_current_realtime_pool_snapshot_for_historical_replay
SNOW,Snowflake Inc.,Technology Services,uncertain_verify_before_use,active,active_fixed_current_realtime_pool_snapshot,2026-06-04,true,true,223,159,tradingview_screener_snapshot:/root/projects/trading-storage/storage/01_source_data/realtime/tradingview_equity_screener/2026-06-04/tradingview_equity_screener.csv,2026-06-04,fixed_current_realtime_pool_snapshot_for_historical_replay
MELI,"MercadoLibre, Inc.",Retail Trade,uncertain_verify_before_use,active,active_fixed_current_realtime_pool_snapshot,2026-06-04,false,true,,160,tradingview_screener_snapshot:/root/projects/trading-storage/storage/01_source_data/realtime/tradingview_equity_screener/2026-06-04/tradingview_equity_screener.csv,2026-06-04,fixed_current_realtime_pool_snapshot_for_historical_replay
MPWR,"Monolithic Power Systems, Inc.",Electronic Technology,uncertain_verify_before_use,active,active_fixed_current_realtime_pool_snapshot,2026-06-04,false,true,,161,tradingview_screener_snapshot:/root/projects/trading-storage/storage/01_source_data/realtime/tradingview_equity_screener/2026-06-04/tradingview_equity_screener.csv,2026-06-04,fixed_current_realtime_pool_snapshot_for_historical_replay
USB,U.S. Bancorp,Finance,uncertain_verify_before_use,active,active_fixed_current_realtime_pool_snapshot,2026-06-04,false,true,,162,tradingview_screener_snapshot:/root/projects/trading-storage/storage/01_source_data/realtime/tradingview_equity_screener/2026-06-04/tradingview_equity_screener.csv,2026-06-04,fixed_current_realtime_pool_snapshot_for_historical_replay
EPD,Enterprise Products Partners L.P.,Industrial Services,uncertain_verify_before_use,active,active_fixed_current_realtime_pool_snapshot,2026-06-04,false,true,,163,tradingview_screener_snapshot:/root/projects/trading-storage/storage/01_source_data/realtime/tradingview_equity_screener/2026-06-04/tradingview_equity_screener.csv,2026-06-04,fixed_current_realtime_pool_snapshot_for_historical_replay
BE,Bloom Energy Corporation,Electronic Technology,uncertain_verify_before_use,active,active_fixed_current_realtime_pool_snapshot,2026-06-04,false,true,,164,tradingview_screener_snapshot:/root/projects/trading-storage/storage/01_source_data/realtime/tradingview_equity_screener/2026-06-04/tradingview_equity_screener.csv,2026-06-04,fixed_current_realtime_pool_snapshot_for_historical_replay
COHR,Coherent Corp.,Electronic Technology,uncertain_verify_before_use,active,active_fixed_current_realtime_pool_snapshot,2026-06-04,false,true,,165,tradingview_screener_snapshot:/root/projects/trading-storage/storage/01_source_data/realtime/tradingview_equity_screener/2026-06-04/tradingview_equity_screener.csv,2026-06-04,fixed_current_realtime_pool_snapshot_for_historical_replay
RACE,Ferrari N.V.,Consumer Durables,uncertain_verify_before_use,active,active_fixed_current_realtime_pool_snapshot,2026-06-04,false,true,,166,tradingview_screener_snapshot:/root/projects/trading-storage/storage/01_source_data/realtime/tradingview_equity_screener/2026-06-04/tradingview_equity_screener.csv,2026-06-04,fixed_current_realtime_pool_snapshot_for_historical_replay
KKR,KKR & Co. Inc.,Finance,uncertain_verify_before_use,active,active_fixed_current_realtime_pool_snapshot,2026-06-04,false,true,,167,tradingview_screener_snapshot:/root/projects/trading-storage/storage/01_source_data/realtime/tradingview_equity_screener/2026-06-04/tradingview_equity_screener.csv,2026-06-04,fixed_current_realtime_pool_snapshot_for_historical_replay
NXPI,NXP Semiconductors N.V.,Electronic Technology,uncertain_verify_before_use,active,active_fixed_current_realtime_pool_snapshot,2026-06-04,false,true,,168,tradingview_screener_snapshot:/root/projects/trading-storage/storage/01_source_data/realtime/tradingview_equity_screener/2026-06-04/tradingview_equity_screener.csv,2026-06-04,fixed_current_realtime_pool_snapshot_for_historical_replay
HCA,"HCA Healthcare, Inc.",Health Services,uncertain_verify_before_use,active,active_fixed_current_realtime_pool_snapshot,2026-06-04,false,true,,169,tradingview_screener_snapshot:/root/projects/trading-storage/storage/01_source_data/realtime/tradingview_equity_screener/2026-06-04/tradingview_equity_screener.csv,2026-06-04,fixed_current_realtime_pool_snapshot_for_historical_replay
ABNB,"Airbnb, Inc.",Consumer Services,uncertain_verify_before_use,active,active_fixed_current_realtime_pool_snapshot,2026-06-04,false,true,,170,tradingview_screener_snapshot:/root/projects/trading-storage/storage/01_source_data/realtime/tradingview_equity_screener/2026-06-04/tradingview_equity_screener.csv,2026-06-04,fixed_current_realtime_pool_snapshot_for_historical_replay
CP,Canadian Pacific Kansas City Limited,Transportation,uncertain_verify_before_use,active,active_fixed_current_realtime_pool_snapshot,2026-06-04,false,true,,171,tradingview_screener_snapshot:/root/projects/trading-storage/storage/01_source_data/realtime/tradingview_equity_screener/2026-06-04/tradingview_equity_screener.csv,2026-06-04,fixed_current_realtime_pool_snapshot_for_historical_replay
MMM,3M Company,Producer Manufacturing,uncertain_verify_before_use,active,active_fixed_current_realtime_pool_snapshot,2026-06-04,false,true,,172,tradingview_screener_snapshot:/root/projects/trading-storage/storage/01_source_data/realtime/tradingview_equity_screener/2026-06-04/tradingview_equity_screener.csv,2026-06-04,fixed_current_realtime_pool_snapshot_for_historical_replay
EMR,Emerson Electric Company,Electronic Technology,uncertain_verify_before_use,active,active_fixed_current_realtime_pool_snapshot,2026-06-04,false,true,,173,tradingview_screener_snapshot:/root/projects/trading-storage/storage/01_source_data/realtime/tradingview_equity_screener/2026-06-04/tradingview_equity_screener.csv,2026-06-04,fixed_current_realtime_pool_snapshot_for_historical_replay
MDLZ,"Mondelez International, Inc.",Consumer Non-Durables,uncertain_verify_before_use,active,active_fixed_current_realtime_pool_snapshot,2026-06-04,false,true,,174,tradingview_screener_snapshot:/root/projects/trading-storage/storage/01_source_data/realtime/tradingview_equity_screener/2026-06-04/tradingview_equity_screener.csv,2026-06-04,fixed_current_realtime_pool_snapshot_for_historical_replay
MCO,Moody's Corporation,Commercial Services,uncertain_verify_before_use,active,active_fixed_current_realtime_pool_snapshot,2026-06-04,false,true,,175,tradingview_screener_snapshot:/root/projects/trading-storage/storage/01_source_data/realtime/tradingview_equity_screener/2026-06-04/tradingview_equity_screener.csv,2026-06-04,fixed_current_realtime_pool_snapshot_for_historical_replay
ICE,Intercontinental Exchange Inc.,Finance,uncertain_verify_before_use,active,active_fixed_current_realtime_pool_snapshot,2026-06-04,false,true,,176,tradingview_screener_snapshot:/root/projects/trading-storage/storage/01_source_data/realtime/tradingview_equity_screener/2026-06-04/tradingview_equity_screener.csv,2026-06-04,fixed_current_realtime_pool_snapshot_for_historical_replay
MPC,Marathon Petroleum Corporation,Energy Minerals,uncertain_verify_before_use,active,active_fixed_current_realtime_pool_snapshot,2026-06-04,false,true,,177,tradingview_screener_snapshot:/root/projects/trading-storage/storage/01_source_data/realtime/tradingview_equity_screener/2026-06-04/tradingview_equity_screener.csv,2026-06-04,fixed_current_realtime_pool_snapshot_for_historical_replay
SU,Suncor Energy Inc.,Energy Minerals,uncertain_verify_before_use,active,active_fixed_current_realtime_pool_snapshot,2026-06-04,true,true,197,178,tradingview_screener_snapshot:/root/projects/trading-storage/storage/01_source_data/realtime/tradingview_equity_screener/2026-06-04/tradingview_equity_screener.csv,2026-06-04,fixed_current_realtime_pool_snapshot_for_historical_replay
VLO,Valero Energy Corporation,Energy Minerals,uncertain_verify_before_use,active,active_fixed_current_realtime_pool_snapshot,2026-06-04,false,true,,179,tradingview_screener_snapshot:/root/projects/trading-storage/storage/01_source_data/realtime/tradingview_equity_screener/2026-06-04/tradingview_equity_screener.csv,2026-06-04,fixed_current_realtime_pool_snapshot_for_historical_replay
FDX,FedEx Corporation,Transportation,uncertain_verify_before_use,active,active_fixed_current_realtime_pool_snapshot,2026-06-04,false,true,,180,tradingview_screener_snapshot:/root/projects/trading-storage/storage/01_source_data/realtime/tradingview_equity_screener/2026-06-04/tradingview_equity_screener.csv,2026-06-04,fixed_current_realtime_pool_snapshot_for_historical_replay
RCL,Royal Caribbean Cruises Ltd.,Consumer Services,uncertain_verify_before_use,active,active_fixed_current_realtime_pool_snapshot,2026-06-04,false,true,,181,tradingview_screener_snapshot:/root/projects/trading-storage/storage/01_source_data/realtime/tradingview_equity_screener/2026-06-04/tradingview_equity_screener.csv,2026-06-04,fixed_current_realtime_pool_snapshot_for_historical_replay
MRSH,Marsh,Finance,uncertain_verify_before_use,active,active_fixed_current_realtime_pool_snapshot,2026-06-04,false,true,,182,tradingview_screener_snapshot:/root/projects/trading-storage/storage/01_source_data/realtime/tradingview_equity_screener/2026-06-04/tradingview_equity_screener.csv,2026-06-04,fixed_current_realtime_pool_snapshot_for_historical_replay
HLT,Hilton Worldwide Holdings Inc.,Consumer Services,uncertain_verify_before_use,active,active_fixed_current_realtime_pool_snapshot,2026-06-04,false,true,,183,tradingview_screener_snapshot:/root/projects/trading-storage/storage/01_source_data/realtime/tradingview_equity_screener/2026-06-04/tradingview_equity_screener.csv,2026-06-04,fixed_current_realtime_pool_snapshot_for_historical_replay
EOG,"EOG Resources, Inc.",Energy Minerals,uncertain_verify_before_use,active,active_fixed_current_realtime_pool_snapshot,2026-06-04,false,true,,184,tradingview_screener_snapshot:/root/projects/trading-storage/storage/01_source_data/realtime/tradingview_equity_screener/2026-06-04/tradingview_equity_screener.csv,2026-06-04,fixed_current_realtime_pool_snapshot_for_historical_replay
NOC,Northrop Grumman Corporation,Electronic Technology,uncertain_verify_before_use,active,active_fixed_current_realtime_pool_snapshot,2026-06-04,false,true,,185,tradingview_screener_snapshot:/root/projects/trading-storage/storage/01_source_data/realtime/tradingview_equity_screener/2026-06-04/tradingview_equity_screener.csv,2026-06-04,fixed_current_realtime_pool_snapshot_for_historical_replay
HOOD,"Robinhood Markets, Inc.",Finance,uncertain_verify_before_use,active,active_fixed_current_realtime_pool_snapshot,2026-06-04,true,true,109,186,tradingview_screener_snapshot:/root/projects/trading-storage/storage/01_source_data/realtime/tradingview_equity_screener/2026-06-04/tradingview_equity_screener.csv,2026-06-04,fixed_current_realtime_pool_snapshot_for_historical_replay
ROST,"Ross Stores, Inc.",Retail Trade,uncertain_verify_before_use,active,active_fixed_current_realtime_pool_snapshot,2026-06-04,false,true,,187,tradingview_screener_snapshot:/root/projects/trading-storage/storage/01_source_data/realtime/tradingview_equity_screener/2026-06-04/tradingview_equity_screener.csv,2026-06-04,fixed_current_realtime_pool_snapshot_for_historical_replay
PSX,Phillips 66,Energy Minerals,uncertain_verify_before_use,active,active_fixed_current_realtime_pool_snapshot,2026-06-04,false,true,,188,tradingview_screener_snapshot:/root/projects/trading-storage/storage/01_source_data/realtime/tradingview_equity_screener/2026-06-04/tradingview_equity_screener.csv,2026-06-04,fixed_current_realtime_pool_snapshot_for_historical_replay
GM,General Motors Company,Consumer Durables,uncertain_verify_before_use,active,active_fixed_current_realtime_pool_snapshot,2026-06-04,true,true,258,189,tradingview_screener_snapshot:/root/projects/trading-storage/storage/01_source_data/realtime/tradingview_equity_screener/2026-06-04/tradingview_equity_screener.csv,2026-06-04,fixed_current_realtime_pool_snapshot_for_historical_replay
SHW,Sherwin-Williams Company (The),Process Industries,uncertain_verify_before_use,active,active_fixed_current_realtime_pool_snapshot,2026-06-04,false,true,,190,tradingview_screener_snapshot:/root/projects/trading-storage/storage/01_source_data/realtime/tradingview_equity_screener/2026-06-04/tradingview_equity_screener.csv,2026-06-04,fixed_current_realtime_pool_snapshot_for_historical_replay
HPE,Hewlett Packard Enterprise Company,Electronic Technology,uncertain_verify_before_use,active,active_fixed_current_realtime_pool_snapshot,2026-06-04,true,true,29,191,tradingview_screener_snapshot:/root/projects/trading-storage/storage/01_source_data/realtime/tradingview_equity_screener/2026-06-04/tradingview_equity_screener.csv,2026-06-04,fixed_current_realtime_pool_snapshot_for_historical_replay
LITE,Lumentum Holdings Inc.,Producer Manufacturing,uncertain_verify_before_use,active,active_fixed_current_realtime_pool_snapshot,2026-06-04,false,true,,192,tradingview_screener_snapshot:/root/projects/trading-storage/storage/01_source_data/realtime/tradingview_equity_screener/2026-06-04/tradingview_equity_screener.csv,2026-06-04,fixed_current_realtime_pool_snapshot_for_historical_replay
CNI,Canadian National Railway Company,Transportation,uncertain_verify_before_use,active,active_fixed_current_realtime_pool_snapshot,2026-06-04,false,true,,193,tradingview_screener_snapshot:/root/projects/trading-storage/storage/01_source_data/realtime/tradingview_equity_screener/2026-06-04/tradingview_equity_screener.csv,2026-06-04,fixed_current_realtime_pool_snapshot_for_historical_replay
ORLY,"O'Reilly Automotive, Inc.",Retail Trade,uncertain_verify_before_use,active,active_fixed_current_realtime_pool_snapshot,2026-06-04,false,true,,194,tradingview_screener_snapshot:/root/projects/trading-storage/storage/01_source_data/realtime/tradingview_equity_screener/2026-06-04/tradingview_equity_screener.csv,2026-06-04,fixed_current_realtime_pool_snapshot_for_historical_replay
BAM,Brookfield Asset Management Inc,Finance,uncertain_verify_before_use,active,active_fixed_current_realtime_pool_snapshot,2026-06-04,false,true,,195,tradingview_screener_snapshot:/root/projects/trading-storage/storage/01_source_data/realtime/tradingview_equity_screener/2026-06-04/tradingview_equity_screener.csv,2026-06-04,fixed_current_realtime_pool_snapshot_for_historical_replay
ITW,Illinois Tool Works Inc.,Producer Manufacturing,uncertain_verify_before_use,active,active_fixed_current_realtime_pool_snapshot,2026-06-04,false,true,,196,tradingview_screener_snapshot:/root/projects/trading-storage/storage/01_source_data/realtime/tradingview_equity_screener/2026-06-04/tradingview_equity_screener.csv,2026-06-04,fixed_current_realtime_pool_snapshot_for_historical_replay
ECL,Ecolab Inc.,Process Industries,uncertain_verify_before_use,active,active_fixed_current_realtime_pool_snapshot,2026-06-04,false,true,,197,tradingview_screener_snapshot:/root/projects/trading-storage/storage/01_source_data/realtime/tradingview_equity_screener/2026-06-04/tradingview_equity_screener.csv,2026-06-04,fixed_current_realtime_pool_snapshot_for_historical_replay
APO,"Apollo Global Management, Inc. (New)",Finance,uncertain_verify_before_use,active,active_fixed_current_realtime_pool_snapshot,2026-06-04,false,true,,198,tradingview_screener_snapshot:/root/projects/trading-storage/storage/01_source_data/realtime/tradingview_equity_screener/2026-06-04/tradingview_equity_screener.csv,2026-06-04,fixed_current_realtime_pool_snapshot_for_historical_replay
CI,The Cigna Group,Health Services,uncertain_verify_before_use,active,active_fixed_current_realtime_pool_snapshot,2026-06-04,false,true,,199,tradingview_screener_snapshot:/root/projects/trading-storage/storage/01_source_data/realtime/tradingview_equity_screener/2026-06-04/tradingview_equity_screener.csv,2026-06-04,fixed_current_realtime_pool_snapshot_for_historical_replay
BSX,Boston Scientific Corporation,Health Technology,uncertain_verify_before_use,active,active_fixed_current_realtime_pool_snapshot,2026-06-04,true,true,105,200,tradingview_screener_snapshot:/root/projects/trading-storage/storage/01_source_data/realtime/tradingview_equity_screener/2026-06-04/tradingview_equity_screener.csv,2026-06-04,fixed_current_realtime_pool_snapshot_for_historical_replay
CRH,CRH PLC,Non-Energy Minerals,uncertain_verify_before_use,active,active_fixed_current_realtime_pool_snapshot,2026-06-04,false,true,,201,tradingview_screener_snapshot:/root/projects/trading-storage/storage/01_source_data/realtime/tradingview_equity_screener/2026-06-04/tradingview_equity_screener.csv,2026-06-04,fixed_current_realtime_pool_snapshot_for_historical_replay
B,Barrick Mining Corporation,Non-Energy Minerals,uncertain_verify_before_use,active,active_fixed_current_realtime_pool_snapshot,2026-06-04,true,true,231,202,tradingview_screener_snapshot:/root/projects/trading-storage/storage/01_source_data/realtime/tradingview_equity_screener/2026-06-04/tradingview_equity_screener.csv,2026-06-04,fixed_current_realtime_pool_snapshot_for_historical_replay
CTAS,Cintas Corporation,Commercial Services,uncertain_verify_before_use,active,active_fixed_current_realtime_pool_snapshot,2026-06-04,false,true,,203,tradingview_screener_snapshot:/root/projects/trading-storage/storage/01_source_data/realtime/tradingview_equity_screener/2026-06-04/tradingview_equity_screener.csv,2026-06-04,fixed_current_realtime_pool_snapshot_for_historical_replay
CVNA,Carvana Co.,Retail Trade,uncertain_verify_before_use,active,active_fixed_current_realtime_pool_snapshot,2026-06-04,true,true,207,204,tradingview_screener_snapshot:/root/projects/trading-storage/storage/01_source_data/realtime/tradingview_equity_screener/2026-06-04/tradingview_equity_screener.csv,2026-06-04,fixed_current_realtime_pool_snapshot_for_historical_replay
KMI,"Kinder Morgan, Inc.",Industrial Services,uncertain_verify_before_use,active,active_fixed_current_realtime_pool_snapshot,2026-06-04,true,true,276,205,tradingview_screener_snapshot:/root/projects/trading-storage/storage/01_source_data/realtime/tradingview_equity_screener/2026-06-04/tradingview_equity_screener.csv,2026-06-04,fixed_current_realtime_pool_snapshot_for_historical_replay
AEP,"American Electric Power Company, Inc.",Utilities,uncertain_verify_before_use,active,active_fixed_current_realtime_pool_snapshot,2026-06-04,false,true,,206,tradingview_screener_snapshot:/root/projects/trading-storage/storage/01_source_data/realtime/tradingview_equity_screener/2026-06-04/tradingview_equity_screener.csv,2026-06-04,fixed_current_realtime_pool_snapshot_for_historical_replay
NSC,Norfolk Southern Corporation,Transportation,uncertain_verify_before_use,active,active_fixed_current_realtime_pool_snapshot,2026-06-04,false,true,,207,tradingview_screener_snapshot:/root/projects/trading-storage/storage/01_source_data/realtime/tradingview_equity_screener/2026-06-04/tradingview_equity_screener.csv,2026-06-04,fixed_current_realtime_pool_snapshot_for_historical_replay
CL,Colgate-Palmolive Company,Consumer Non-Durables,uncertain_verify_before_use,active,active_fixed_current_realtime_pool_snapshot,2026-06-04,false,true,,208,tradingview_screener_snapshot:/root/projects/trading-storage/storage/01_source_data/realtime/tradingview_equity_screener/2026-06-04/tradingview_equity_screener.csv,2026-06-04,fixed_current_realtime_pool_snapshot_for_historical_replay
TRP,TC Energy Corporation,Industrial Services,uncertain_verify_before_use,active,active_fixed_current_realtime_pool_snapshot,2026-06-04,false,true,,209,tradingview_screener_snapshot:/root/projects/trading-storage/storage/01_source_data/realtime/tradingview_equity_screener/2026-06-04/tradingview_equity_screener.csv,2026-06-04,fixed_current_realtime_pool_snapshot_for_historical_replay
MSI,"Motorola Solutions, Inc.",Electronic Technology,uncertain_verify_before_use,active,active_fixed_current_realtime_pool_snapshot,2026-06-04,false,true,,210,tradingview_screener_snapshot:/root/projects/trading-storage/storage/01_source_data/realtime/tradingview_equity_screener/2026-06-04/tradingview_equity_screener.csv,2026-06-04,fixed_current_realtime_pool_snapshot_for_historical_replay
TDG,Transdigm Group Inc.,Electronic Technology,uncertain_verify_before_use,active,active_fixed_current_realtime_pool_snapshot,2026-06-04,false,true,,211,tradingview_screener_snapshot:/root/projects/trading-storage/storage/01_source_data/realtime/tradingview_equity_screener/2026-06-04/tradingview_equity_screener.csv,2026-06-04,fixed_current_realtime_pool_snapshot_for_historical_replay
WBD,"Warner Bros. Discovery, Inc. - Series A",Consumer Services,uncertain_verify_before_use,active,active_fixed_current_realtime_pool_snapshot,2026-06-04,true,true,157,212,tradingview_screener_snapshot:/root/projects/trading-storage/storage/01_source_data/realtime/tradingview_equity_screener/2026-06-04/tradingview_equity_screener.csv,2026-06-04,fixed_current_realtime_pool_snapshot_for_historical_replay
AON,Aon plc,Finance,uncertain_verify_before_use,active,active_fixed_current_realtime_pool_snapshot,2026-06-04,false,true,,213,tradingview_screener_snapshot:/root/projects/trading-storage/storage/01_source_data/realtime/tradingview_equity_screener/2026-06-04/tradingview_equity_screener.csv,2026-06-04,fixed_current_realtime_pool_snapshot_for_historical_replay
DASH,"DoorDash, Inc.",Transportation,uncertain_verify_before_use,active,active_fixed_current_realtime_pool_snapshot,2026-06-04,false,true,,214,tradingview_screener_snapshot:/root/projects/trading-storage/storage/01_source_data/realtime/tradingview_equity_screener/2026-06-04/tradingview_equity_screener.csv,2026-06-04,fixed_current_realtime_pool_snapshot_for_historical_replay
ET,Energy Transfer LP,Industrial Services,uncertain_verify_before_use,active,active_fixed_current_realtime_pool_snapshot,2026-06-04,true,true,269,215,tradingview_screener_snapshot:/root/projects/trading-storage/storage/01_source_data/realtime/tradingview_equity_screener/2026-06-04/tradingview_equity_screener.csv,2026-06-04,fixed_current_realtime_pool_snapshot_for_historical_replay
RKLB,Rocket Lab Corporation,Electronic Technology,uncertain_verify_before_use,active,active_fixed_current_realtime_pool_snapshot,2026-06-04,true,true,123,216,tradingview_screener_snapshot:/root/projects/trading-storage/storage/01_source_data/realtime/tradingview_equity_screener/2026-06-04/tradingview_equity_screener.csv,2026-06-04,fixed_current_realtime_pool_snapshot_for_historical_replay
SPG,"Simon Property Group, Inc.",Finance,uncertain_verify_before_use,active,active_fixed_current_realtime_pool_snapshot,2026-06-04,false,true,,217,tradingview_screener_snapshot:/root/projects/trading-storage/storage/01_source_data/realtime/tradingview_equity_screener/2026-06-04/tradingview_equity_screener.csv,2026-06-04,fixed_current_realtime_pool_snapshot_for_historical_replay
FIX,"Comfort Systems USA, Inc.",Industrial Services,uncertain_verify_before_use,active,active_fixed_current_realtime_pool_snapshot,2026-06-04,false,true,,218,tradingview_screener_snapshot:/root/projects/trading-storage/storage/01_source_data/realtime/tradingview_equity_screener/2026-06-04/tradingview_equity_screener.csv,2026-06-04,fixed_current_realtime_pool_snapshot_for_historical_replay
REGN,"Regeneron Pharmaceuticals, Inc.",Health Technology,uncertain_verify_before_use,active,active_fixed_current_realtime_pool_snapshot,2026-06-04,false,true,,219,tradingview_screener_snapshot:/root/projects/trading-storage/storage/01_source_data/realtime/tradingview_equity_screener/2026-06-04/tradingview_equity_screener.csv,2026-06-04,fixed_current_realtime_pool_snapshot_for_historical_replay
NKE,"Nike, Inc.",Consumer Non-Durables,uncertain_verify_before_use,active,active_fixed_current_realtime_pool_snapshot,2026-06-04,true,true,138,220,tradingview_screener_snapshot:/root/projects/trading-storage/storage/01_source_data/realtime/tradingview_equity_screener/2026-06-04/tradingview_equity_screener.csv,2026-06-04,fixed_current_realtime_pool_snapshot_for_historical_replay
DLR,"Digital Realty Trust, Inc.",Finance,uncertain_verify_before_use,active,active_fixed_current_realtime_pool_snapshot,2026-06-04,false,true,,221,tradingview_screener_snapshot:/root/projects/trading-storage/storage/01_source_data/realtime/tradingview_equity_screener/2026-06-04/tradingview_equity_screener.csv,2026-06-04,fixed_current_realtime_pool_snapshot_for_historical_replay
TER,"Teradyne, Inc.",Electronic Technology,uncertain_verify_before_use,active,active_fixed_current_realtime_pool_snapshot,2026-06-04,false,true,,222,tradingview_screener_snapshot:/root/projects/trading-storage/storage/01_source_data/realtime/tradingview_equity_screener/2026-06-04/tradingview_equity_screener.csv,2026-06-04,fixed_current_realtime_pool_snapshot_for_historical_replay
MFC,Manulife Financial Corporation,Finance,uncertain_verify_before_use,active,active_fixed_current_realtime_pool_snapshot,2026-06-04,false,true,,223,tradingview_screener_snapshot:/root/projects/trading-storage/storage/01_source_data/realtime/tradingview_equity_screener/2026-06-04/tradingview_equity_screener.csv,2026-06-04,fixed_current_realtime_pool_snapshot_for_historical_replay
BKR,Baker Hughes Company,Industrial Services,uncertain_verify_before_use,active,active_fixed_current_realtime_pool_snapshot,2026-06-04,false,true,,224,tradingview_screener_snapshot:/root/projects/trading-storage/storage/01_source_data/realtime/tradingview_equity_screener/2026-06-04/tradingview_equity_screener.csv,2026-06-04,fixed_current_realtime_pool_snapshot_for_historical_replay
TEL,TE Connectivity plc,Electronic Technology,uncertain_verify_before_use,active,active_fixed_current_realtime_pool_snapshot,2026-06-04,false,true,,225,tradingview_screener_snapshot:/root/projects/trading-storage/storage/01_source_data/realtime/tradingview_equity_screener/2026-06-04/tradingview_equity_screener.csv,2026-06-04,fixed_current_realtime_pool_snapshot_for_historical_replay
NBIS,Nebius Group N.V.,Technology Services,uncertain_verify_before_use,active,active_fixed_current_realtime_pool_snapshot,2026-06-04,true,true,218,226,tradingview_screener_snapshot:/root/projects/trading-storage/storage/01_source_data/realtime/tradingview_equity_screener/2026-06-04/tradingview_equity_screener.csv,2026-06-04,fixed_current_realtime_pool_snapshot_for_historical_replay
APD,"Air Products and Chemicals, Inc.",Process Industries,uncertain_verify_before_use,active,active_fixed_current_realtime_pool_snapshot,2026-06-04,false,true,,227,tradingview_screener_snapshot:/root/projects/trading-storage/storage/01_source_data/realtime/tradingview_equity_screener/2026-06-04/tradingview_equity_screener.csv,2026-06-04,fixed_current_realtime_pool_snapshot_for_historical_replay
RSG,"Republic Services, Inc.",Industrial Services,uncertain_verify_before_use,active,active_fixed_current_realtime_pool_snapshot,2026-06-04,false,true,,228,tradingview_screener_snapshot:/root/projects/trading-storage/storage/01_source_data/realtime/tradingview_equity_screener/2026-06-04/tradingview_equity_screener.csv,2026-06-04,fixed_current_realtime_pool_snapshot_for_historical_replay
F,Ford Motor Company,Consumer Durables,uncertain_verify_before_use,active,active_fixed_current_realtime_pool_snapshot,2026-06-04,true,true,26,229,tradingview_screener_snapshot:/root/projects/trading-storage/storage/01_source_data/realtime/tradingview_equity_screener/2026-06-04/tradingview_equity_screener.csv,2026-06-04,fixed_current_realtime_pool_snapshot_for_historical_replay
ALAB,"Astera Labs, Inc.",Electronic Technology,uncertain_verify_before_use,active,active_fixed_current_realtime_pool_snapshot,2026-06-04,false,true,,230,tradingview_screener_snapshot:/root/projects/trading-storage/storage/01_source_data/realtime/tradingview_equity_screener/2026-06-04/tradingview_equity_screener.csv,2026-06-04,fixed_current_realtime_pool_snapshot_for_historical_replay
TRV,"The Travelers Companies, Inc.",Finance,uncertain_verify_before_use,active,active_fixed_current_realtime_pool_snapshot,2026-06-04,false,true,,231,tradingview_screener_snapshot:/root/projects/trading-storage/storage/01_source_data/realtime/tradingview_equity_screener/2026-06-04/tradingview_equity_screener.csv,2026-06-04,fixed_current_realtime_pool_snapshot_for_historical_replay
IMO,Imperial Oil Limited,Energy Minerals,uncertain_verify_before_use,active,active_fixed_current_realtime_pool_snapshot,2026-06-04,false,true,,232,tradingview_screener_snapshot:/root/projects/trading-storage/storage/01_source_data/realtime/tradingview_equity_screener/2026-06-04/tradingview_equity_screener.csv,2026-06-04,fixed_current_realtime_pool_snapshot_for_historical_replay
GWW,"W.W. Grainger, Inc.",Distribution Services,uncertain_verify_before_use,active,active_fixed_current_realtime_pool_snapshot,2026-06-04,false,true,,233,tradingview_screener_snapshot:/root/projects/trading-storage/storage/01_source_data/realtime/tradingview_equity_screener/2026-06-04/tradingview_equity_screener.csv,2026-06-04,fixed_current_realtime_pool_snapshot_for_historical_replay
CRWV,"CoreWeave, Inc.",Technology Services,uncertain_verify_before_use,active,active_fixed_current_realtime_pool_snapshot,2026-06-04,true,true,97,234,tradingview_screener_snapshot:/root/projects/trading-storage/storage/01_source_data/realtime/tradingview_equity_screener/2026-06-04/tradingview_equity_screener.csv,2026-06-04,fixed_current_realtime_pool_snapshot_for_historical_replay
PCAR,PACCAR Inc.,Producer Manufacturing,uncertain_verify_before_use,active,active_fixed_current_realtime_pool_snapshot,2026-06-04,false,true,,235,tradingview_screener_snapshot:/root/projects/trading-storage/storage/01_source_data/realtime/tradingview_equity_screener/2026-06-04/tradingview_equity_screener.csv,2026-06-04,fixed_current_realtime_pool_snapshot_for_historical_replay
KEYS,Keysight Technologies Inc.,Electronic Technology,uncertain_verify_before_use,active,active_fixed_current_realtime_pool_snapshot,2026-06-04,false,true,,236,tradingview_screener_snapshot:/root/projects/trading-storage/storage/01_source_data/realtime/tradingview_equity_screener/2026-06-04/tradingview_equity_screener.csv,2026-06-04,fixed_current_realtime_pool_snapshot_for_historical_replay
FLEX,Flex Ltd.,Electronic Technology,uncertain_verify_before_use,active,active_fixed_current_realtime_pool_snapshot,2026-06-04,false,true,,237,tradingview_screener_snapshot:/root/projects/trading-storage/storage/01_source_data/realtime/tradingview_equity_screener/2026-06-04/tradingview_equity_screener.csv,2026-06-04,fixed_current_realtime_pool_snapshot_for_historical_replay
OXY,Occidental Petroleum Corporation,Energy Minerals,uncertain_verify_before_use,active,active_fixed_current_realtime_pool_snapshot,2026-06-04,true,true,285,238,tradingview_screener_snapshot:/root/projects/trading-storage/storage/01_source_data/realtime/tradingview_equity_screener/2026-06-04/tradingview_equity_screener.csv,2026-06-04,fixed_current_realtime_pool_snapshot_for_historical_replay
FANG,"Diamondback Energy, Inc.",Energy Minerals,uncertain_verify_before_use,active,active_fixed_current_realtime_pool_snapshot,2026-06-04,false,true,,239,tradingview_screener_snapshot:/root/projects/trading-storage/storage/01_source_data/realtime/tradingview_equity_screener/2026-06-04/tradingview_equity_screener.csv,2026-06-04,fixed_current_realtime_pool_snapshot_for_historical_replay
TFC,Truist Financial Corporation,Finance,uncertain_verify_before_use,active,active_fixed_current_realtime_pool_snapshot,2026-06-04,true,true,300,240,tradingview_screener_snapshot:/root/projects/trading-storage/storage/01_source_data/realtime/tradingview_equity_screener/2026-06-04/tradingview_equity_screener.csv,2026-06-04,fixed_current_realtime_pool_snapshot_for_historical_replay
NUE,Nucor Corporation,Non-Energy Minerals,uncertain_verify_before_use,active,active_fixed_current_realtime_pool_snapshot,2026-06-04,false,true,,241,tradingview_screener_snapshot:/root/projects/trading-storage/storage/01_source_data/realtime/tradingview_equity_screener/2026-06-04/tradingview_equity_screener.csv,2026-06-04,fixed_current_realtime_pool_snapshot_for_historical_replay
DB,Deutsche Bank AG,Finance,uncertain_verify_before_use,active,active_fixed_current_realtime_pool_snapshot,2026-06-04,false,true,,242,tradingview_screener_snapshot:/root/projects/trading-storage/storage/01_source_data/realtime/tradingview_equity_screener/2026-06-04/tradingview_equity_screener.csv,2026-06-04,fixed_current_realtime_pool_snapshot_for_historical_replay
SRE,DBA Sempra,Utilities,uncertain_verify_before_use,active,active_fixed_current_realtime_pool_snapshot,2026-06-04,false,true,,243,tradingview_screener_snapshot:/root/projects/trading-storage/storage/01_source_data/realtime/tradingview_equity_screener/2026-06-04/tradingview_equity_screener.csv,2026-06-04,fixed_current_realtime_pool_snapshot_for_historical_replay
AFL,AFLAC Incorporated,Finance,uncertain_verify_before_use,active,active_fixed_current_realtime_pool_snapshot,2026-06-04,false,true,,244,tradingview_screener_snapshot:/root/projects/trading-storage/storage/01_source_data/realtime/tradingview_equity_screener/2026-06-04/tradingview_equity_screener.csv,2026-06-04,fixed_current_realtime_pool_snapshot_for_historical_replay
D,"Dominion Energy, Inc.",Utilities,uncertain_verify_before_use,active,active_fixed_current_realtime_pool_snapshot,2026-06-04,true,true,290,245,tradingview_screener_snapshot:/root/projects/trading-storage/storage/01_source_data/realtime/tradingview_equity_screener/2026-06-04/tradingview_equity_screener.csv,2026-06-04,fixed_current_realtime_pool_snapshot_for_historical_replay
WPM,Wheaton Precious Metals Corp,Non-Energy Minerals,uncertain_verify_before_use,active,active_fixed_current_realtime_pool_snapshot,2026-06-04,false,true,,246,tradingview_screener_snapshot:/root/projects/trading-storage/storage/01_source_data/realtime/tradingview_equity_screener/2026-06-04/tradingview_equity_screener.csv,2026-06-04,fixed_current_realtime_pool_snapshot_for_historical_replay
TGT,Target Corporation,Retail Trade,uncertain_verify_before_use,active,active_fixed_current_realtime_pool_snapshot,2026-06-04,false,true,,247,tradingview_screener_snapshot:/root/projects/trading-storage/storage/01_source_data/realtime/tradingview_equity_screener/2026-06-04/tradingview_equity_screener.csv,2026-06-04,fixed_current_realtime_pool_snapshot_for_historical_replay
NU,Nu Holdings Ltd.,Finance,uncertain_verify_before_use,active,active_fixed_current_realtime_pool_snapshot,2026-06-04,true,true,12,248,tradingview_screener_snapshot:/root/projects/trading-storage/storage/01_source_data/realtime/tradingview_equity_screener/2026-06-04/tradingview_equity_screener.csv,2026-06-04,fixed_current_realtime_pool_snapshot_for_historical_replay
LHX,"L3Harris Technologies, Inc.",Electronic Technology,uncertain_verify_before_use,active,active_fixed_current_realtime_pool_snapshot,2026-06-04,false,true,,249,tradingview_screener_snapshot:/root/projects/trading-storage/storage/01_source_data/realtime/tradingview_equity_screener/2026-06-04/tradingview_equity_screener.csv,2026-06-04,fixed_current_realtime_pool_snapshot_for_historical_replay
TRGP,"Targa Resources, Inc.",Utilities,uncertain_verify_before_use,active,active_fixed_current_realtime_pool_snapshot,2026-06-04,false,true,,250,tradingview_screener_snapshot:/root/projects/trading-storage/storage/01_source_data/realtime/tradingview_equity_screener/2026-06-04/tradingview_equity_screener.csv,2026-06-04,fixed_current_realtime_pool_snapshot_for_historical_replay
CARR,Carrier Global Corporation,Producer Manufacturing,uncertain_verify_before_use,active,active_fixed_current_realtime_pool_snapshot,2026-06-04,false,true,,251,tradingview_screener_snapshot:/root/projects/trading-storage/storage/01_source_data/realtime/tradingview_equity_screener/2026-06-04/tradingview_equity_screener.csv,2026-06-04,fixed_current_realtime_pool_snapshot_for_historical_replay
MPLX,MPLX LP,Industrial Services,uncertain_verify_before_use,active,active_fixed_current_realtime_pool_snapshot,2026-06-04,false,true,,252,tradingview_screener_snapshot:/root/projects/trading-storage/storage/01_source_data/realtime/tradingview_equity_screener/2026-06-04/tradingview_equity_screener.csv,2026-06-04,fixed_current_realtime_pool_snapshot_for_historical_replay
O,Realty Income Corporation,Finance,uncertain_verify_before_use,active,active_fixed_current_realtime_pool_snapshot,2026-06-04,false,true,,253,tradingview_screener_snapshot:/root/projects/trading-storage/storage/01_source_data/realtime/tradingview_equity_screener/2026-06-04/tradingview_equity_screener.csv,2026-06-04,fixed_current_realtime_pool_snapshot_for_historical_replay
CVE,Cenovus Energy Inc,Energy Minerals,uncertain_verify_before_use,active,active_fixed_current_realtime_pool_snapshot,2026-06-04,false,true,,254,tradingview_screener_snapshot:/root/projects/trading-storage/storage/01_source_data/realtime/tradingview_equity_screener/2026-06-04/tradingview_equity_screener.csv,2026-06-04,fixed_current_realtime_pool_snapshot_for_historical_replay
OKE,"ONEOK, Inc.",Industrial Services,uncertain_verify_before_use,active,active_fixed_current_realtime_pool_snapshot,2026-06-04,false,true,,255,tradingview_screener_snapshot:/root/projects/trading-storage/storage/01_source_data/realtime/tradingview_equity_screener/2026-06-04/tradingview_equity_screener.csv,2026-06-04,fixed_current_realtime_pool_snapshot_for_historical_replay
ALL,Allstate Corporation (The),Finance,uncertain_verify_before_use,active,active_fixed_current_realtime_pool_snapshot,2026-06-04,false,true,,256,tradingview_screener_snapshot:/root/projects/trading-storage/storage/01_source_data/realtime/tradingview_equity_screener/2026-06-04/tradingview_equity_screener.csv,2026-06-04,fixed_current_realtime_pool_snapshot_for_historical_replay
FAST,Fastenal Company,Distribution Services,uncertain_verify_before_use,active,active_fixed_current_realtime_pool_snapshot,2026-06-04,false,true,,257,tradingview_screener_snapshot:/root/projects/trading-storage/storage/01_source_data/realtime/tradingview_equity_screener/2026-06-04/tradingview_equity_screener.csv,2026-06-04,fixed_current_realtime_pool_snapshot_for_historical_replay
DVN,Devon Energy Corporation,Energy Minerals,uncertain_verify_before_use,active,active_fixed_current_realtime_pool_snapshot,2026-06-04,true,true,227,258,tradingview_screener_snapshot:/root/projects/trading-storage/storage/01_source_data/realtime/tradingview_equity_screener/2026-06-04/tradingview_equity_screener.csv,2026-06-04,fixed_current_realtime_pool_snapshot_for_historical_replay
PSA,Public Storage,Finance,uncertain_verify_before_use,active,active_fixed_current_realtime_pool_snapshot,2026-06-04,false,true,,259,tradingview_screener_snapshot:/root/projects/trading-storage/storage/01_source_data/realtime/tradingview_equity_screener/2026-06-04/tradingview_equity_screener.csv,2026-06-04,fixed_current_realtime_pool_snapshot_for_historical_replay
CLS,"Celestica, Inc.",Electronic Technology,uncertain_verify_before_use,active,active_fixed_current_realtime_pool_snapshot,2026-06-04,false,true,,260,tradingview_screener_snapshot:/root/projects/trading-storage/storage/01_source_data/realtime/tradingview_equity_screener/2026-06-04/tradingview_equity_screener.csv,2026-06-04,fixed_current_realtime_pool_snapshot_for_historical_replay
ON,ON Semiconductor Corporation,Electronic Technology,uncertain_verify_before_use,active,active_fixed_current_realtime_pool_snapshot,2026-06-04,true,true,250,261,tradingview_screener_snapshot:/root/projects/trading-storage/storage/01_source_data/realtime/tradingview_equity_screener/2026-06-04/tradingview_equity_screener.csv,2026-06-04,fixed_current_realtime_pool_snapshot_for_historical_replay
MCHP,Microchip Technology Incorporated,Electronic Technology,uncertain_verify_before_use,active,active_fixed_current_realtime_pool_snapshot,2026-06-04,true,true,240,262,tradingview_screener_snapshot:/root/projects/trading-storage/storage/01_source_data/realtime/tradingview_equity_screener/2026-06-04/tradingview_equity_screener.csv,2026-06-04,fixed_current_realtime_pool_snapshot_for_historical_replay
AME,"AMETEK, Inc.",Producer Manufacturing,uncertain_verify_before_use,active,active_fixed_current_realtime_pool_snapshot,2026-06-04,false,true,,263,tradingview_screener_snapshot:/root/projects/trading-storage/storage/01_source_data/realtime/tradingview_equity_screener/2026-06-04/tradingview_equity_screener.csv,2026-06-04,fixed_current_realtime_pool_snapshot_for_historical_replay
MET,"MetLife, Inc.",Finance,uncertain_verify_before_use,active,active_fixed_current_realtime_pool_snapshot,2026-06-04,false,true,,264,tradingview_screener_snapshot:/root/projects/trading-storage/storage/01_source_data/realtime/tradingview_equity_screener/2026-06-04/tradingview_equity_screener.csv,2026-06-04,fixed_current_realtime_pool_snapshot_for_historical_replay
CTVA,"Corteva, Inc.",Process Industries,uncertain_verify_before_use,active,active_fixed_current_realtime_pool_snapshot,2026-06-04,false,true,,265,tradingview_screener_snapshot:/root/projects/trading-storage/storage/01_source_data/realtime/tradingview_equity_screener/2026-06-04/tradingview_equity_screener.csv,2026-06-04,fixed_current_realtime_pool_snapshot_for_historical_replay
AJG,Arthur J. Gallagher & Co.,Finance,uncertain_verify_before_use,active,active_fixed_current_realtime_pool_snapshot,2026-06-04,false,true,,266,tradingview_screener_snapshot:/root/projects/trading-storage/storage/01_source_data/realtime/tradingview_equity_screener/2026-06-04/tradingview_equity_screener.csv,2026-06-04,fixed_current_realtime_pool_snapshot_for_historical_replay
VST,Vistra Corp.,Utilities,uncertain_verify_before_use,active,active_fixed_current_realtime_pool_snapshot,2026-06-04,false,true,,267,tradingview_screener_snapshot:/root/projects/trading-storage/storage/01_source_data/realtime/tradingview_equity_screener/2026-06-04/tradingview_equity_screener.csv,2026-06-04,fixed_current_realtime_pool_snapshot_for_historical_replay
DAL,"Delta Air Lines, Inc.",Transportation,uncertain_verify_before_use,active,active_fixed_current_realtime_pool_snapshot,2026-06-04,false,true,,268,tradingview_screener_snapshot:/root/projects/trading-storage/storage/01_source_data/realtime/tradingview_equity_screener/2026-06-04/tradingview_equity_screener.csv,2026-06-04,fixed_current_realtime_pool_snapshot_for_historical_replay
ROK,"Rockwell Automation, Inc.",Producer Manufacturing,uncertain_verify_before_use,active,active_fixed_current_realtime_pool_snapshot,2026-06-04,false,true,,269,tradingview_screener_snapshot:/root/projects/trading-storage/storage/01_source_data/realtime/tradingview_equity_screener/2026-06-04/tradingview_equity_screener.csv,2026-06-04,fixed_current_realtime_pool_snapshot_for_historical_replay
COR,"Cencora, Inc.",Distribution Services,uncertain_verify_before_use,active,active_fixed_current_realtime_pool_snapshot,2026-06-04,false,true,,270,tradingview_screener_snapshot:/root/projects/trading-storage/storage/01_source_data/realtime/tradingview_equity_screener/2026-06-04/tradingview_equity_screener.csv,2026-06-04,fixed_current_realtime_pool_snapshot_for_historical_replay
EA,Electronic Arts Inc.,Technology Services,uncertain_verify_before_use,active,active_fixed_current_realtime_pool_snapshot,2026-06-04,false,true,,271,tradingview_screener_snapshot:/root/projects/trading-storage/storage/01_source_data/realtime/tradingview_equity_screener/2026-06-04/tradingview_equity_screener.csv,2026-06-04,fixed_current_realtime_pool_snapshot_for_historical_replay
AZO,"AutoZone, Inc.",Retail Trade,uncertain_verify_before_use,active,active_fixed_current_realtime_pool_snapshot,2026-06-04,false,true,,272,tradingview_screener_snapshot:/root/projects/trading-storage/storage/01_source_data/realtime/tradingview_equity_screener/2026-06-04/tradingview_equity_screener.csv,2026-06-04,fixed_current_realtime_pool_snapshot_for_historical_replay
CCJ,Cameco Corporation,Non-Energy Minerals,uncertain_verify_before_use,active,active_fixed_current_realtime_pool_snapshot,2026-06-04,false,true,,273,tradingview_screener_snapshot:/root/projects/trading-storage/storage/01_source_data/realtime/tradingview_equity_screener/2026-06-04/tradingview_equity_screener.csv,2026-06-04,fixed_current_realtime_pool_snapshot_for_historical_replay
ETR,Entergy Corporation,Utilities,uncertain_verify_before_use,active,active_fixed_current_realtime_pool_snapshot,2026-06-04,false,true,,274,tradingview_screener_snapshot:/root/projects/trading-storage/storage/01_source_data/realtime/tradingview_equity_screener/2026-06-04/tradingview_equity_screener.csv,2026-06-04,fixed_current_realtime_pool_snapshot_for_historical_replay
EW,Edwards Lifesciences Corporation,Health Technology,uncertain_verify_before_use,active,active_fixed_current_realtime_pool_snapshot,2026-06-04,false,true,,275,tradingview_screener_snapshot:/root/projects/trading-storage/storage/01_source_data/realtime/tradingview_equity_screener/2026-06-04/tradingview_equity_screener.csv,2026-06-04,fixed_current_realtime_pool_snapshot_for_historical_replay
LNG,"Cheniere Energy, Inc.",Industrial Services,uncertain_verify_before_use,active,active_fixed_current_realtime_pool_snapshot,2026-06-04,false,true,,276,tradingview_screener_snapshot:/root/projects/trading-storage/storage/01_source_data/realtime/tradingview_equity_screener/2026-06-04/tradingview_equity_screener.csv,2026-06-04,fixed_current_realtime_pool_snapshot_for_historical_replay
NDAQ,"Nasdaq, Inc.",Finance,uncertain_verify_before_use,active,active_fixed_current_realtime_pool_snapshot,2026-06-04,false,true,,277,tradingview_screener_snapshot:/root/projects/trading-storage/storage/01_source_data/realtime/tradingview_equity_screener/2026-06-04/tradingview_equity_screener.csv,2026-06-04,fixed_current_realtime_pool_snapshot_for_historical_replay
ODFL,"Old Dominion Freight Line, Inc.",Transportation,uncertain_verify_before_use,active,active_fixed_current_realtime_pool_snapshot,2026-06-04,false,true,,278,tradingview_screener_snapshot:/root/projects/trading-storage/storage/01_source_data/realtime/tradingview_equity_screener/2026-06-04/tradingview_equity_screener.csv,2026-06-04,fixed_current_realtime_pool_snapshot_for_historical_replay
ADSK,"Autodesk, Inc.",Technology Services,uncertain_verify_before_use,active,active_fixed_current_realtime_pool_snapshot,2026-06-04,false,true,,279,tradingview_screener_snapshot:/root/projects/trading-storage/storage/01_source_data/realtime/tradingview_equity_screener/2026-06-04/tradingview_equity_screener.csv,2026-06-04,fixed_current_realtime_pool_snapshot_for_historical_replay
EBAY,eBay Inc.,Retail Trade,uncertain_verify_before_use,active,active_fixed_current_realtime_pool_snapshot,2026-06-04,false,true,,280,tradingview_screener_snapshot:/root/projects/trading-storage/storage/01_source_data/realtime/tradingview_equity_screener/2026-06-04/tradingview_equity_screener.csv,2026-06-04,fixed_current_realtime_pool_snapshot_for_historical_replay
XEL,Xcel Energy Inc.,Utilities,uncertain_verify_before_use,active,active_fixed_current_realtime_pool_snapshot,2026-06-04,false,true,,281,tradingview_screener_snapshot:/root/projects/trading-storage/storage/01_source_data/realtime/tradingview_equity_screener/2026-06-04/tradingview_equity_screener.csv,2026-06-04,fixed_current_realtime_pool_snapshot_for_historical_replay
GFS,GlobalFoundries Inc.,Electronic Technology,uncertain_verify_before_use,active,active_fixed_current_realtime_pool_snapshot,2026-06-04,false,true,,282,tradingview_screener_snapshot:/root/projects/trading-storage/storage/01_source_data/realtime/tradingview_equity_screener/2026-06-04/tradingview_equity_screener.csv,2026-06-04,fixed_current_realtime_pool_snapshot_for_historical_replay
FER,Ferrovial N.V.,Industrial Services,uncertain_verify_before_use,active,active_fixed_current_realtime_pool_snapshot,2026-06-04,false,true,,283,tradingview_screener_snapshot:/root/projects/trading-storage/storage/01_source_data/realtime/tradingview_equity_screener/2026-06-04/tradingview_equity_screener.csv,2026-06-04,fixed_current_realtime_pool_snapshot_for_historical_replay
CBRS,Cerebras Systems Inc.,Technology Services,uncertain_verify_before_use,active,active_fixed_current_realtime_pool_snapshot,2026-06-04,false,true,,284,tradingview_screener_snapshot:/root/projects/trading-storage/storage/01_source_data/realtime/tradingview_equity_screener/2026-06-04/tradingview_equity_screener.csv,2026-06-04,fixed_current_realtime_pool_snapshot_for_historical_replay
EXC,Exelon Corporation,Utilities,uncertain_verify_before_use,active,active_fixed_current_realtime_pool_snapshot,2026-06-04,true,true,215,285,tradingview_screener_snapshot:/root/projects/trading-storage/storage/01_source_data/realtime/tradingview_equity_screener/2026-06-04/tradingview_equity_screener.csv,2026-06-04,fixed_current_realtime_pool_snapshot_for_historical_replay
GRMN,Garmin Ltd.,Electronic Technology,uncertain_verify_before_use,active,active_fixed_current_realtime_pool_snapshot,2026-06-04,false,true,,286,tradingview_screener_snapshot:/root/projects/trading-storage/storage/01_source_data/realtime/tradingview_equity_screener/2026-06-04/tradingview_equity_screener.csv,2026-06-04,fixed_current_realtime_pool_snapshot_for_historical_replay
CAH,"Cardinal Health, Inc.",Distribution Services,uncertain_verify_before_use,active,active_fixed_current_realtime_pool_snapshot,2026-06-04,false,true,,287,tradingview_screener_snapshot:/root/projects/trading-storage/storage/01_source_data/realtime/tradingview_equity_screener/2026-06-04/tradingview_equity_screener.csv,2026-06-04,fixed_current_realtime_pool_snapshot_for_historical_replay
AU,AngloGold Ashanti PLC,Non-Energy Minerals,uncertain_verify_before_use,active,active_fixed_current_realtime_pool_snapshot,2026-06-04,false,true,,288,tradingview_screener_snapshot:/root/projects/trading-storage/storage/01_source_data/realtime/tradingview_equity_screener/2026-06-04/tradingview_equity_screener.csv,2026-06-04,fixed_current_realtime_pool_snapshot_for_historical_replay
MDLN,Medline Inc.,Health Technology,uncertain_verify_before_use,active,active_fixed_current_realtime_pool_snapshot,2026-06-04,true,true,166,289,tradingview_screener_snapshot:/root/projects/trading-storage/storage/01_source_data/realtime/tradingview_equity_screener/2026-06-04/tradingview_equity_screener.csv,2026-06-04,fixed_current_realtime_pool_snapshot_for_historical_replay
FITB,Fifth Third Bancorp,Finance,uncertain_verify_before_use,active,active_fixed_current_realtime_pool_snapshot,2026-06-04,false,true,,290,tradingview_screener_snapshot:/root/projects/trading-storage/storage/01_source_data/realtime/tradingview_equity_screener/2026-06-04/tradingview_equity_screener.csv,2026-06-04,fixed_current_realtime_pool_snapshot_for_historical_replay
MSCI,MSCI Inc.,Commercial Services,uncertain_verify_before_use,active,active_fixed_current_realtime_pool_snapshot,2026-06-04,false,true,,291,tradingview_screener_snapshot:/root/projects/trading-storage/storage/01_source_data/realtime/tradingview_equity_screener/2026-06-04/tradingview_equity_screener.csv,2026-06-04,fixed_current_realtime_pool_snapshot_for_historical_replay
WAB,Westinghouse Air Brake Technologies Corporation,Producer Manufacturing,uncertain_verify_before_use,active,active_fixed_current_realtime_pool_snapshot,2026-06-04,false,true,,292,tradingview_screener_snapshot:/root/projects/trading-storage/storage/01_source_data/realtime/tradingview_equity_screener/2026-06-04/tradingview_equity_screener.csv,2026-06-04,fixed_current_realtime_pool_snapshot_for_historical_replay
MSTR,Strategy Inc,Technology Services,uncertain_verify_before_use,active,active_fixed_current_realtime_pool_snapshot,2026-06-04,true,true,125,293,tradingview_screener_snapshot:/root/projects/trading-storage/storage/01_source_data/realtime/tradingview_equity_screener/2026-06-04/tradingview_equity_screener.csv,2026-06-04,fixed_current_realtime_pool_snapshot_for_historical_replay
IDXX,"IDEXX Laboratories, Inc.",Health Technology,uncertain_verify_before_use,active,active_fixed_current_realtime_pool_snapshot,2026-06-04,false,true,,294,tradingview_screener_snapshot:/root/projects/trading-storage/storage/01_source_data/realtime/tradingview_equity_screener/2026-06-04/tradingview_equity_screener.csv,2026-06-04,fixed_current_realtime_pool_snapshot_for_historical_replay
FNV,Franco-Nevada Corporation,Non-Energy Minerals,uncertain_verify_before_use,active,active_fixed_current_realtime_pool_snapshot,2026-06-04,false,true,,295,tradingview_screener_snapshot:/root/projects/trading-storage/storage/01_source_data/realtime/tradingview_equity_screener/2026-06-04/tradingview_equity_screener.csv,2026-06-04,fixed_current_realtime_pool_snapshot_for_historical_replay
FERG,Ferguson Enterprises Inc.,Distribution Services,uncertain_verify_before_use,active,active_fixed_current_realtime_pool_snapshot,2026-06-04,false,true,,296,tradingview_screener_snapshot:/root/projects/trading-storage/storage/01_source_data/realtime/tradingview_equity_screener/2026-06-04/tradingview_equity_screener.csv,2026-06-04,fixed_current_realtime_pool_snapshot_for_historical_replay
STT,State Street Corporation,Finance,uncertain_verify_before_use,active,active_fixed_current_realtime_pool_snapshot,2026-06-04,false,true,,297,tradingview_screener_snapshot:/root/projects/trading-storage/storage/01_source_data/realtime/tradingview_equity_screener/2026-06-04/tradingview_equity_screener.csv,2026-06-04,fixed_current_realtime_pool_snapshot_for_historical_replay
COIN,"Coinbase Global, Inc.",Finance,uncertain_verify_before_use,active,active_fixed_current_realtime_pool_snapshot,2026-06-04,true,true,263,298,tradingview_screener_snapshot:/root/projects/trading-storage/storage/01_source_data/realtime/tradingview_equity_screener/2026-06-04/tradingview_equity_screener.csv,2026-06-04,fixed_current_realtime_pool_snapshot_for_historical_replay
ASTS,"AST SpaceMobile, Inc.",Communications,uncertain_verify_before_use,active,active_fixed_current_realtime_pool_snapshot,2026-06-04,true,true,148,299,tradingview_screener_snapshot:/root/projects/trading-storage/storage/01_source_data/realtime/tradingview_equity_screener/2026-06-04/tradingview_equity_screener.csv,2026-06-04,fixed_current_realtime_pool_snapshot_for_historical_replay
KDP,Keurig Dr Pepper Inc.,Consumer Non-Durables,uncertain_verify_before_use,active,active_fixed_current_realtime_pool_snapshot,2026-06-04,true,true,205,300,tradingview_screener_snapshot:/root/projects/trading-storage/storage/01_source_data/realtime/tradingview_equity_screener/2026-06-04/tradingview_equity_screener.csv,2026-06-04,fixed_current_realtime_pool_snapshot_for_historical_replay
SBEV,"Splash Beverage Group, Inc. (NV)",Health Services,uncertain_verify_before_use,active,active_fixed_current_realtime_pool_snapshot,2026-06-04,true,false,1,,tradingview_screener_snapshot:/root/projects/trading-storage/storage/01_source_data/realtime/tradingview_equity_screener/2026-06-04/tradingview_equity_screener.csv,2026-06-04,fixed_current_realtime_pool_snapshot_for_historical_replay
HUBC,Hub Cyber Security Ltd.,Commercial Services,uncertain_verify_before_use,active,active_fixed_current_realtime_pool_snapshot,2026-06-04,true,false,2,,tradingview_screener_snapshot:/root/projects/trading-storage/storage/01_source_data/realtime/tradingview_equity_screener/2026-06-04/tradingview_equity_screener.csv,2026-06-04,fixed_current_realtime_pool_snapshot_for_historical_replay
ZCMD,Zhongchao Inc.,Commercial Services,uncertain_verify_before_use,active,active_fixed_current_realtime_pool_snapshot,2026-06-04,true,false,3,,tradingview_screener_snapshot:/root/projects/trading-storage/storage/01_source_data/realtime/tradingview_equity_screener/2026-06-04/tradingview_equity_screener.csv,2026-06-04,fixed_current_realtime_pool_snapshot_for_historical_replay
PMI,"Picard Medical, Inc.",Health Technology,uncertain_verify_before_use,active,active_fixed_current_realtime_pool_snapshot,2026-06-04,true,false,4,,tradingview_screener_snapshot:/root/projects/trading-storage/storage/01_source_data/realtime/tradingview_equity_screener/2026-06-04/tradingview_equity_screener.csv,2026-06-04,fixed_current_realtime_pool_snapshot_for_historical_replay
LASE,Laser Photonics Corporation,Electronic Technology,uncertain_verify_before_use,active,active_fixed_current_realtime_pool_snapshot,2026-06-04,true,false,5,,tradingview_screener_snapshot:/root/projects/trading-storage/storage/01_source_data/realtime/tradingview_equity_screener/2026-06-04/tradingview_equity_screener.csv,2026-06-04,fixed_current_realtime_pool_snapshot_for_historical_replay
SELX,Semilux International Ltd.,Finance,uncertain_verify_before_use,active,active_fixed_current_realtime_pool_snapshot,2026-06-04,true,false,6,,tradingview_screener_snapshot:/root/projects/trading-storage/storage/01_source_data/realtime/tradingview_equity_screener/2026-06-04/tradingview_equity_screener.csv,2026-06-04,fixed_current_realtime_pool_snapshot_for_historical_replay
WOK,WORK Medical Technology Group LTD,Health Technology,uncertain_verify_before_use,active,active_fixed_current_realtime_pool_snapshot,2026-06-04,true,false,7,,tradingview_screener_snapshot:/root/projects/trading-storage/storage/01_source_data/realtime/tradingview_equity_screener/2026-06-04/tradingview_equity_screener.csv,2026-06-04,fixed_current_realtime_pool_snapshot_for_historical_replay
NVTS,Navitas Semiconductor Corporation,Electronic Technology,uncertain_verify_before_use,active,active_fixed_current_realtime_pool_snapshot,2026-06-04,true,false,11,,tradingview_screener_snapshot:/root/projects/trading-storage/storage/01_source_data/realtime/tradingview_equity_screener/2026-06-04/tradingview_equity_screener.csv,2026-06-04,fixed_current_realtime_pool_snapshot_for_historical_replay
XOS,"Xos, Inc.",Consumer Durables,uncertain_verify_before_use,active,active_fixed_current_realtime_pool_snapshot,2026-06-04,true,false,13,,tradingview_screener_snapshot:/root/projects/trading-storage/storage/01_source_data/realtime/tradingview_equity_screener/2026-06-04/tradingview_equity_screener.csv,2026-06-04,fixed_current_realtime_pool_snapshot_for_historical_replay
SOAR,"Volato Group, Inc.",Transportation,uncertain_verify_before_use,active,active_fixed_current_realtime_pool_snapshot,2026-06-04,true,false,14,,tradingview_screener_snapshot:/root/projects/trading-storage/storage/01_source_data/realtime/tradingview_equity_screener/2026-06-04/tradingview_equity_screener.csv,2026-06-04,fixed_current_realtime_pool_snapshot_for_historical_replay
ONDS,Ondas Inc,Electronic Technology,uncertain_verify_before_use,active,active_fixed_current_realtime_pool_snapshot,2026-06-04,true,false,15,,tradingview_screener_snapshot:/root/projects/trading-storage/storage/01_source_data/realtime/tradingview_equity_screener/2026-06-04/tradingview_equity_screener.csv,2026-06-04,fixed_current_realtime_pool_snapshot_for_historical_replay
BB,BlackBerry Limited,Technology Services,uncertain_verify_before_use,active,active_fixed_current_realtime_pool_snapshot,2026-06-04,true,false,16,,tradingview_screener_snapshot:/root/projects/trading-storage/storage/01_source_data/realtime/tradingview_equity_screener/2026-06-04/tradingview_equity_screener.csv,2026-06-04,fixed_current_realtime_pool_snapshot_for_historical_replay
WCT,Wellchange Holdings Company Limited,Technology Services,uncertain_verify_before_use,active,active_fixed_current_realtime_pool_snapshot,2026-06-04,true,false,17,,tradingview_screener_snapshot:/root/projects/trading-storage/storage/01_source_data/realtime/tradingview_equity_screener/2026-06-04/tradingview_equity_screener.csv,2026-06-04,fixed_current_realtime_pool_snapshot_for_historical_replay
RGTI,"Rigetti Computing, Inc.",Electronic Technology,uncertain_verify_before_use,active,active_fixed_current_realtime_pool_snapshot,2026-06-04,true,false,18,,tradingview_screener_snapshot:/root/projects/trading-storage/storage/01_source_data/realtime/tradingview_equity_screener/2026-06-04/tradingview_equity_screener.csv,2026-06-04,fixed_current_realtime_pool_snapshot_for_historical_replay
SOFI,"SoFi Technologies, Inc.",Finance,uncertain_verify_before_use,active,active_fixed_current_realtime_pool_snapshot,2026-06-04,true,false,19,,tradingview_screener_snapshot:/root/projects/trading-storage/storage/01_source_data/realtime/tradingview_equity_screener/2026-06-04/tradingview_equity_screener.csv,2026-06-04,fixed_current_realtime_pool_snapshot_for_historical_replay
PLUG,"Plug Power, Inc.",Electronic Technology,uncertain_verify_before_use,active,active_fixed_current_realtime_pool_snapshot,2026-06-04,true,false,20,,tradingview_screener_snapshot:/root/projects/trading-storage/storage/01_source_data/realtime/tradingview_equity_screener/2026-06-04/tradingview_equity_screener.csv,2026-06-04,fixed_current_realtime_pool_snapshot_for_historical_replay
AAL,"American Airlines Group, Inc.",Transportation,uncertain_verify_before_use,active,active_fixed_current_realtime_pool_snapshot,2026-06-04,true,false,21,,tradingview_screener_snapshot:/root/projects/trading-storage/storage/01_source_data/realtime/tradingview_equity_screener/2026-06-04/tradingview_equity_screener.csv,2026-06-04,fixed_current_realtime_pool_snapshot_for_historical_replay
CXAI,CXApp Inc.,Technology Services,uncertain_verify_before_use,active,active_fixed_current_realtime_pool_snapshot,2026-06-04,true,false,22,,tradingview_screener_snapshot:/root/projects/trading-storage/storage/01_source_data/realtime/tradingview_equity_screener/2026-06-04/tradingview_equity_screener.csv,2026-06-04,fixed_current_realtime_pool_snapshot_for_historical_replay
YYGH,YY Group Holding Limited,Commercial Services,uncertain_verify_before_use,active,active_fixed_current_realtime_pool_snapshot,2026-06-04,true,false,23,,tradingview_screener_snapshot:/root/projects/trading-storage/storage/01_source_data/realtime/tradingview_equity_screener/2026-06-04/tradingview_equity_screener.csv,2026-06-04,fixed_current_realtime_pool_snapshot_for_historical_replay
BURU,"Nuburu, Inc.",Electronic Technology,uncertain_verify_before_use,active,active_fixed_current_realtime_pool_snapshot,2026-06-04,true,false,24,,tradingview_screener_snapshot:/root/projects/trading-storage/storage/01_source_data/realtime/tradingview_equity_screener/2026-06-04/tradingview_equity_screener.csv,2026-06-04,fixed_current_realtime_pool_snapshot_for_historical_replay
IREN,IREN Limited,Technology Services,uncertain_verify_before_use,active,active_fixed_current_realtime_pool_snapshot,2026-06-04,true,false,25,,tradingview_screener_snapshot:/root/projects/trading-storage/storage/01_source_data/realtime/tradingview_equity_screener/2026-06-04/tradingview_equity_screener.csv,2026-06-04,fixed_current_realtime_pool_snapshot_for_historical_replay
DEVS,DevvStream Corp.,Commercial Services,uncertain_verify_before_use,active,active_fixed_current_realtime_pool_snapshot,2026-06-04,true,false,27,,tradingview_screener_snapshot:/root/projects/trading-storage/storage/01_source_data/realtime/tradingview_equity_screener/2026-06-04/tradingview_equity_screener.csv,2026-06-04,fixed_current_realtime_pool_snapshot_for_historical_replay
DBGI,"Digital Brands Group, Inc.",Consumer Non-Durables,uncertain_verify_before_use,active,active_fixed_current_realtime_pool_snapshot,2026-06-04,true,false,28,,tradingview_screener_snapshot:/root/projects/trading-storage/storage/01_source_data/realtime/tradingview_equity_screener/2026-06-04/tradingview_equity_screener.csv,2026-06-04,fixed_current_realtime_pool_snapshot_for_historical_replay
SPCE,"Virgin Galactic Holdings, Inc.",Electronic Technology,uncertain_verify_before_use,active,active_fixed_current_realtime_pool_snapshot,2026-06-04,true,false,30,,tradingview_screener_snapshot:/root/projects/trading-storage/storage/01_source_data/realtime/tradingview_equity_screener/2026-06-04/tradingview_equity_screener.csv,2026-06-04,fixed_current_realtime_pool_snapshot_for_historical_replay
GRAB,Grab Holdings Limited,Transportation,uncertain_verify_before_use,active,active_fixed_current_realtime_pool_snapshot,2026-06-04,true,false,31,,tradingview_screener_snapshot:/root/projects/trading-storage/storage/01_source_data/realtime/tradingview_equity_screener/2026-06-04/tradingview_equity_screener.csv,2026-06-04,fixed_current_realtime_pool_snapshot_for_historical_replay
POET,POET Technologies Inc.,Producer Manufacturing,uncertain_verify_before_use,active,active_fixed_current_realtime_pool_snapshot,2026-06-04,true,false,32,,tradingview_screener_snapshot:/root/projects/trading-storage/storage/01_source_data/realtime/tradingview_equity_screener/2026-06-04/tradingview_equity_screener.csv,2026-06-04,fixed_current_realtime_pool_snapshot_for_historical_replay
AMZE,"Amaze Holdings, Inc.",Technology Services,uncertain_verify_before_use,active,active_fixed_current_realtime_pool_snapshot,2026-06-04,true,false,34,,tradingview_screener_snapshot:/root/projects/trading-storage/storage/01_source_data/realtime/tradingview_equity_screener/2026-06-04/tradingview_equity_screener.csv,2026-06-04,fixed_current_realtime_pool_snapshot_for_historical_replay
SMR,NuScale Power Corporation,Producer Manufacturing,uncertain_verify_before_use,active,active_fixed_current_realtime_pool_snapshot,2026-06-04,true,false,35,,tradingview_screener_snapshot:/root/projects/trading-storage/storage/01_source_data/realtime/tradingview_equity_screener/2026-06-04/tradingview_equity_screener.csv,2026-06-04,fixed_current_realtime_pool_snapshot_for_historical_replay
SDOT,Sadot Group Inc.,Consumer Services,uncertain_verify_before_use,active,active_fixed_current_realtime_pool_snapshot,2026-06-04,true,false,36,,tradingview_screener_snapshot:/root/projects/trading-storage/storage/01_source_data/realtime/tradingview_equity_screener/2026-06-04/tradingview_equity_screener.csv,2026-06-04,fixed_current_realtime_pool_snapshot_for_historical_replay
BBAI,"BigBear.ai, Inc.",Technology Services,uncertain_verify_before_use,active,active_fixed_current_realtime_pool_snapshot,2026-06-04,true,false,37,,tradingview_screener_snapshot:/root/projects/trading-storage/storage/01_source_data/realtime/tradingview_equity_screener/2026-06-04/tradingview_equity_screener.csv,2026-06-04,fixed_current_realtime_pool_snapshot_for_historical_replay
RIVN,"Rivian Automotive, Inc.",Consumer Durables,uncertain_verify_before_use,active,active_fixed_current_realtime_pool_snapshot,2026-06-04,true,false,39,,tradingview_screener_snapshot:/root/projects/trading-storage/storage/01_source_data/realtime/tradingview_equity_screener/2026-06-04/tradingview_equity_screener.csv,2026-06-04,fixed_current_realtime_pool_snapshot_for_historical_replay
ACHR,Archer Aviation Inc.,Electronic Technology,uncertain_verify_before_use,active,active_fixed_current_realtime_pool_snapshot,2026-06-04,true,false,40,,tradingview_screener_snapshot:/root/projects/trading-storage/storage/01_source_data/realtime/tradingview_equity_screener/2026-06-04/tradingview_equity_screener.csv,2026-06-04,fixed_current_realtime_pool_snapshot_for_historical_replay
SMCI,"Super Micro Computer, Inc.",Electronic Technology,uncertain_verify_before_use,active,active_fixed_current_realtime_pool_snapshot,2026-06-04,true,false,42,,tradingview_screener_snapshot:/root/projects/trading-storage/storage/01_source_data/realtime/tradingview_equity_screener/2026-06-04/tradingview_equity_screener.csv,2026-06-04,fixed_current_realtime_pool_snapshot_for_historical_replay
GPUS,"Hyperscale Data, Inc.",Producer Manufacturing,uncertain_verify_before_use,active,active_fixed_current_realtime_pool_snapshot,2026-06-04,true,false,44,,tradingview_screener_snapshot:/root/projects/trading-storage/storage/01_source_data/realtime/tradingview_equity_screener/2026-06-04/tradingview_equity_screener.csv,2026-06-04,fixed_current_realtime_pool_snapshot_for_historical_replay
KEEL,Keel Infrastructure Corp.,Technology Services,uncertain_verify_before_use,active,active_fixed_current_realtime_pool_snapshot,2026-06-04,true,false,47,,tradingview_screener_snapshot:/root/projects/trading-storage/storage/01_source_data/realtime/tradingview_equity_screener/2026-06-04/tradingview_equity_screener.csv,2026-06-04,fixed_current_realtime_pool_snapshot_for_historical_replay
OPEN,Opendoor Technologies Inc,Finance,uncertain_verify_before_use,active,active_fixed_current_realtime_pool_snapshot,2026-06-04,true,false,48,,tradingview_screener_snapshot:/root/projects/trading-storage/storage/01_source_data/realtime/tradingview_equity_screener/2026-06-04/tradingview_equity_screener.csv,2026-06-04,fixed_current_realtime_pool_snapshot_for_historical_replay
QBTS,D-Wave Quantum Inc.,Electronic Technology,uncertain_verify_before_use,active,active_fixed_current_realtime_pool_snapshot,2026-06-04,true,false,52,,tradingview_screener_snapshot:/root/projects/trading-storage/storage/01_source_data/realtime/tradingview_equity_screener/2026-06-04/tradingview_equity_screener.csv,2026-06-04,fixed_current_realtime_pool_snapshot_for_historical_replay
RDW,Redwire Corporation,Electronic Technology,uncertain_verify_before_use,active,active_fixed_current_realtime_pool_snapshot,2026-06-04,true,false,53,,tradingview_screener_snapshot:/root/projects/trading-storage/storage/01_source_data/realtime/tradingview_equity_screener/2026-06-04/tradingview_equity_screener.csv,2026-06-04,fixed_current_realtime_pool_snapshot_for_historical_replay
BMNR,"BitMine Immersion Technologies, Inc.",Finance,uncertain_verify_before_use,active,active_fixed_current_realtime_pool_snapshot,2026-06-04,true,false,54,,tradingview_screener_snapshot:/root/projects/trading-storage/storage/01_source_data/realtime/tradingview_equity_screener/2026-06-04/tradingview_equity_screener.csv,2026-06-04,fixed_current_realtime_pool_snapshot_for_historical_replay
TE,T1 Energy Inc.,Producer Manufacturing,uncertain_verify_before_use,active,active_fixed_current_realtime_pool_snapshot,2026-06-04,true,false,55,,tradingview_screener_snapshot:/root/projects/trading-storage/storage/01_source_data/realtime/tradingview_equity_screener/2026-06-04/tradingview_equity_screener.csv,2026-06-04,fixed_current_realtime_pool_snapshot_for_historical_replay
RUBI,Rubico Inc.,Transportation,uncertain_verify_before_use,active,active_fixed_current_realtime_pool_snapshot,2026-06-04,true,false,57,,tradingview_screener_snapshot:/root/projects/trading-storage/storage/01_source_data/realtime/tradingview_equity_screener/2026-06-04/tradingview_equity_screener.csv,2026-06-04,fixed_current_realtime_pool_snapshot_for_historical_replay
ALIT,"Alight, Inc.",Technology Services,uncertain_verify_before_use,active,active_fixed_current_realtime_pool_snapshot,2026-06-04,true,false,59,,tradingview_screener_snapshot:/root/projects/trading-storage/storage/01_source_data/realtime/tradingview_equity_screener/2026-06-04/tradingview_equity_screener.csv,2026-06-04,fixed_current_realtime_pool_snapshot_for_historical_replay
KVUE,Kenvue Inc.,Consumer Non-Durables,uncertain_verify_before_use,active,active_fixed_current_realtime_pool_snapshot,2026-06-04,true,false,61,,tradingview_screener_snapshot:/root/projects/trading-storage/storage/01_source_data/realtime/tradingview_equity_screener/2026-06-04/tradingview_equity_screener.csv,2026-06-04,fixed_current_realtime_pool_snapshot_for_historical_replay
AUR,"Aurora Innovation, Inc.",Technology Services,uncertain_verify_before_use,active,active_fixed_current_realtime_pool_snapshot,2026-06-04,true,false,62,,tradingview_screener_snapshot:/root/projects/trading-storage/storage/01_source_data/realtime/tradingview_equity_screener/2026-06-04/tradingview_equity_screener.csv,2026-06-04,fixed_current_realtime_pool_snapshot_for_historical_replay
HIVE,HIVE Digital Technologies Ltd,Technology Services,uncertain_verify_before_use,active,active_fixed_current_realtime_pool_snapshot,2026-06-04,true,false,63,,tradingview_screener_snapshot:/root/projects/trading-storage/storage/01_source_data/realtime/tradingview_equity_screener/2026-06-04/tradingview_equity_screener.csv,2026-06-04,fixed_current_realtime_pool_snapshot_for_historical_replay
ADTX,"Aditxt, Inc.",Health Technology,uncertain_verify_before_use,active,active_fixed_current_realtime_pool_snapshot,2026-06-04,true,false,64,,tradingview_screener_snapshot:/root/projects/trading-storage/storage/01_source_data/realtime/tradingview_equity_screener/2026-06-04/tradingview_equity_screener.csv,2026-06-04,fixed_current_realtime_pool_snapshot_for_historical_replay
CIFR,Cipher Digital Inc.,Technology Services,uncertain_verify_before_use,active,active_fixed_current_realtime_pool_snapshot,2026-06-04,true,false,65,,tradingview_screener_snapshot:/root/projects/trading-storage/storage/01_source_data/realtime/tradingview_equity_screener/2026-06-04/tradingview_equity_screener.csv,2026-06-04,fixed_current_realtime_pool_snapshot_for_historical_replay
RIG,Transocean Ltd (Switzerland),Industrial Services,uncertain_verify_before_use,active,active_fixed_current_realtime_pool_snapshot,2026-06-04,true,false,66,,tradingview_screener_snapshot:/root/projects/trading-storage/storage/01_source_data/realtime/tradingview_equity_screener/2026-06-04/tradingview_equity_screener.csv,2026-06-04,fixed_current_realtime_pool_snapshot_for_historical_replay
RKT,"Rocket Companies, Inc.",Finance,uncertain_verify_before_use,active,active_fixed_current_realtime_pool_snapshot,2026-06-04,true,false,67,,tradingview_screener_snapshot:/root/projects/trading-storage/storage/01_source_data/realtime/tradingview_equity_screener/2026-06-04/tradingview_equity_screener.csv,2026-06-04,fixed_current_realtime_pool_snapshot_for_historical_replay
DVLT,Datavault AI Inc.,Electronic Technology,uncertain_verify_before_use,active,active_fixed_current_realtime_pool_snapshot,2026-06-04,true,false,69,,tradingview_screener_snapshot:/root/projects/trading-storage/storage/01_source_data/realtime/tradingview_equity_screener/2026-06-04/tradingview_equity_screener.csv,2026-06-04,fixed_current_realtime_pool_snapshot_for_historical_replay
PCG,Pacific Gas & Electric Co.,Utilities,uncertain_verify_before_use,active,active_fixed_current_realtime_pool_snapshot,2026-06-04,true,false,70,,tradingview_screener_snapshot:/root/projects/trading-storage/storage/01_source_data/realtime/tradingview_equity_screener/2026-06-04/tradingview_equity_screener.csv,2026-06-04,fixed_current_realtime_pool_snapshot_for_historical_replay
BYND,"Beyond Meat, Inc.",Consumer Non-Durables,uncertain_verify_before_use,active,active_fixed_current_realtime_pool_snapshot,2026-06-04,true,false,71,,tradingview_screener_snapshot:/root/projects/trading-storage/storage/01_source_data/realtime/tradingview_equity_screener/2026-06-04/tradingview_equity_screener.csv,2026-06-04,fixed_current_realtime_pool_snapshot_for_historical_replay
PATH,"UiPath, Inc.",Technology Services,uncertain_verify_before_use,active,active_fixed_current_realtime_pool_snapshot,2026-06-04,true,false,73,,tradingview_screener_snapshot:/root/projects/trading-storage/storage/01_source_data/realtime/tradingview_equity_screener/2026-06-04/tradingview_equity_screener.csv,2026-06-04,fixed_current_realtime_pool_snapshot_for_historical_replay
YMAT,"J-Star Holding Co., Ltd.",Producer Manufacturing,uncertain_verify_before_use,active,active_fixed_current_realtime_pool_snapshot,2026-06-04,true,false,74,,tradingview_screener_snapshot:/root/projects/trading-storage/storage/01_source_data/realtime/tradingview_equity_screener/2026-06-04/tradingview_equity_screener.csv,2026-06-04,fixed_current_realtime_pool_snapshot_for_historical_replay
SNAP,Snap Inc.,Technology Services,uncertain_verify_before_use,active,active_fixed_current_realtime_pool_snapshot,2026-06-04,true,false,75,,tradingview_screener_snapshot:/root/projects/trading-storage/storage/01_source_data/realtime/tradingview_equity_screener/2026-06-04/tradingview_equity_screener.csv,2026-06-04,fixed_current_realtime_pool_snapshot_for_historical_replay
ORBS,Eightco Holdings Inc.,Finance,uncertain_verify_before_use,active,active_fixed_current_realtime_pool_snapshot,2026-06-04,true,false,76,,tradingview_screener_snapshot:/root/projects/trading-storage/storage/01_source_data/realtime/tradingview_equity_screener/2026-06-04/tradingview_equity_screener.csv,2026-06-04,fixed_current_realtime_pool_snapshot_for_historical_replay
JOBY,"Joby Aviation, Inc.",Electronic Technology,uncertain_verify_before_use,active,active_fixed_current_realtime_pool_snapshot,2026-06-04,true,false,78,,tradingview_screener_snapshot:/root/projects/trading-storage/storage/01_source_data/realtime/tradingview_equity_screener/2026-06-04/tradingview_equity_screener.csv,2026-06-04,fixed_current_realtime_pool_snapshot_for_historical_replay
MARA,"MARA Holdings, Inc.",Technology Services,uncertain_verify_before_use,active,active_fixed_current_realtime_pool_snapshot,2026-06-04,true,false,79,,tradingview_screener_snapshot:/root/projects/trading-storage/storage/01_source_data/realtime/tradingview_equity_screener/2026-06-04/tradingview_equity_screener.csv,2026-06-04,fixed_current_realtime_pool_snapshot_for_historical_replay
OWL,Blue Owl Capital Inc.,Finance,uncertain_verify_before_use,active,active_fixed_current_realtime_pool_snapshot,2026-06-04,true,false,80,,tradingview_screener_snapshot:/root/projects/trading-storage/storage/01_source_data/realtime/tradingview_equity_screener/2026-06-04/tradingview_equity_screener.csv,2026-06-04,fixed_current_realtime_pool_snapshot_for_historical_replay
IONQ,"IonQ, Inc.",Electronic Technology,uncertain_verify_before_use,active,active_fixed_current_realtime_pool_snapshot,2026-06-04,true,false,82,,tradingview_screener_snapshot:/root/projects/trading-storage/storage/01_source_data/realtime/tradingview_equity_screener/2026-06-04/tradingview_equity_screener.csv,2026-06-04,fixed_current_realtime_pool_snapshot_for_historical_replay
COMP,"Compass, Inc.",Finance,uncertain_verify_before_use,active,active_fixed_current_realtime_pool_snapshot,2026-06-04,true,false,83,,tradingview_screener_snapshot:/root/projects/trading-storage/storage/01_source_data/realtime/tradingview_equity_screener/2026-06-04/tradingview_equity_screener.csv,2026-06-04,fixed_current_realtime_pool_snapshot_for_historical_replay
SRXH,"SRX Health Solutions, Inc.",Health Technology,uncertain_verify_before_use,active,active_fixed_current_realtime_pool_snapshot,2026-06-04,true,false,84,,tradingview_screener_snapshot:/root/projects/trading-storage/storage/01_source_data/realtime/tradingview_equity_screener/2026-06-04/tradingview_equity_screener.csv,2026-06-04,fixed_current_realtime_pool_snapshot_for_historical_replay
HBAN,Huntington Bancshares Incorporated,Finance,uncertain_verify_before_use,active,active_fixed_current_realtime_pool_snapshot,2026-06-04,true,false,85,,tradingview_screener_snapshot:/root/projects/trading-storage/storage/01_source_data/realtime/tradingview_equity_screener/2026-06-04/tradingview_equity_screener.csv,2026-06-04,fixed_current_realtime_pool_snapshot_for_historical_replay
AMC,"AMC Entertainment Holdings, Inc.",Consumer Services,uncertain_verify_before_use,active,active_fixed_current_realtime_pool_snapshot,2026-06-04,true,false,88,,tradingview_screener_snapshot:/root/projects/trading-storage/storage/01_source_data/realtime/tradingview_equity_screener/2026-06-04/tradingview_equity_screener.csv,2026-06-04,fixed_current_realtime_pool_snapshot_for_historical_replay
SOUN,"SoundHound AI, Inc.",Technology Services,uncertain_verify_before_use,active,active_fixed_current_realtime_pool_snapshot,2026-06-04,true,false,89,,tradingview_screener_snapshot:/root/projects/trading-storage/storage/01_source_data/realtime/tradingview_equity_screener/2026-06-04/tradingview_equity_screener.csv,2026-06-04,fixed_current_realtime_pool_snapshot_for_historical_replay
OPTU,"Optimum Communications, Inc.",Communications,uncertain_verify_before_use,active,active_fixed_current_realtime_pool_snapshot,2026-06-04,true,false,90,,tradingview_screener_snapshot:/root/projects/trading-storage/storage/01_source_data/realtime/tradingview_equity_screener/2026-06-04/tradingview_equity_screener.csv,2026-06-04,fixed_current_realtime_pool_snapshot_for_historical_replay
GDC,GD Culture Group Limited,Technology Services,uncertain_verify_before_use,active,active_fixed_current_realtime_pool_snapshot,2026-06-04,true,false,92,,tradingview_screener_snapshot:/root/projects/trading-storage/storage/01_source_data/realtime/tradingview_equity_screener/2026-06-04/tradingview_equity_screener.csv,2026-06-04,fixed_current_realtime_pool_snapshot_for_historical_replay
STAK,STAK Inc.,Industrial Services,uncertain_verify_before_use,active,active_fixed_current_realtime_pool_snapshot,2026-06-04,true,false,93,,tradingview_screener_snapshot:/root/projects/trading-storage/storage/01_source_data/realtime/tradingview_equity_screener/2026-06-04/tradingview_equity_screener.csv,2026-06-04,fixed_current_realtime_pool_snapshot_for_historical_replay
BMGL,Basel Medical Group Ltd,Health Services,uncertain_verify_before_use,active,active_fixed_current_realtime_pool_snapshot,2026-06-04,true,false,94,,tradingview_screener_snapshot:/root/projects/trading-storage/storage/01_source_data/realtime/tradingview_equity_screener/2026-06-04/tradingview_equity_screener.csv,2026-06-04,fixed_current_realtime_pool_snapshot_for_historical_replay
ANY,Sphere 3D Corp.,Technology Services,uncertain_verify_before_use,active,active_fixed_current_realtime_pool_snapshot,2026-06-04,true,false,95,,tradingview_screener_snapshot:/root/projects/trading-storage/storage/01_source_data/realtime/tradingview_equity_screener/2026-06-04/tradingview_equity_screener.csv,2026-06-04,fixed_current_realtime_pool_snapshot_for_historical_replay
BTG,B2Gold Corp,Non-Energy Minerals,uncertain_verify_before_use,active,active_fixed_current_realtime_pool_snapshot,2026-06-04,true,false,96,,tradingview_screener_snapshot:/root/projects/trading-storage/storage/01_source_data/realtime/tradingview_equity_screener/2026-06-04/tradingview_equity_screener.csv,2026-06-04,fixed_current_realtime_pool_snapshot_for_historical_replay
DNN,Denison Mines Corp,Non-Energy Minerals,uncertain_verify_before_use,active,active_fixed_current_realtime_pool_snapshot,2026-06-04,true,false,98,,tradingview_screener_snapshot:/root/projects/trading-storage/storage/01_source_data/realtime/tradingview_equity_screener/2026-06-04/tradingview_equity_screener.csv,2026-06-04,fixed_current_realtime_pool_snapshot_for_historical_replay
JBLU,JetBlue Airways Corporation,Transportation,uncertain_verify_before_use,active,active_fixed_current_realtime_pool_snapshot,2026-06-04,true,false,99,,tradingview_screener_snapshot:/root/projects/trading-storage/storage/01_source_data/realtime/tradingview_equity_screener/2026-06-04/tradingview_equity_screener.csv,2026-06-04,fixed_current_realtime_pool_snapshot_for_historical_replay
CMG,"Chipotle Mexican Grill, Inc.",Consumer Services,uncertain_verify_before_use,active,active_fixed_current_realtime_pool_snapshot,2026-06-04,true,false,100,,tradingview_screener_snapshot:/root/projects/trading-storage/storage/01_source_data/realtime/tradingview_equity_screener/2026-06-04/tradingview_equity_screener.csv,2026-06-04,fixed_current_realtime_pool_snapshot_for_historical_replay
NCLH,Norwegian Cruise Line Holdings Ltd.,Consumer Services,uncertain_verify_before_use,active,active_fixed_current_realtime_pool_snapshot,2026-06-04,true,false,101,,tradingview_screener_snapshot:/root/projects/trading-storage/storage/01_source_data/realtime/tradingview_equity_screener/2026-06-04/tradingview_equity_screener.csv,2026-06-04,fixed_current_realtime_pool_snapshot_for_historical_replay
INFQ,"Infleqtion, Inc.",Electronic Technology,uncertain_verify_before_use,active,active_fixed_current_realtime_pool_snapshot,2026-06-04,true,false,102,,tradingview_screener_snapshot:/root/projects/trading-storage/storage/01_source_data/realtime/tradingview_equity_screener/2026-06-04/tradingview_equity_screener.csv,2026-06-04,fixed_current_realtime_pool_snapshot_for_historical_replay
CLF,Cleveland-Cliffs Inc.,Non-Energy Minerals,uncertain_verify_before_use,active,active_fixed_current_realtime_pool_snapshot,2026-06-04,true,false,103,,tradingview_screener_snapshot:/root/projects/trading-storage/storage/01_source_data/realtime/tradingview_equity_screener/2026-06-04/tradingview_equity_screener.csv,2026-06-04,fixed_current_realtime_pool_snapshot_for_historical_replay
ESPR,"Esperion Therapeutics, Inc.",Health Technology,uncertain_verify_before_use,active,active_fixed_current_realtime_pool_snapshot,2026-06-04,true,false,104,,tradingview_screener_snapshot:/root/projects/trading-storage/storage/01_source_data/realtime/tradingview_equity_screener/2026-06-04/tradingview_equity_screener.csv,2026-06-04,fixed_current_realtime_pool_snapshot_for_historical_replay
WULF,TeraWulf Inc.,Technology Services,uncertain_verify_before_use,active,active_fixed_current_realtime_pool_snapshot,2026-06-04,true,false,106,,tradingview_screener_snapshot:/root/projects/trading-storage/storage/01_source_data/realtime/tradingview_equity_screener/2026-06-04/tradingview_equity_screener.csv,2026-06-04,fixed_current_realtime_pool_snapshot_for_historical_replay
CDE,"Coeur Mining, Inc.",Non-Energy Minerals,uncertain_verify_before_use,active,active_fixed_current_realtime_pool_snapshot,2026-06-04,true,false,107,,tradingview_screener_snapshot:/root/projects/trading-storage/storage/01_source_data/realtime/tradingview_equity_screener/2026-06-04/tradingview_equity_screener.csv,2026-06-04,fixed_current_realtime_pool_snapshot_for_historical_replay
BTBT,"Bit Digital, Inc.",Commercial Services,uncertain_verify_before_use,active,active_fixed_current_realtime_pool_snapshot,2026-06-04,true,false,108,,tradingview_screener_snapshot:/root/projects/trading-storage/storage/01_source_data/realtime/tradingview_equity_screener/2026-06-04/tradingview_equity_screener.csv,2026-06-04,fixed_current_realtime_pool_snapshot_for_historical_replay
USAR,"USA Rare Earth, Inc.",Producer Manufacturing,uncertain_verify_before_use,active,active_fixed_current_realtime_pool_snapshot,2026-06-04,true,false,112,,tradingview_screener_snapshot:/root/projects/trading-storage/storage/01_source_data/realtime/tradingview_equity_screener/2026-06-04/tradingview_equity_screener.csv,2026-06-04,fixed_current_realtime_pool_snapshot_for_historical_replay
OKLO,Oklo Inc.,Producer Manufacturing,uncertain_verify_before_use,active,active_fixed_current_realtime_pool_snapshot,2026-06-04,true,false,113,,tradingview_screener_snapshot:/root/projects/trading-storage/storage/01_source_data/realtime/tradingview_equity_screener/2026-06-04/tradingview_equity_screener.csv,2026-06-04,fixed_current_realtime_pool_snapshot_for_historical_replay
NOTV,"Inotiv, Inc.",Commercial Services,uncertain_verify_before_use,active,active_fixed_current_realtime_pool_snapshot,2026-06-04,true,false,114,,tradingview_screener_snapshot:/root/projects/trading-storage/storage/01_source_data/realtime/tradingview_equity_screener/2026-06-04/tradingview_equity_screener.csv,2026-06-04,fixed_current_realtime_pool_snapshot_for_historical_replay
CLSK,"CleanSpark, Inc.",Technology Services,uncertain_verify_before_use,active,active_fixed_current_realtime_pool_snapshot,2026-06-04,true,false,115,,tradingview_screener_snapshot:/root/projects/trading-storage/storage/01_source_data/realtime/tradingview_equity_screener/2026-06-04/tradingview_equity_screener.csv,2026-06-04,fixed_current_realtime_pool_snapshot_for_historical_replay
TSCO,Tractor Supply Company,Retail Trade,uncertain_verify_before_use,active,active_fixed_current_realtime_pool_snapshot,2026-06-04,true,false,116,,tradingview_screener_snapshot:/root/projects/trading-storage/storage/01_source_data/realtime/tradingview_equity_screener/2026-06-04/tradingview_equity_screener.csv,2026-06-04,fixed_current_realtime_pool_snapshot_for_historical_replay
UWMC,UWM Holdings Corporation,Finance,uncertain_verify_before_use,active,active_fixed_current_realtime_pool_snapshot,2026-06-04,true,false,117,,tradingview_screener_snapshot:/root/projects/trading-storage/storage/01_source_data/realtime/tradingview_equity_screener/2026-06-04/tradingview_equity_screener.csv,2026-06-04,fixed_current_realtime_pool_snapshot_for_historical_replay
VRAX,Virax Biolabs Group Limited,Finance,uncertain_verify_before_use,active,active_fixed_current_realtime_pool_snapshot,2026-06-04,true,false,118,,tradingview_screener_snapshot:/root/projects/trading-storage/storage/01_source_data/realtime/tradingview_equity_screener/2026-06-04/tradingview_equity_screener.csv,2026-06-04,fixed_current_realtime_pool_snapshot_for_historical_replay
SLNH,"Soluna Holdings, Inc.",Electronic Technology,uncertain_verify_before_use,active,active_fixed_current_realtime_pool_snapshot,2026-06-04,true,false,119,,tradingview_screener_snapshot:/root/projects/trading-storage/storage/01_source_data/realtime/tradingview_equity_screener/2026-06-04/tradingview_equity_screener.csv,2026-06-04,fixed_current_realtime_pool_snapshot_for_historical_replay
QUBT,Quantum Computing Inc.,Technology Services,uncertain_verify_before_use,active,active_fixed_current_realtime_pool_snapshot,2026-06-04,true,false,120,,tradingview_screener_snapshot:/root/projects/trading-storage/storage/01_source_data/realtime/tradingview_equity_screener/2026-06-04/tradingview_equity_screener.csv,2026-06-04,fixed_current_realtime_pool_snapshot_for_historical_replay
GTM,ZoomInfo Technologies Inc.,Technology Services,uncertain_verify_before_use,active,active_fixed_current_realtime_pool_snapshot,2026-06-04,true,false,121,,tradingview_screener_snapshot:/root/projects/trading-storage/storage/01_source_data/realtime/tradingview_equity_screener/2026-06-04/tradingview_equity_screener.csv,2026-06-04,fixed_current_realtime_pool_snapshot_for_historical_replay
QTEX,QTREX Quantum Ltd.,Health Technology,uncertain_verify_before_use,active,active_fixed_current_realtime_pool_snapshot,2026-06-04,true,false,122,,tradingview_screener_snapshot:/root/projects/trading-storage/storage/01_source_data/realtime/tradingview_equity_screener/2026-06-04/tradingview_equity_screener.csv,2026-06-04,fixed_current_realtime_pool_snapshot_for_historical_replay
HPQ,HP Inc.,Technology Services,uncertain_verify_before_use,active,active_fixed_current_realtime_pool_snapshot,2026-06-04,true,false,124,,tradingview_screener_snapshot:/root/projects/trading-storage/storage/01_source_data/realtime/tradingview_equity_screener/2026-06-04/tradingview_equity_screener.csv,2026-06-04,fixed_current_realtime_pool_snapshot_for_historical_replay
EOSE,"Eos Energy Enterprises, Inc.",Producer Manufacturing,uncertain_verify_before_use,active,active_fixed_current_realtime_pool_snapshot,2026-06-04,true,false,126,,tradingview_screener_snapshot:/root/projects/trading-storage/storage/01_source_data/realtime/tradingview_equity_screener/2026-06-04/tradingview_equity_screener.csv,2026-06-04,fixed_current_realtime_pool_snapshot_for_historical_replay
SIDU,"Sidus Space, Inc.",Electronic Technology,uncertain_verify_before_use,active,active_fixed_current_realtime_pool_snapshot,2026-06-04,true,false,127,,tradingview_screener_snapshot:/root/projects/trading-storage/storage/01_source_data/realtime/tradingview_equity_screener/2026-06-04/tradingview_equity_screener.csv,2026-06-04,fixed_current_realtime_pool_snapshot_for_historical_replay
PINS,"Pinterest, Inc.",Technology Services,uncertain_verify_before_use,active,active_fixed_current_realtime_pool_snapshot,2026-06-04,true,false,128,,tradingview_screener_snapshot:/root/projects/trading-storage/storage/01_source_data/realtime/tradingview_equity_screener/2026-06-04/tradingview_equity_screener.csv,2026-06-04,fixed_current_realtime_pool_snapshot_for_historical_replay
PURR,Hyperliquid Strategies Inc,Finance,uncertain_verify_before_use,active,active_fixed_current_realtime_pool_snapshot,2026-06-04,true,false,129,,tradingview_screener_snapshot:/root/projects/trading-storage/storage/01_source_data/realtime/tradingview_equity_screener/2026-06-04/tradingview_equity_screener.csv,2026-06-04,fixed_current_realtime_pool_snapshot_for_historical_replay
QS,QuantumScape Corporation,Producer Manufacturing,uncertain_verify_before_use,active,active_fixed_current_realtime_pool_snapshot,2026-06-04,true,false,130,,tradingview_screener_snapshot:/root/projects/trading-storage/storage/01_source_data/realtime/tradingview_equity_screener/2026-06-04/tradingview_equity_screener.csv,2026-06-04,fixed_current_realtime_pool_snapshot_for_historical_replay
ZENA,"ZenaTech, Inc.",Technology Services,uncertain_verify_before_use,active,active_fixed_current_realtime_pool_snapshot,2026-06-04,true,false,132,,tradingview_screener_snapshot:/root/projects/trading-storage/storage/01_source_data/realtime/tradingview_equity_screener/2026-06-04/tradingview_equity_screener.csv,2026-06-04,fixed_current_realtime_pool_snapshot_for_historical_replay
HL,Hecla Mining Company,Non-Energy Minerals,uncertain_verify_before_use,active,active_fixed_current_realtime_pool_snapshot,2026-06-04,true,false,133,,tradingview_screener_snapshot:/root/projects/trading-storage/storage/01_source_data/realtime/tradingview_equity_screener/2026-06-04/tradingview_equity_screener.csv,2026-06-04,fixed_current_realtime_pool_snapshot_for_historical_replay
URG,Ur Energy Inc,Non-Energy Minerals,uncertain_verify_before_use,active,active_fixed_current_realtime_pool_snapshot,2026-06-04,true,false,134,,tradingview_screener_snapshot:/root/projects/trading-storage/storage/01_source_data/realtime/tradingview_equity_screener/2026-06-04/tradingview_equity_screener.csv,2026-06-04,fixed_current_realtime_pool_snapshot_for_historical_replay
PYPL,"PayPal Holdings, Inc.",Commercial Services,uncertain_verify_before_use,active,active_fixed_current_realtime_pool_snapshot,2026-06-04,true,false,136,,tradingview_screener_snapshot:/root/projects/trading-storage/storage/01_source_data/realtime/tradingview_equity_screener/2026-06-04/tradingview_equity_screener.csv,2026-06-04,fixed_current_realtime_pool_snapshot_for_historical_replay
AI,"C3.ai, Inc.",Technology Services,uncertain_verify_before_use,active,active_fixed_current_realtime_pool_snapshot,2026-06-04,true,false,137,,tradingview_screener_snapshot:/root/projects/trading-storage/storage/01_source_data/realtime/tradingview_equity_screener/2026-06-04/tradingview_equity_screener.csv,2026-06-04,fixed_current_realtime_pool_snapshot_for_historical_replay
EQX,Equinox Gold Corp.,Non-Energy Minerals,uncertain_verify_before_use,active,active_fixed_current_realtime_pool_snapshot,2026-06-04,true,false,139,,tradingview_screener_snapshot:/root/projects/trading-storage/storage/01_source_data/realtime/tradingview_equity_screener/2026-06-04/tradingview_equity_screener.csv,2026-06-04,fixed_current_realtime_pool_snapshot_for_historical_replay
BULL,Webull Corporation,Technology Services,uncertain_verify_before_use,active,active_fixed_current_realtime_pool_snapshot,2026-06-04,true,false,140,,tradingview_screener_snapshot:/root/projects/trading-storage/storage/01_source_data/realtime/tradingview_equity_screener/2026-06-04/tradingview_equity_screener.csv,2026-06-04,fixed_current_realtime_pool_snapshot_for_historical_replay
RXRX,"Recursion Pharmaceuticals, Inc.",Health Technology,uncertain_verify_before_use,active,active_fixed_current_realtime_pool_snapshot,2026-06-04,true,false,141,,tradingview_screener_snapshot:/root/projects/trading-storage/storage/01_source_data/realtime/tradingview_equity_screener/2026-06-04/tradingview_equity_screener.csv,2026-06-04,fixed_current_realtime_pool_snapshot_for_historical_replay
QXO,"QXO, Inc.",Distribution Services,uncertain_verify_before_use,active,active_fixed_current_realtime_pool_snapshot,2026-06-04,true,false,142,,tradingview_screener_snapshot:/root/projects/trading-storage/storage/01_source_data/realtime/tradingview_equity_screener/2026-06-04/tradingview_equity_screener.csv,2026-06-04,fixed_current_realtime_pool_snapshot_for_historical_replay
CCL,Carnival Corporation Ltd.,Consumer Services,uncertain_verify_before_use,active,active_fixed_current_realtime_pool_snapshot,2026-06-04,true,false,143,,tradingview_screener_snapshot:/root/projects/trading-storage/storage/01_source_data/realtime/tradingview_equity_screener/2026-06-04/tradingview_equity_screener.csv,2026-06-04,fixed_current_realtime_pool_snapshot_for_historical_replay
KHC,The Kraft Heinz Company,Consumer Non-Durables,uncertain_verify_before_use,active,active_fixed_current_realtime_pool_snapshot,2026-06-04,true,false,144,,tradingview_screener_snapshot:/root/projects/trading-storage/storage/01_source_data/realtime/tradingview_equity_screener/2026-06-04/tradingview_equity_screener.csv,2026-06-04,fixed_current_realtime_pool_snapshot_for_historical_replay
AADX,"Applied Aerospace & Defense, Inc.",Electronic Technology,uncertain_verify_before_use,active,active_fixed_current_realtime_pool_snapshot,2026-06-04,true,false,145,,tradingview_screener_snapshot:/root/projects/trading-storage/storage/01_source_data/realtime/tradingview_equity_screener/2026-06-04/tradingview_equity_screener.csv,2026-06-04,fixed_current_realtime_pool_snapshot_for_historical_replay
CAG,"ConAgra Brands, Inc.",Consumer Non-Durables,uncertain_verify_before_use,active,active_fixed_current_realtime_pool_snapshot,2026-06-04,true,false,146,,tradingview_screener_snapshot:/root/projects/trading-storage/storage/01_source_data/realtime/tradingview_equity_screener/2026-06-04/tradingview_equity_screener.csv,2026-06-04,fixed_current_realtime_pool_snapshot_for_historical_replay
GME,GameStop Corporation,Retail Trade,uncertain_verify_before_use,active,active_fixed_current_realtime_pool_snapshot,2026-06-04,true,false,147,,tradingview_screener_snapshot:/root/projects/trading-storage/storage/01_source_data/realtime/tradingview_equity_screener/2026-06-04/tradingview_equity_screener.csv,2026-06-04,fixed_current_realtime_pool_snapshot_for_historical_replay
RZLV,Rezolve AI PLC,Technology Services,uncertain_verify_before_use,active,active_fixed_current_realtime_pool_snapshot,2026-06-04,true,false,149,,tradingview_screener_snapshot:/root/projects/trading-storage/storage/01_source_data/realtime/tradingview_equity_screener/2026-06-04/tradingview_equity_screener.csv,2026-06-04,fixed_current_realtime_pool_snapshot_for_historical_replay
LUMN,"Lumen Technologies, Inc.",Communications,uncertain_verify_before_use,active,active_fixed_current_realtime_pool_snapshot,2026-06-04,true,false,150,,tradingview_screener_snapshot:/root/projects/trading-storage/storage/01_source_data/realtime/tradingview_equity_screener/2026-06-04/tradingview_equity_screener.csv,2026-06-04,fixed_current_realtime_pool_snapshot_for_historical_replay
GTLB,GitLab Inc.,Technology Services,uncertain_verify_before_use,active,active_fixed_current_realtime_pool_snapshot,2026-06-04,true,false,151,,tradingview_screener_snapshot:/root/projects/trading-storage/storage/01_source_data/realtime/tradingview_equity_screener/2026-06-04/tradingview_equity_screener.csv,2026-06-04,fixed_current_realtime_pool_snapshot_for_historical_replay
TTD,"The Trade Desk, Inc.",Technology Services,uncertain_verify_before_use,active,active_fixed_current_realtime_pool_snapshot,2026-06-04,true,false,152,,tradingview_screener_snapshot:/root/projects/trading-storage/storage/01_source_data/realtime/tradingview_equity_screener/2026-06-04/tradingview_equity_screener.csv,2026-06-04,fixed_current_realtime_pool_snapshot_for_historical_replay
LAES,SEALSQ Corp,Electronic Technology,uncertain_verify_before_use,active,active_fixed_current_realtime_pool_snapshot,2026-06-04,true,false,154,,tradingview_screener_snapshot:/root/projects/trading-storage/storage/01_source_data/realtime/tradingview_equity_screener/2026-06-04/tradingview_equity_screener.csv,2026-06-04,fixed_current_realtime_pool_snapshot_for_historical_replay
DGXX,Digi Power X Inc.,Technology Services,uncertain_verify_before_use,active,active_fixed_current_realtime_pool_snapshot,2026-06-04,true,false,155,,tradingview_screener_snapshot:/root/projects/trading-storage/storage/01_source_data/realtime/tradingview_equity_screener/2026-06-04/tradingview_equity_screener.csv,2026-06-04,fixed_current_realtime_pool_snapshot_for_historical_replay
BTE,Baytex Energy Corp,Energy Minerals,uncertain_verify_before_use,active,active_fixed_current_realtime_pool_snapshot,2026-06-04,true,false,156,,tradingview_screener_snapshot:/root/projects/trading-storage/storage/01_source_data/realtime/tradingview_equity_screener/2026-06-04/tradingview_equity_screener.csv,2026-06-04,fixed_current_realtime_pool_snapshot_for_historical_replay
LUNR,"Intuitive Machines, Inc.",Electronic Technology,uncertain_verify_before_use,active,active_fixed_current_realtime_pool_snapshot,2026-06-04,true,false,158,,tradingview_screener_snapshot:/root/projects/trading-storage/storage/01_source_data/realtime/tradingview_equity_screener/2026-06-04/tradingview_equity_screener.csv,2026-06-04,fixed_current_realtime_pool_snapshot_for_historical_replay
RCAT,"Red Cat Holdings, Inc.",Technology Services,uncertain_verify_before_use,active,active_fixed_current_realtime_pool_snapshot,2026-06-04,true,false,159,,tradingview_screener_snapshot:/root/projects/trading-storage/storage/01_source_data/realtime/tradingview_equity_screener/2026-06-04/tradingview_equity_screener.csv,2026-06-04,fixed_current_realtime_pool_snapshot_for_historical_replay
CRCL,"Circle Internet Group, Inc.",Technology Services,uncertain_verify_before_use,active,active_fixed_current_realtime_pool_snapshot,2026-06-04,true,false,160,,tradingview_screener_snapshot:/root/projects/trading-storage/storage/01_source_data/realtime/tradingview_equity_screener/2026-06-04/tradingview_equity_screener.csv,2026-06-04,fixed_current_realtime_pool_snapshot_for_historical_replay
APLD,Applied Digital Corporation,Technology Services,uncertain_verify_before_use,active,active_fixed_current_realtime_pool_snapshot,2026-06-04,true,false,161,,tradingview_screener_snapshot:/root/projects/trading-storage/storage/01_source_data/realtime/tradingview_equity_screener/2026-06-04/tradingview_equity_screener.csv,2026-06-04,fixed_current_realtime_pool_snapshot_for_historical_replay
RIOT,"Riot Platforms, Inc.",Technology Services,uncertain_verify_before_use,active,active_fixed_current_realtime_pool_snapshot,2026-06-04,true,false,162,,tradingview_screener_snapshot:/root/projects/trading-storage/storage/01_source_data/realtime/tradingview_equity_screener/2026-06-04/tradingview_equity_screener.csv,2026-06-04,fixed_current_realtime_pool_snapshot_for_historical_replay
LCID,"Lucid Group, Inc.",Consumer Durables,uncertain_verify_before_use,active,active_fixed_current_realtime_pool_snapshot,2026-06-04,true,false,163,,tradingview_screener_snapshot:/root/projects/trading-storage/storage/01_source_data/realtime/tradingview_equity_screener/2026-06-04/tradingview_equity_screener.csv,2026-06-04,fixed_current_realtime_pool_snapshot_for_historical_replay
LAC,Lithium Americas Corp.,Non-Energy Minerals,uncertain_verify_before_use,active,active_fixed_current_realtime_pool_snapshot,2026-06-04,true,false,164,,tradingview_screener_snapshot:/root/projects/trading-storage/storage/01_source_data/realtime/tradingview_equity_screener/2026-06-04/tradingview_equity_screener.csv,2026-06-04,fixed_current_realtime_pool_snapshot_for_historical_replay
PL,Planet Labs PBC,Technology Services,uncertain_verify_before_use,active,active_fixed_current_realtime_pool_snapshot,2026-06-04,true,false,165,,tradingview_screener_snapshot:/root/projects/trading-storage/storage/01_source_data/realtime/tradingview_equity_screener/2026-06-04/tradingview_equity_screener.csv,2026-06-04,fixed_current_realtime_pool_snapshot_for_historical_replay
CPNG,"Coupang, Inc.",Retail Trade,uncertain_verify_before_use,active,active_fixed_current_realtime_pool_snapshot,2026-06-04,true,false,167,,tradingview_screener_snapshot:/root/projects/trading-storage/storage/01_source_data/realtime/tradingview_equity_screener/2026-06-04/tradingview_equity_screener.csv,2026-06-04,fixed_current_realtime_pool_snapshot_for_historical_replay
HKIT,Hitek Global Inc.,Technology Services,uncertain_verify_before_use,active,active_fixed_current_realtime_pool_snapshot,2026-06-04,true,false,168,,tradingview_screener_snapshot:/root/projects/trading-storage/storage/01_source_data/realtime/tradingview_equity_screener/2026-06-04/tradingview_equity_screener.csv,2026-06-04,fixed_current_realtime_pool_snapshot_for_historical_replay
RKTO,Rocket One Inc.,Health Technology,uncertain_verify_before_use,active,active_fixed_current_realtime_pool_snapshot,2026-06-04,true,false,170,,tradingview_screener_snapshot:/root/projects/trading-storage/storage/01_source_data/realtime/tradingview_equity_screener/2026-06-04/tradingview_equity_screener.csv,2026-06-04,fixed_current_realtime_pool_snapshot_for_historical_replay
FNGR,"FingerMotion, Inc.",Technology Services,uncertain_verify_before_use,active,active_fixed_current_realtime_pool_snapshot,2026-06-04,true,false,171,,tradingview_screener_snapshot:/root/projects/trading-storage/storage/01_source_data/realtime/tradingview_equity_screener/2026-06-04/tradingview_equity_screener.csv,2026-06-04,fixed_current_realtime_pool_snapshot_for_historical_replay
FIG,FIGMA INC,Technology Services,uncertain_verify_before_use,active,active_fixed_current_realtime_pool_snapshot,2026-06-04,true,false,173,,tradingview_screener_snapshot:/root/projects/trading-storage/storage/01_source_data/realtime/tradingview_equity_screener/2026-06-04/tradingview_equity_screener.csv,2026-06-04,fixed_current_realtime_pool_snapshot_for_historical_replay
FOXX,Foxx Development Holdings Inc.,Distribution Services,uncertain_verify_before_use,active,active_fixed_current_realtime_pool_snapshot,2026-06-04,true,false,174,,tradingview_screener_snapshot:/root/projects/trading-storage/storage/01_source_data/realtime/tradingview_equity_screener/2026-06-04/tradingview_equity_screener.csv,2026-06-04,fixed_current_realtime_pool_snapshot_for_historical_replay
BTDR,Bitdeer Technologies Group,Technology Services,uncertain_verify_before_use,active,active_fixed_current_realtime_pool_snapshot,2026-06-04,true,false,176,,tradingview_screener_snapshot:/root/projects/trading-storage/storage/01_source_data/realtime/tradingview_equity_screener/2026-06-04/tradingview_equity_screener.csv,2026-06-04,fixed_current_realtime_pool_snapshot_for_historical_replay
FSLY,"Fastly, Inc.",Technology Services,uncertain_verify_before_use,active,active_fixed_current_realtime_pool_snapshot,2026-06-04,true,false,177,,tradingview_screener_snapshot:/root/projects/trading-storage/storage/01_source_data/realtime/tradingview_equity_screener/2026-06-04/tradingview_equity_screener.csv,2026-06-04,fixed_current_realtime_pool_snapshot_for_historical_replay
M,Macy's Inc,Retail Trade,uncertain_verify_before_use,active,active_fixed_current_realtime_pool_snapshot,2026-06-04,true,false,180,,tradingview_screener_snapshot:/root/projects/trading-storage/storage/01_source_data/realtime/tradingview_equity_screener/2026-06-04/tradingview_equity_screener.csv,2026-06-04,fixed_current_realtime_pool_snapshot_for_historical_replay
NTSK,"Netskope, Inc.",Technology Services,uncertain_verify_before_use,active,active_fixed_current_realtime_pool_snapshot,2026-06-04,true,false,182,,tradingview_screener_snapshot:/root/projects/trading-storage/storage/01_source_data/realtime/tradingview_equity_screener/2026-06-04/tradingview_equity_screener.csv,2026-06-04,fixed_current_realtime_pool_snapshot_for_historical_replay
JBS,JBS N.V.,Consumer Non-Durables,uncertain_verify_before_use,active,active_fixed_current_realtime_pool_snapshot,2026-06-04,true,false,183,,tradingview_screener_snapshot:/root/projects/trading-storage/storage/01_source_data/realtime/tradingview_equity_screener/2026-06-04/tradingview_equity_screener.csv,2026-06-04,fixed_current_realtime_pool_snapshot_for_historical_replay
MSAI,"MultiSensor AI Holdings, Inc.",Electronic Technology,uncertain_verify_before_use,active,active_fixed_current_realtime_pool_snapshot,2026-06-04,true,false,184,,tradingview_screener_snapshot:/root/projects/trading-storage/storage/01_source_data/realtime/tradingview_equity_screener/2026-06-04/tradingview_equity_screener.csv,2026-06-04,fixed_current_realtime_pool_snapshot_for_historical_replay
RR,Richtech Robotics Inc.,Consumer Durables,uncertain_verify_before_use,active,active_fixed_current_realtime_pool_snapshot,2026-06-04,true,false,187,,tradingview_screener_snapshot:/root/projects/trading-storage/storage/01_source_data/realtime/tradingview_equity_screener/2026-06-04/tradingview_equity_screener.csv,2026-06-04,fixed_current_realtime_pool_snapshot_for_historical_replay
PPL,PPL Corporation,Utilities,uncertain_verify_before_use,active,active_fixed_current_realtime_pool_snapshot,2026-06-04,true,false,188,,tradingview_screener_snapshot:/root/projects/trading-storage/storage/01_source_data/realtime/tradingview_equity_screener/2026-06-04/tradingview_equity_screener.csv,2026-06-04,fixed_current_realtime_pool_snapshot_for_historical_replay
HIMS,"Hims & Hers Health, Inc.",Health Services,uncertain_verify_before_use,active,active_fixed_current_realtime_pool_snapshot,2026-06-04,true,false,189,,tradingview_screener_snapshot:/root/projects/trading-storage/storage/01_source_data/realtime/tradingview_equity_screener/2026-06-04/tradingview_equity_screener.csv,2026-06-04,fixed_current_realtime_pool_snapshot_for_historical_replay
GIS,"General Mills, Inc.",Consumer Non-Durables,uncertain_verify_before_use,active,active_fixed_current_realtime_pool_snapshot,2026-06-04,true,false,190,,tradingview_screener_snapshot:/root/projects/trading-storage/storage/01_source_data/realtime/tradingview_equity_screener/2026-06-04/tradingview_equity_screener.csv,2026-06-04,fixed_current_realtime_pool_snapshot_for_historical_replay
CCC,CCC Intelligent Solutions Holdings Inc.,Technology Services,uncertain_verify_before_use,active,active_fixed_current_realtime_pool_snapshot,2026-06-04,true,false,191,,tradingview_screener_snapshot:/root/projects/trading-storage/storage/01_source_data/realtime/tradingview_equity_screener/2026-06-04/tradingview_equity_screener.csv,2026-06-04,fixed_current_realtime_pool_snapshot_for_historical_replay
WEN,Wendy's Company (The),Consumer Services,uncertain_verify_before_use,active,active_fixed_current_realtime_pool_snapshot,2026-06-04,true,false,192,,tradingview_screener_snapshot:/root/projects/trading-storage/storage/01_source_data/realtime/tradingview_equity_screener/2026-06-04/tradingview_equity_screener.csv,2026-06-04,fixed_current_realtime_pool_snapshot_for_historical_replay
CLDI,"Calidi Biotherapeutics, Inc.",Health Technology,uncertain_verify_before_use,active,active_fixed_current_realtime_pool_snapshot,2026-06-04,true,false,193,,tradingview_screener_snapshot:/root/projects/trading-storage/storage/01_source_data/realtime/tradingview_equity_screener/2026-06-04/tradingview_equity_screener.csv,2026-06-04,fixed_current_realtime_pool_snapshot_for_historical_replay
MEHA,"Functional Brands, Inc.",Health Technology,uncertain_verify_before_use,active,active_fixed_current_realtime_pool_snapshot,2026-06-04,true,false,194,,tradingview_screener_snapshot:/root/projects/trading-storage/storage/01_source_data/realtime/tradingview_equity_screener/2026-06-04/tradingview_equity_screener.csv,2026-06-04,fixed_current_realtime_pool_snapshot_for_historical_replay
FLNC,"Fluence Energy, Inc.",Producer Manufacturing,uncertain_verify_before_use,active,active_fixed_current_realtime_pool_snapshot,2026-06-04,true,false,195,,tradingview_screener_snapshot:/root/projects/trading-storage/storage/01_source_data/realtime/tradingview_equity_screener/2026-06-04/tradingview_equity_screener.csv,2026-06-04,fixed_current_realtime_pool_snapshot_for_historical_replay
RXT,"Rackspace Technology, Inc.",Technology Services,uncertain_verify_before_use,active,active_fixed_current_realtime_pool_snapshot,2026-06-04,true,false,196,,tradingview_screener_snapshot:/root/projects/trading-storage/storage/01_source_data/realtime/tradingview_equity_screener/2026-06-04/tradingview_equity_screener.csv,2026-06-04,fixed_current_realtime_pool_snapshot_for_historical_replay
KOPN,Kopin Corporation,Electronic Technology,uncertain_verify_before_use,active,active_fixed_current_realtime_pool_snapshot,2026-06-04,true,false,198,,tradingview_screener_snapshot:/root/projects/trading-storage/storage/01_source_data/realtime/tradingview_equity_screener/2026-06-04/tradingview_equity_screener.csv,2026-06-04,fixed_current_realtime_pool_snapshot_for_historical_replay
KEY,KeyCorp,Finance,uncertain_verify_before_use,active,active_fixed_current_realtime_pool_snapshot,2026-06-04,true,false,199,,tradingview_screener_snapshot:/root/projects/trading-storage/storage/01_source_data/realtime/tradingview_equity_screener/2026-06-04/tradingview_equity_screener.csv,2026-06-04,fixed_current_realtime_pool_snapshot_for_historical_replay
BNRG,Brenmiller Energy Ltd,Industrial Services,uncertain_verify_before_use,active,active_fixed_current_realtime_pool_snapshot,2026-06-04,true,false,200,,tradingview_screener_snapshot:/root/projects/trading-storage/storage/01_source_data/realtime/tradingview_equity_screener/2026-06-04/tradingview_equity_screener.csv,2026-06-04,fixed_current_realtime_pool_snapshot_for_historical_replay
FFAI,Faraday Future Intelligent Electric Inc.,Consumer Durables,uncertain_verify_before_use,active,active_fixed_current_realtime_pool_snapshot,2026-06-04,true,false,202,,tradingview_screener_snapshot:/root/projects/trading-storage/storage/01_source_data/realtime/tradingview_equity_screener/2026-06-04/tradingview_equity_screener.csv,2026-06-04,fixed_current_realtime_pool_snapshot_for_historical_replay
TOST,"Toast, Inc.",Technology Services,uncertain_verify_before_use,active,active_fixed_current_realtime_pool_snapshot,2026-06-04,true,false,203,,tradingview_screener_snapshot:/root/projects/trading-storage/storage/01_source_data/realtime/tradingview_equity_screener/2026-06-04/tradingview_equity_screener.csv,2026-06-04,fixed_current_realtime_pool_snapshot_for_historical_replay
GOSS,"Gossamer Bio, Inc.",Health Technology,uncertain_verify_before_use,active,active_fixed_current_realtime_pool_snapshot,2026-06-04,true,false,206,,tradingview_screener_snapshot:/root/projects/trading-storage/storage/01_source_data/realtime/tradingview_equity_screener/2026-06-04/tradingview_equity_screener.csv,2026-06-04,fixed_current_realtime_pool_snapshot_for_historical_replay
VSH,"Vishay Intertechnology, Inc.",Electronic Technology,uncertain_verify_before_use,active,active_fixed_current_realtime_pool_snapshot,2026-06-04,true,false,208,,tradingview_screener_snapshot:/root/projects/trading-storage/storage/01_source_data/realtime/tradingview_equity_screener/2026-06-04/tradingview_equity_screener.csv,2026-06-04,fixed_current_realtime_pool_snapshot_for_historical_replay
CORZ,"Core Scientific, Inc.",Technology Services,uncertain_verify_before_use,active,active_fixed_current_realtime_pool_snapshot,2026-06-04,true,false,209,,tradingview_screener_snapshot:/root/projects/trading-storage/storage/01_source_data/realtime/tradingview_equity_screener/2026-06-04/tradingview_equity_screener.csv,2026-06-04,fixed_current_realtime_pool_snapshot_for_historical_replay
VG,"Venture Global, Inc.",Industrial Services,uncertain_verify_before_use,active,active_fixed_current_realtime_pool_snapshot,2026-06-04,true,false,212,,tradingview_screener_snapshot:/root/projects/trading-storage/storage/01_source_data/realtime/tradingview_equity_screener/2026-06-04/tradingview_equity_screener.csv,2026-06-04,fixed_current_realtime_pool_snapshot_for_historical_replay
MVIS,"MicroVision, Inc.",Electronic Technology,uncertain_verify_before_use,active,active_fixed_current_realtime_pool_snapshot,2026-06-04,true,false,213,,tradingview_screener_snapshot:/root/projects/trading-storage/storage/01_source_data/realtime/tradingview_equity_screener/2026-06-04/tradingview_equity_screener.csv,2026-06-04,fixed_current_realtime_pool_snapshot_for_historical_replay
STLA,Stellantis N.V.,Consumer Durables,uncertain_verify_before_use,active,active_fixed_current_realtime_pool_snapshot,2026-06-04,true,false,214,,tradingview_screener_snapshot:/root/projects/trading-storage/storage/01_source_data/realtime/tradingview_equity_screener/2026-06-04/tradingview_equity_screener.csv,2026-06-04,fixed_current_realtime_pool_snapshot_for_historical_replay
FRMI,Fermi Inc.,Finance,uncertain_verify_before_use,active,active_fixed_current_realtime_pool_snapshot,2026-06-04,true,false,216,,tradingview_screener_snapshot:/root/projects/trading-storage/storage/01_source_data/realtime/tradingview_equity_screener/2026-06-04/tradingview_equity_screener.csv,2026-06-04,fixed_current_realtime_pool_snapshot_for_historical_replay
GNS,Genius Group Limited,Technology Services,uncertain_verify_before_use,active,active_fixed_current_realtime_pool_snapshot,2026-06-04,true,false,219,,tradingview_screener_snapshot:/root/projects/trading-storage/storage/01_source_data/realtime/tradingview_equity_screener/2026-06-04/tradingview_equity_screener.csv,2026-06-04,fixed_current_realtime_pool_snapshot_for_historical_replay
GPN,Global Payments Inc.,Commercial Services,uncertain_verify_before_use,active,active_fixed_current_realtime_pool_snapshot,2026-06-04,true,false,220,,tradingview_screener_snapshot:/root/projects/trading-storage/storage/01_source_data/realtime/tradingview_equity_screener/2026-06-04/tradingview_equity_screener.csv,2026-06-04,fixed_current_realtime_pool_snapshot_for_historical_replay
HST,"Host Hotels & Resorts, Inc.",Finance,uncertain_verify_before_use,active,active_fixed_current_realtime_pool_snapshot,2026-06-04,true,false,221,,tradingview_screener_snapshot:/root/projects/trading-storage/storage/01_source_data/realtime/tradingview_equity_screener/2026-06-04/tradingview_equity_screener.csv,2026-06-04,fixed_current_realtime_pool_snapshot_for_historical_replay
ZETA,Zeta Global Holdings Corp.,Technology Services,uncertain_verify_before_use,active,active_fixed_current_realtime_pool_snapshot,2026-06-04,true,false,225,,tradingview_screener_snapshot:/root/projects/trading-storage/storage/01_source_data/realtime/tradingview_equity_screener/2026-06-04/tradingview_equity_screener.csv,2026-06-04,fixed_current_realtime_pool_snapshot_for_historical_replay
AES,The AES Corporation,Utilities,uncertain_verify_before_use,active,active_fixed_current_realtime_pool_snapshot,2026-06-04,true,false,226,,tradingview_screener_snapshot:/root/projects/trading-storage/storage/01_source_data/realtime/tradingview_equity_screener/2026-06-04/tradingview_equity_screener.csv,2026-06-04,fixed_current_realtime_pool_snapshot_for_historical_replay
NWL,Newell Brands Inc.,Producer Manufacturing,uncertain_verify_before_use,active,active_fixed_current_realtime_pool_snapshot,2026-06-04,true,false,228,,tradingview_screener_snapshot:/root/projects/trading-storage/storage/01_source_data/realtime/tradingview_equity_screener/2026-06-04/tradingview_equity_screener.csv,2026-06-04,fixed_current_realtime_pool_snapshot_for_historical_replay
OTLK,"Outlook Therapeutics, Inc.",Health Technology,uncertain_verify_before_use,active,active_fixed_current_realtime_pool_snapshot,2026-06-04,true,false,230,,tradingview_screener_snapshot:/root/projects/trading-storage/storage/01_source_data/realtime/tradingview_equity_screener/2026-06-04/tradingview_equity_screener.csv,2026-06-04,fixed_current_realtime_pool_snapshot_for_historical_replay
UEC,Uranium Energy Corp.,Non-Energy Minerals,uncertain_verify_before_use,active,active_fixed_current_realtime_pool_snapshot,2026-06-04,true,false,232,,tradingview_screener_snapshot:/root/projects/trading-storage/storage/01_source_data/realtime/tradingview_equity_screener/2026-06-04/tradingview_equity_screener.csv,2026-06-04,fixed_current_realtime_pool_snapshot_for_historical_replay
RF,Regions Financial Corporation,Finance,uncertain_verify_before_use,active,active_fixed_current_realtime_pool_snapshot,2026-06-04,true,false,233,,tradingview_screener_snapshot:/root/projects/trading-storage/storage/01_source_data/realtime/tradingview_equity_screener/2026-06-04/tradingview_equity_screener.csv,2026-06-04,fixed_current_realtime_pool_snapshot_for_historical_replay
SNBR,Sleep Number Corporation,Consumer Durables,uncertain_verify_before_use,active,active_fixed_current_realtime_pool_snapshot,2026-06-04,true,false,234,,tradingview_screener_snapshot:/root/projects/trading-storage/storage/01_source_data/realtime/tradingview_equity_screener/2026-06-04/tradingview_equity_screener.csv,2026-06-04,fixed_current_realtime_pool_snapshot_for_historical_replay
HRTX,"Heron Therapeutics, Inc.",Health Technology,uncertain_verify_before_use,active,active_fixed_current_realtime_pool_snapshot,2026-06-04,true,false,235,,tradingview_screener_snapshot:/root/projects/trading-storage/storage/01_source_data/realtime/tradingview_equity_screener/2026-06-04/tradingview_equity_screener.csv,2026-06-04,fixed_current_realtime_pool_snapshot_for_historical_replay
DOW,Dow Inc.,Process Industries,uncertain_verify_before_use,active,active_fixed_current_realtime_pool_snapshot,2026-06-04,true,false,236,,tradingview_screener_snapshot:/root/projects/trading-storage/storage/01_source_data/realtime/tradingview_equity_screener/2026-06-04/tradingview_equity_screener.csv,2026-06-04,fixed_current_realtime_pool_snapshot_for_historical_replay
HAL,Halliburton Company,Industrial Services,uncertain_verify_before_use,active,active_fixed_current_realtime_pool_snapshot,2026-06-04,true,false,237,,tradingview_screener_snapshot:/root/projects/trading-storage/storage/01_source_data/realtime/tradingview_equity_screener/2026-06-04/tradingview_equity_screener.csv,2026-06-04,fixed_current_realtime_pool_snapshot_for_historical_replay
CPB,The Campbell's Company,Consumer Non-Durables,uncertain_verify_before_use,active,active_fixed_current_realtime_pool_snapshot,2026-06-04,true,false,238,,tradingview_screener_snapshot:/root/projects/trading-storage/storage/01_source_data/realtime/tradingview_equity_screener/2026-06-04/tradingview_equity_screener.csv,2026-06-04,fixed_current_realtime_pool_snapshot_for_historical_replay
AGNC,AGNC Investment Corp.,Finance,uncertain_verify_before_use,active,active_fixed_current_realtime_pool_snapshot,2026-06-04,true,false,239,,tradingview_screener_snapshot:/root/projects/trading-storage/storage/01_source_data/realtime/tradingview_equity_screener/2026-06-04/tradingview_equity_screener.csv,2026-06-04,fixed_current_realtime_pool_snapshot_for_historical_replay
SPWR,SunPower Inc.,Industrial Services,uncertain_verify_before_use,active,active_fixed_current_realtime_pool_snapshot,2026-06-04,true,false,242,,tradingview_screener_snapshot:/root/projects/trading-storage/storage/01_source_data/realtime/tradingview_equity_screener/2026-06-04/tradingview_equity_screener.csv,2026-06-04,fixed_current_realtime_pool_snapshot_for_historical_replay
LYFT,"Lyft, Inc.",Transportation,uncertain_verify_before_use,active,active_fixed_current_realtime_pool_snapshot,2026-06-04,true,false,243,,tradingview_screener_snapshot:/root/projects/trading-storage/storage/01_source_data/realtime/tradingview_equity_screener/2026-06-04/tradingview_equity_screener.csv,2026-06-04,fixed_current_realtime_pool_snapshot_for_historical_replay
CNH,CNH Industrial N.V.,Producer Manufacturing,uncertain_verify_before_use,active,active_fixed_current_realtime_pool_snapshot,2026-06-04,true,false,244,,tradingview_screener_snapshot:/root/projects/trading-storage/storage/01_source_data/realtime/tradingview_equity_screener/2026-06-04/tradingview_equity_screener.csv,2026-06-04,fixed_current_realtime_pool_snapshot_for_historical_replay
CRML,Critical Metals Corp.,Non-Energy Minerals,uncertain_verify_before_use,active,active_fixed_current_realtime_pool_snapshot,2026-06-04,true,false,245,,tradingview_screener_snapshot:/root/projects/trading-storage/storage/01_source_data/realtime/tradingview_equity_screener/2026-06-04/tradingview_equity_screener.csv,2026-06-04,fixed_current_realtime_pool_snapshot_for_historical_replay
FISV,"Fiserv, Inc.",Commercial Services,uncertain_verify_before_use,active,active_fixed_current_realtime_pool_snapshot,2026-06-04,true,false,246,,tradingview_screener_snapshot:/root/projects/trading-storage/storage/01_source_data/realtime/tradingview_equity_screener/2026-06-04/tradingview_equity_screener.csv,2026-06-04,fixed_current_realtime_pool_snapshot_for_historical_replay
TOPS,"TOP Ships, Inc.",Transportation,uncertain_verify_before_use,active,active_fixed_current_realtime_pool_snapshot,2026-06-04,true,false,247,,tradingview_screener_snapshot:/root/projects/trading-storage/storage/01_source_data/realtime/tradingview_equity_screener/2026-06-04/tradingview_equity_screener.csv,2026-06-04,fixed_current_realtime_pool_snapshot_for_historical_replay
PTON,"Peloton Interactive, Inc.",Consumer Services,uncertain_verify_before_use,active,active_fixed_current_realtime_pool_snapshot,2026-06-04,true,false,248,,tradingview_screener_snapshot:/root/projects/trading-storage/storage/01_source_data/realtime/tradingview_equity_screener/2026-06-04/tradingview_equity_screener.csv,2026-06-04,fixed_current_realtime_pool_snapshot_for_historical_replay
VRRM,Verra Mobility Corporation,Transportation,uncertain_verify_before_use,active,active_fixed_current_realtime_pool_snapshot,2026-06-04,true,false,249,,tradingview_screener_snapshot:/root/projects/trading-storage/storage/01_source_data/realtime/tradingview_equity_screener/2026-06-04/tradingview_equity_screener.csv,2026-06-04,fixed_current_realtime_pool_snapshot_for_historical_replay
PR,Permian Resources Corporation,Energy Minerals,uncertain_verify_before_use,active,active_fixed_current_realtime_pool_snapshot,2026-06-04,true,false,251,,tradingview_screener_snapshot:/root/projects/trading-storage/storage/01_source_data/realtime/tradingview_equity_screener/2026-06-04/tradingview_equity_screener.csv,2026-06-04,fixed_current_realtime_pool_snapshot_for_historical_replay
GERN,Geron Corporation,Health Technology,uncertain_verify_before_use,active,active_fixed_current_realtime_pool_snapshot,2026-06-04,true,false,252,,tradingview_screener_snapshot:/root/projects/trading-storage/storage/01_source_data/realtime/tradingview_equity_screener/2026-06-04/tradingview_equity_screener.csv,2026-06-04,fixed_current_realtime_pool_snapshot_for_historical_replay
AAOI,"Applied Optoelectronics, Inc.",Electronic Technology,uncertain_verify_before_use,active,active_fixed_current_realtime_pool_snapshot,2026-06-04,true,false,253,,tradingview_screener_snapshot:/root/projects/trading-storage/storage/01_source_data/realtime/tradingview_equity_screener/2026-06-04/tradingview_equity_screener.csv,2026-06-04,fixed_current_realtime_pool_snapshot_for_historical_replay
S,"SentinelOne, Inc.",Technology Services,uncertain_verify_before_use,active,active_fixed_current_realtime_pool_snapshot,2026-06-04,true,false,254,,tradingview_screener_snapshot:/root/projects/trading-storage/storage/01_source_data/realtime/tradingview_equity_screener/2026-06-04/tradingview_equity_screener.csv,2026-06-04,fixed_current_realtime_pool_snapshot_for_historical_replay
ALHC,"Alignment Healthcare, Inc.",Health Services,uncertain_verify_before_use,active,active_fixed_current_realtime_pool_snapshot,2026-06-04,true,false,255,,tradingview_screener_snapshot:/root/projects/trading-storage/storage/01_source_data/realtime/tradingview_equity_screener/2026-06-04/tradingview_equity_screener.csv,2026-06-04,fixed_current_realtime_pool_snapshot_for_historical_replay
AG,First Majestic Silver Corp.,Non-Energy Minerals,uncertain_verify_before_use,active,active_fixed_current_realtime_pool_snapshot,2026-06-04,true,false,256,,tradingview_screener_snapshot:/root/projects/trading-storage/storage/01_source_data/realtime/tradingview_equity_screener/2026-06-04/tradingview_equity_screener.csv,2026-06-04,fixed_current_realtime_pool_snapshot_for_historical_replay
UUUU,Energy Fuels Inc,Non-Energy Minerals,uncertain_verify_before_use,active,active_fixed_current_realtime_pool_snapshot,2026-06-04,true,false,257,,tradingview_screener_snapshot:/root/projects/trading-storage/storage/01_source_data/realtime/tradingview_equity_screener/2026-06-04/tradingview_equity_screener.csv,2026-06-04,fixed_current_realtime_pool_snapshot_for_historical_replay
WU,Western Union Company (The),Finance,uncertain_verify_before_use,active,active_fixed_current_realtime_pool_snapshot,2026-06-04,true,false,259,,tradingview_screener_snapshot:/root/projects/trading-storage/storage/01_source_data/realtime/tradingview_equity_screener/2026-06-04/tradingview_equity_screener.csv,2026-06-04,fixed_current_realtime_pool_snapshot_for_historical_replay
CRDO,Credo Technology Group Holding Ltd,Technology Services,uncertain_verify_before_use,active,active_fixed_current_realtime_pool_snapshot,2026-06-04,true,false,260,,tradingview_screener_snapshot:/root/projects/trading-storage/storage/01_source_data/realtime/tradingview_equity_screener/2026-06-04/tradingview_equity_screener.csv,2026-06-04,fixed_current_realtime_pool_snapshot_for_historical_replay
CPRT,"Copart, Inc.",Retail Trade,uncertain_verify_before_use,active,active_fixed_current_realtime_pool_snapshot,2026-06-04,true,false,261,,tradingview_screener_snapshot:/root/projects/trading-storage/storage/01_source_data/realtime/tradingview_equity_screener/2026-06-04/tradingview_equity_screener.csv,2026-06-04,fixed_current_realtime_pool_snapshot_for_historical_replay
IOVA,"Iovance Biotherapeutics, Inc.",Health Technology,uncertain_verify_before_use,active,active_fixed_current_realtime_pool_snapshot,2026-06-04,true,false,262,,tradingview_screener_snapshot:/root/projects/trading-storage/storage/01_source_data/realtime/tradingview_equity_screener/2026-06-04/tradingview_equity_screener.csv,2026-06-04,fixed_current_realtime_pool_snapshot_for_historical_replay
CSGP,"CoStar Group, Inc.",Technology Services,uncertain_verify_before_use,active,active_fixed_current_realtime_pool_snapshot,2026-06-04,true,false,264,,tradingview_screener_snapshot:/root/projects/trading-storage/storage/01_source_data/realtime/tradingview_equity_screener/2026-06-04/tradingview_equity_screener.csv,2026-06-04,fixed_current_realtime_pool_snapshot_for_historical_replay
SATL,Satellogic Inc.,Electronic Technology,uncertain_verify_before_use,active,active_fixed_current_realtime_pool_snapshot,2026-06-04,true,false,266,,tradingview_screener_snapshot:/root/projects/trading-storage/storage/01_source_data/realtime/tradingview_equity_screener/2026-06-04/tradingview_equity_screener.csv,2026-06-04,fixed_current_realtime_pool_snapshot_for_historical_replay
BLDP,"Ballard Power Systems, Inc.",Producer Manufacturing,uncertain_verify_before_use,active,active_fixed_current_realtime_pool_snapshot,2026-06-04,true,false,267,,tradingview_screener_snapshot:/root/projects/trading-storage/storage/01_source_data/realtime/tradingview_equity_screener/2026-06-04/tradingview_equity_screener.csv,2026-06-04,fixed_current_realtime_pool_snapshot_for_historical_replay
SUGP,SU Group Holdings Limited,Commercial Services,uncertain_verify_before_use,active,active_fixed_current_realtime_pool_snapshot,2026-06-04,true,false,268,,tradingview_screener_snapshot:/root/projects/trading-storage/storage/01_source_data/realtime/tradingview_equity_screener/2026-06-04/tradingview_equity_screener.csv,2026-06-04,fixed_current_realtime_pool_snapshot_for_historical_replay
UMAC,"Unusual Machines, Inc.",Electronic Technology,uncertain_verify_before_use,active,active_fixed_current_realtime_pool_snapshot,2026-06-04,true,false,270,,tradingview_screener_snapshot:/root/projects/trading-storage/storage/01_source_data/realtime/tradingview_equity_screener/2026-06-04/tradingview_equity_screener.csv,2026-06-04,fixed_current_realtime_pool_snapshot_for_historical_replay
ALLO,"Allogene Therapeutics, Inc.",Health Technology,uncertain_verify_before_use,active,active_fixed_current_realtime_pool_snapshot,2026-06-04,true,false,272,,tradingview_screener_snapshot:/root/projects/trading-storage/storage/01_source_data/realtime/tradingview_equity_screener/2026-06-04/tradingview_equity_screener.csv,2026-06-04,fixed_current_realtime_pool_snapshot_for_historical_replay
ADT,ADT Inc.,Commercial Services,uncertain_verify_before_use,active,active_fixed_current_realtime_pool_snapshot,2026-06-04,true,false,273,,tradingview_screener_snapshot:/root/projects/trading-storage/storage/01_source_data/realtime/tradingview_equity_screener/2026-06-04/tradingview_equity_screener.csv,2026-06-04,fixed_current_realtime_pool_snapshot_for_historical_replay
REPL,"Replimune Group, Inc.",Health Technology,uncertain_verify_before_use,active,active_fixed_current_realtime_pool_snapshot,2026-06-04,true,false,274,,tradingview_screener_snapshot:/root/projects/trading-storage/storage/01_source_data/realtime/tradingview_equity_screener/2026-06-04/tradingview_equity_screener.csv,2026-06-04,fixed_current_realtime_pool_snapshot_for_historical_replay
GPK,Graphic Packaging Holding Company,Process Industries,uncertain_verify_before_use,active,active_fixed_current_realtime_pool_snapshot,2026-06-04,true,false,275,,tradingview_screener_snapshot:/root/projects/trading-storage/storage/01_source_data/realtime/tradingview_equity_screener/2026-06-04/tradingview_equity_screener.csv,2026-06-04,fixed_current_realtime_pool_snapshot_for_historical_replay
IBRX,"ImmunityBio, Inc.",Health Technology,uncertain_verify_before_use,active,active_fixed_current_realtime_pool_snapshot,2026-06-04,true,false,278,,tradingview_screener_snapshot:/root/projects/trading-storage/storage/01_source_data/realtime/tradingview_equity_screener/2026-06-04/tradingview_equity_screener.csv,2026-06-04,fixed_current_realtime_pool_snapshot_for_historical_replay
JAN,"Janus Living, Inc.",Finance,uncertain_verify_before_use,active,active_fixed_current_realtime_pool_snapshot,2026-06-04,true,false,280,,tradingview_screener_snapshot:/root/projects/trading-storage/storage/01_source_data/realtime/tradingview_equity_screener/2026-06-04/tradingview_equity_screener.csv,2026-06-04,fixed_current_realtime_pool_snapshot_for_historical_replay
VICI,VICI Properties Inc.,Finance,uncertain_verify_before_use,active,active_fixed_current_realtime_pool_snapshot,2026-06-04,true,false,281,,tradingview_screener_snapshot:/root/projects/trading-storage/storage/01_source_data/realtime/tradingview_equity_screener/2026-06-04/tradingview_equity_screener.csv,2026-06-04,fixed_current_realtime_pool_snapshot_for_historical_replay
RBLX,Roblox Corporation,Technology Services,uncertain_verify_before_use,active,active_fixed_current_realtime_pool_snapshot,2026-06-04,true,false,283,,tradingview_screener_snapshot:/root/projects/trading-storage/storage/01_source_data/realtime/tradingview_equity_screener/2026-06-04/tradingview_equity_screener.csv,2026-06-04,fixed_current_realtime_pool_snapshot_for_historical_replay
BCE,"BCE, Inc.",Communications,uncertain_verify_before_use,active,active_fixed_current_realtime_pool_snapshot,2026-06-04,true,false,284,,tradingview_screener_snapshot:/root/projects/trading-storage/storage/01_source_data/realtime/tradingview_equity_screener/2026-06-04/tradingview_equity_screener.csv,2026-06-04,fixed_current_realtime_pool_snapshot_for_historical_replay
STNE,StoneCo Ltd.,Commercial Services,uncertain_verify_before_use,active,active_fixed_current_realtime_pool_snapshot,2026-06-04,true,false,286,,tradingview_screener_snapshot:/root/projects/trading-storage/storage/01_source_data/realtime/tradingview_equity_screener/2026-06-04/tradingview_equity_screener.csv,2026-06-04,fixed_current_realtime_pool_snapshot_for_historical_replay
CZR,"Caesars Entertainment, Inc.",Consumer Services,uncertain_verify_before_use,active,active_fixed_current_realtime_pool_snapshot,2026-06-04,true,false,287,,tradingview_screener_snapshot:/root/projects/trading-storage/storage/01_source_data/realtime/tradingview_equity_screener/2026-06-04/tradingview_equity_screener.csv,2026-06-04,fixed_current_realtime_pool_snapshot_for_historical_replay
LIMN,"Liminatus Pharma, Inc.",Health Technology,uncertain_verify_before_use,active,active_fixed_current_realtime_pool_snapshot,2026-06-04,true,false,289,,tradingview_screener_snapshot:/root/projects/trading-storage/storage/01_source_data/realtime/tradingview_equity_screener/2026-06-04/tradingview_equity_screener.csv,2026-06-04,fixed_current_realtime_pool_snapshot_for_historical_replay
AIM,AIM ImmunoTech Inc.,Health Technology,uncertain_verify_before_use,active,active_fixed_current_realtime_pool_snapshot,2026-06-04,true,false,292,,tradingview_screener_snapshot:/root/projects/trading-storage/storage/01_source_data/realtime/tradingview_equity_screener/2026-06-04/tradingview_equity_screener.csv,2026-06-04,fixed_current_realtime_pool_snapshot_for_historical_replay
MX,Magnachip Semiconductor Corporation,Electronic Technology,uncertain_verify_before_use,active,active_fixed_current_realtime_pool_snapshot,2026-06-04,true,false,293,,tradingview_screener_snapshot:/root/projects/trading-storage/storage/01_source_data/realtime/tradingview_equity_screener/2026-06-04/tradingview_equity_screener.csv,2026-06-04,fixed_current_realtime_pool_snapshot_for_historical_replay
AMPX,"Amprius Technologies, Inc.",Producer Manufacturing,uncertain_verify_before_use,active,active_fixed_current_realtime_pool_snapshot,2026-06-04,true,false,295,,tradingview_screener_snapshot:/root/projects/trading-storage/storage/01_source_data/realtime/tradingview_equity_screener/2026-06-04/tradingview_equity_screener.csv,2026-06-04,fixed_current_realtime_pool_snapshot_for_historical_replay
PTEN,"Patterson-UTI Energy, Inc.",Industrial Services,uncertain_verify_before_use,active,active_fixed_current_realtime_pool_snapshot,2026-06-04,true,false,296,,tradingview_screener_snapshot:/root/projects/trading-storage/storage/01_source_data/realtime/tradingview_equity_screener/2026-06-04/tradingview_equity_screener.csv,2026-06-04,fixed_current_realtime_pool_snapshot_for_historical_replay
NXE,Nexgen Energy Ltd.,Non-Energy Minerals,uncertain_verify_before_use,active,active_fixed_current_realtime_pool_snapshot,2026-06-04,true,false,297,,tradingview_screener_snapshot:/root/projects/trading-storage/storage/01_source_data/realtime/tradingview_equity_screener/2026-06-04/tradingview_equity_screener.csv,2026-06-04,fixed_current_realtime_pool_snapshot_for_historical_replay
PK,Park Hotels & Resorts Inc.,Finance,uncertain_verify_before_use,active,active_fixed_current_realtime_pool_snapshot,2026-06-04,true,false,298,,tradingview_screener_snapshot:/root/projects/trading-storage/storage/01_source_data/realtime/tradingview_equity_screener/2026-06-04/tradingview_equity_screener.csv,2026-06-04,fixed_current_realtime_pool_snapshot_for_historical_replay
KOS,Kosmos Energy Ltd.,Energy Minerals,uncertain_verify_before_use,active,active_fixed_current_realtime_pool_snapshot,2026-06-04,true,false,299,,tradingview_screener_snapshot:/root/projects/trading-storage/storage/01_source_data/realtime/tradingview_equity_screener/2026-06-04/tradingview_equity_screener.csv,2026-06-04,fixed_current_realtime_pool_snapshot_for_historical_replay
