symbol,target_ref,asset_class,instrument_type,name,tradingview_sector,layer2_context_symbol,layer2_context_method,optionable_underlying_status,replay_candidate_status,replay_candidate_reason,source_pool_as_of_date,in_dollar_volume_top300,in_market_cap_top300,dollar_volume_rank,market_cap_rank,source_refs,freeze_as_of_date,universe_policy_ref
NVDA,NVDA,us_equity,common_stock_or_optionable_underlying,NVIDIA Corporation,Electronic Technology,XLK,tradingview_sector_to_spdr_anchor,uncertain_verify_before_use,active,active_fixed_current_realtime_pool_snapshot,2026-06-05,true,true,2,1,tradingview_screener_snapshot:/root/projects/trading-storage/storage/01_source_data/realtime/tradingview_equity_screener/2026-06-05/tradingview_equity_screener.csv,2026-06-05,fixed_current_realtime_pool_snapshot_for_historical_replay
AAPL,AAPL,us_equity,common_stock_or_optionable_underlying,Apple Inc.,Electronic Technology,XLK,tradingview_sector_to_spdr_anchor,uncertain_verify_before_use,active,active_fixed_current_realtime_pool_snapshot,2026-06-05,true,true,9,2,tradingview_screener_snapshot:/root/projects/trading-storage/storage/01_source_data/realtime/tradingview_equity_screener/2026-06-05/tradingview_equity_screener.csv,2026-06-05,fixed_current_realtime_pool_snapshot_for_historical_replay
GOOG,GOOG,us_equity,common_stock_or_optionable_underlying,Alphabet Inc.,Technology Services,XLK,tradingview_sector_to_spdr_anchor,uncertain_verify_before_use,active,active_fixed_current_realtime_pool_snapshot,2026-06-05,true,true,10,3,tradingview_screener_snapshot:/root/projects/trading-storage/storage/01_source_data/realtime/tradingview_equity_screener/2026-06-05/tradingview_equity_screener.csv,2026-06-05,fixed_current_realtime_pool_snapshot_for_historical_replay
GOOGL,GOOGL,us_equity,common_stock_or_optionable_underlying,Alphabet Inc.,Technology Services,XLK,tradingview_sector_to_spdr_anchor,uncertain_verify_before_use,active,active_fixed_current_realtime_pool_snapshot,2026-06-05,true,true,6,4,tradingview_screener_snapshot:/root/projects/trading-storage/storage/01_source_data/realtime/tradingview_equity_screener/2026-06-05/tradingview_equity_screener.csv,2026-06-05,fixed_current_realtime_pool_snapshot_for_historical_replay
MSFT,MSFT,us_equity,common_stock_or_optionable_underlying,Microsoft Corporation,Technology Services,XLK,tradingview_sector_to_spdr_anchor,uncertain_verify_before_use,active,active_fixed_current_realtime_pool_snapshot,2026-06-05,true,true,12,5,tradingview_screener_snapshot:/root/projects/trading-storage/storage/01_source_data/realtime/tradingview_equity_screener/2026-06-05/tradingview_equity_screener.csv,2026-06-05,fixed_current_realtime_pool_snapshot_for_historical_replay
AMZN,AMZN,us_equity,common_stock_or_optionable_underlying,"Amazon.com, Inc.",Retail Trade,XLY,tradingview_sector_to_spdr_anchor,uncertain_verify_before_use,active,active_fixed_current_realtime_pool_snapshot,2026-06-05,true,true,13,6,tradingview_screener_snapshot:/root/projects/trading-storage/storage/01_source_data/realtime/tradingview_equity_screener/2026-06-05/tradingview_equity_screener.csv,2026-06-05,fixed_current_realtime_pool_snapshot_for_historical_replay
AVGO,AVGO,us_equity,common_stock_or_optionable_underlying,Broadcom Inc.,Electronic Technology,XLK,tradingview_sector_to_spdr_anchor,uncertain_verify_before_use,active,active_fixed_current_realtime_pool_snapshot,2026-06-05,true,true,3,7,tradingview_screener_snapshot:/root/projects/trading-storage/storage/01_source_data/realtime/tradingview_equity_screener/2026-06-05/tradingview_equity_screener.csv,2026-06-05,fixed_current_realtime_pool_snapshot_for_historical_replay
META,META,us_equity,common_stock_or_optionable_underlying,"Meta Platforms, Inc.",Technology Services,XLK,tradingview_sector_to_spdr_anchor,uncertain_verify_before_use,active,active_fixed_current_realtime_pool_snapshot,2026-06-05,true,true,11,8,tradingview_screener_snapshot:/root/projects/trading-storage/storage/01_source_data/realtime/tradingview_equity_screener/2026-06-05/tradingview_equity_screener.csv,2026-06-05,fixed_current_realtime_pool_snapshot_for_historical_replay
TSLA,TSLA,us_equity,common_stock_or_optionable_underlying,"Tesla, Inc.",Consumer Durables,XLY,tradingview_sector_to_spdr_anchor,uncertain_verify_before_use,active,active_fixed_current_realtime_pool_snapshot,2026-06-05,true,true,8,9,tradingview_screener_snapshot:/root/projects/trading-storage/storage/01_source_data/realtime/tradingview_equity_screener/2026-06-05/tradingview_equity_screener.csv,2026-06-05,fixed_current_realtime_pool_snapshot_for_historical_replay
MU,MU,us_equity,common_stock_or_optionable_underlying,"Micron Technology, Inc.",Electronic Technology,XLK,tradingview_sector_to_spdr_anchor,uncertain_verify_before_use,active,active_fixed_current_realtime_pool_snapshot,2026-06-05,true,true,1,10,tradingview_screener_snapshot:/root/projects/trading-storage/storage/01_source_data/realtime/tradingview_equity_screener/2026-06-05/tradingview_equity_screener.csv,2026-06-05,fixed_current_realtime_pool_snapshot_for_historical_replay
LLY,LLY,us_equity,common_stock_or_optionable_underlying,Eli Lilly and Company,Health Technology,XLV,tradingview_sector_to_spdr_anchor,uncertain_verify_before_use,active,active_fixed_current_realtime_pool_snapshot,2026-06-05,true,true,20,11,tradingview_screener_snapshot:/root/projects/trading-storage/storage/01_source_data/realtime/tradingview_equity_screener/2026-06-05/tradingview_equity_screener.csv,2026-06-05,fixed_current_realtime_pool_snapshot_for_historical_replay
BRK.B,BRK.B,us_equity,common_stock_or_optionable_underlying,Berkshire Hathaway Inc. New,Finance,XLF,tradingview_sector_to_spdr_anchor,uncertain_verify_before_use,active,active_fixed_current_realtime_pool_snapshot,2026-06-05,true,true,47,12,tradingview_screener_snapshot:/root/projects/trading-storage/storage/01_source_data/realtime/tradingview_equity_screener/2026-06-05/tradingview_equity_screener.csv,2026-06-05,fixed_current_realtime_pool_snapshot_for_historical_replay
BRK.A,BRK.A,us_equity,common_stock_or_optionable_underlying,Berkshire Hathaway Inc.,Finance,XLF,tradingview_sector_to_spdr_anchor,uncertain_verify_before_use,active,active_fixed_current_realtime_pool_snapshot,2026-06-05,false,true,,13,tradingview_screener_snapshot:/root/projects/trading-storage/storage/01_source_data/realtime/tradingview_equity_screener/2026-06-05/tradingview_equity_screener.csv,2026-06-05,fixed_current_realtime_pool_snapshot_for_historical_replay
WMT,WMT,us_equity,common_stock_or_optionable_underlying,Walmart Inc.,Retail Trade,XLY,tradingview_sector_to_spdr_anchor,uncertain_verify_before_use,active,active_fixed_current_realtime_pool_snapshot,2026-06-05,true,true,44,14,tradingview_screener_snapshot:/root/projects/trading-storage/storage/01_source_data/realtime/tradingview_equity_screener/2026-06-05/tradingview_equity_screener.csv,2026-06-05,fixed_current_realtime_pool_snapshot_for_historical_replay
AMD,AMD,us_equity,common_stock_or_optionable_underlying,"Advanced Micro Devices, Inc.",Electronic Technology,XLK,tradingview_sector_to_spdr_anchor,uncertain_verify_before_use,active,active_fixed_current_realtime_pool_snapshot,2026-06-05,true,true,7,15,tradingview_screener_snapshot:/root/projects/trading-storage/storage/01_source_data/realtime/tradingview_equity_screener/2026-06-05/tradingview_equity_screener.csv,2026-06-05,fixed_current_realtime_pool_snapshot_for_historical_replay
JPM,JPM,us_equity,common_stock_or_optionable_underlying,JP Morgan Chase & Co.,Finance,XLF,tradingview_sector_to_spdr_anchor,uncertain_verify_before_use,active,active_fixed_current_realtime_pool_snapshot,2026-06-05,true,true,26,16,tradingview_screener_snapshot:/root/projects/trading-storage/storage/01_source_data/realtime/tradingview_equity_screener/2026-06-05/tradingview_equity_screener.csv,2026-06-05,fixed_current_realtime_pool_snapshot_for_historical_replay
ORCL,ORCL,us_equity,common_stock_or_optionable_underlying,Oracle Corporation,Technology Services,XLK,tradingview_sector_to_spdr_anchor,uncertain_verify_before_use,active,active_fixed_current_realtime_pool_snapshot,2026-06-05,true,true,19,17,tradingview_screener_snapshot:/root/projects/trading-storage/storage/01_source_data/realtime/tradingview_equity_screener/2026-06-05/tradingview_equity_screener.csv,2026-06-05,fixed_current_realtime_pool_snapshot_for_historical_replay
XOM,XOM,us_equity,common_stock_or_optionable_underlying,Exxon Mobil Corporation,Energy Minerals,XLE,tradingview_sector_to_spdr_anchor,uncertain_verify_before_use,active,active_fixed_current_realtime_pool_snapshot,2026-06-05,true,true,65,18,tradingview_screener_snapshot:/root/projects/trading-storage/storage/01_source_data/realtime/tradingview_equity_screener/2026-06-05/tradingview_equity_screener.csv,2026-06-05,fixed_current_realtime_pool_snapshot_for_historical_replay
V,V,us_equity,common_stock_or_optionable_underlying,Visa Inc.,Finance,XLF,tradingview_sector_to_spdr_anchor,uncertain_verify_before_use,active,active_fixed_current_realtime_pool_snapshot,2026-06-05,true,true,54,19,tradingview_screener_snapshot:/root/projects/trading-storage/storage/01_source_data/realtime/tradingview_equity_screener/2026-06-05/tradingview_equity_screener.csv,2026-06-05,fixed_current_realtime_pool_snapshot_for_historical_replay
INTC,INTC,us_equity,common_stock_or_optionable_underlying,Intel Corporation,Electronic Technology,XLK,tradingview_sector_to_spdr_anchor,uncertain_verify_before_use,active,active_fixed_current_realtime_pool_snapshot,2026-06-05,true,true,14,20,tradingview_screener_snapshot:/root/projects/trading-storage/storage/01_source_data/realtime/tradingview_equity_screener/2026-06-05/tradingview_equity_screener.csv,2026-06-05,fixed_current_realtime_pool_snapshot_for_historical_replay
JNJ,JNJ,us_equity,common_stock_or_optionable_underlying,Johnson & Johnson,Health Technology,XLV,tradingview_sector_to_spdr_anchor,uncertain_verify_before_use,active,active_fixed_current_realtime_pool_snapshot,2026-06-05,true,true,73,21,tradingview_screener_snapshot:/root/projects/trading-storage/storage/01_source_data/realtime/tradingview_equity_screener/2026-06-05/tradingview_equity_screener.csv,2026-06-05,fixed_current_realtime_pool_snapshot_for_historical_replay
CSCO,CSCO,us_equity,common_stock_or_optionable_underlying,"Cisco Systems, Inc.",Electronic Technology,XLK,tradingview_sector_to_spdr_anchor,uncertain_verify_before_use,active,active_fixed_current_realtime_pool_snapshot,2026-06-05,true,true,30,22,tradingview_screener_snapshot:/root/projects/trading-storage/storage/01_source_data/realtime/tradingview_equity_screener/2026-06-05/tradingview_equity_screener.csv,2026-06-05,fixed_current_realtime_pool_snapshot_for_historical_replay
CAT,CAT,us_equity,common_stock_or_optionable_underlying,"Caterpillar, Inc.",Producer Manufacturing,XLI,tradingview_sector_to_spdr_anchor,uncertain_verify_before_use,active,active_fixed_current_realtime_pool_snapshot,2026-06-05,true,true,35,23,tradingview_screener_snapshot:/root/projects/trading-storage/storage/01_source_data/realtime/tradingview_equity_screener/2026-06-05/tradingview_equity_screener.csv,2026-06-05,fixed_current_realtime_pool_snapshot_for_historical_replay
COST,COST,us_equity,common_stock_or_optionable_underlying,Costco Wholesale Corporation,Retail Trade,XLY,tradingview_sector_to_spdr_anchor,uncertain_verify_before_use,active,active_fixed_current_realtime_pool_snapshot,2026-06-05,true,true,52,24,tradingview_screener_snapshot:/root/projects/trading-storage/storage/01_source_data/realtime/tradingview_equity_screener/2026-06-05/tradingview_equity_screener.csv,2026-06-05,fixed_current_realtime_pool_snapshot_for_historical_replay
MA,MA,us_equity,common_stock_or_optionable_underlying,Mastercard Incorporated,Finance,XLF,tradingview_sector_to_spdr_anchor,uncertain_verify_before_use,active,active_fixed_current_realtime_pool_snapshot,2026-06-05,true,true,59,25,tradingview_screener_snapshot:/root/projects/trading-storage/storage/01_source_data/realtime/tradingview_equity_screener/2026-06-05/tradingview_equity_screener.csv,2026-06-05,fixed_current_realtime_pool_snapshot_for_historical_replay
LRCX,LRCX,us_equity,common_stock_or_optionable_underlying,Lam Research Corporation,Producer Manufacturing,XLI,tradingview_sector_to_spdr_anchor,uncertain_verify_before_use,active,active_fixed_current_realtime_pool_snapshot,2026-06-05,true,true,40,26,tradingview_screener_snapshot:/root/projects/trading-storage/storage/01_source_data/realtime/tradingview_equity_screener/2026-06-05/tradingview_equity_screener.csv,2026-06-05,fixed_current_realtime_pool_snapshot_for_historical_replay
AMAT,AMAT,us_equity,common_stock_or_optionable_underlying,"Applied Materials, Inc.",Producer Manufacturing,XLI,tradingview_sector_to_spdr_anchor,uncertain_verify_before_use,active,active_fixed_current_realtime_pool_snapshot,2026-06-05,true,true,24,27,tradingview_screener_snapshot:/root/projects/trading-storage/storage/01_source_data/realtime/tradingview_equity_screener/2026-06-05/tradingview_equity_screener.csv,2026-06-05,fixed_current_realtime_pool_snapshot_for_historical_replay
ABBV,ABBV,us_equity,common_stock_or_optionable_underlying,AbbVie Inc.,Health Technology,XLV,tradingview_sector_to_spdr_anchor,uncertain_verify_before_use,active,active_fixed_current_realtime_pool_snapshot,2026-06-05,true,true,80,28,tradingview_screener_snapshot:/root/projects/trading-storage/storage/01_source_data/realtime/tradingview_equity_screener/2026-06-05/tradingview_equity_screener.csv,2026-06-05,fixed_current_realtime_pool_snapshot_for_historical_replay
BAC,BAC,us_equity,common_stock_or_optionable_underlying,Bank of America Corporation,Finance,XLF,tradingview_sector_to_spdr_anchor,uncertain_verify_before_use,active,active_fixed_current_realtime_pool_snapshot,2026-06-05,true,true,38,29,tradingview_screener_snapshot:/root/projects/trading-storage/storage/01_source_data/realtime/tradingview_equity_screener/2026-06-05/tradingview_equity_screener.csv,2026-06-05,fixed_current_realtime_pool_snapshot_for_historical_replay
CVX,CVX,us_equity,common_stock_or_optionable_underlying,Chevron Corporation,Energy Minerals,XLE,tradingview_sector_to_spdr_anchor,uncertain_verify_before_use,active,active_fixed_current_realtime_pool_snapshot,2026-06-05,true,true,125,30,tradingview_screener_snapshot:/root/projects/trading-storage/storage/01_source_data/realtime/tradingview_equity_screener/2026-06-05/tradingview_equity_screener.csv,2026-06-05,fixed_current_realtime_pool_snapshot_for_historical_replay
MS,MS,us_equity,common_stock_or_optionable_underlying,Morgan Stanley,Finance,XLF,tradingview_sector_to_spdr_anchor,uncertain_verify_before_use,active,active_fixed_current_realtime_pool_snapshot,2026-06-05,true,true,101,31,tradingview_screener_snapshot:/root/projects/trading-storage/storage/01_source_data/realtime/tradingview_equity_screener/2026-06-05/tradingview_equity_screener.csv,2026-06-05,fixed_current_realtime_pool_snapshot_for_historical_replay
NFLX,NFLX,us_equity,common_stock_or_optionable_underlying,"Netflix, Inc.",Technology Services,XLK,tradingview_sector_to_spdr_anchor,uncertain_verify_before_use,active,active_fixed_current_realtime_pool_snapshot,2026-06-05,true,true,27,32,tradingview_screener_snapshot:/root/projects/trading-storage/storage/01_source_data/realtime/tradingview_equity_screener/2026-06-05/tradingview_equity_screener.csv,2026-06-05,fixed_current_realtime_pool_snapshot_for_historical_replay
GE,GE,us_equity,common_stock_or_optionable_underlying,GE Aerospace,Electronic Technology,XLK,tradingview_sector_to_spdr_anchor,uncertain_verify_before_use,active,active_fixed_current_realtime_pool_snapshot,2026-06-05,true,true,89,33,tradingview_screener_snapshot:/root/projects/trading-storage/storage/01_source_data/realtime/tradingview_equity_screener/2026-06-05/tradingview_equity_screener.csv,2026-06-05,fixed_current_realtime_pool_snapshot_for_historical_replay
PLTR,PLTR,us_equity,common_stock_or_optionable_underlying,Palantir Technologies Inc.,Technology Services,XLK,tradingview_sector_to_spdr_anchor,uncertain_verify_before_use,active,active_fixed_current_realtime_pool_snapshot,2026-06-05,true,true,15,34,tradingview_screener_snapshot:/root/projects/trading-storage/storage/01_source_data/realtime/tradingview_equity_screener/2026-06-05/tradingview_equity_screener.csv,2026-06-05,fixed_current_realtime_pool_snapshot_for_historical_replay
KO,KO,us_equity,common_stock_or_optionable_underlying,Coca-Cola Company (The),Consumer Non-Durables,XLP,tradingview_sector_to_spdr_anchor,uncertain_verify_before_use,active,active_fixed_current_realtime_pool_snapshot,2026-06-05,true,true,82,35,tradingview_screener_snapshot:/root/projects/trading-storage/storage/01_source_data/realtime/tradingview_equity_screener/2026-06-05/tradingview_equity_screener.csv,2026-06-05,fixed_current_realtime_pool_snapshot_for_historical_replay
PG,PG,us_equity,common_stock_or_optionable_underlying,Procter & Gamble Company (The),Consumer Non-Durables,XLP,tradingview_sector_to_spdr_anchor,uncertain_verify_before_use,active,active_fixed_current_realtime_pool_snapshot,2026-06-05,true,true,105,36,tradingview_screener_snapshot:/root/projects/trading-storage/storage/01_source_data/realtime/tradingview_equity_screener/2026-06-05/tradingview_equity_screener.csv,2026-06-05,fixed_current_realtime_pool_snapshot_for_historical_replay
GS,GS,us_equity,common_stock_or_optionable_underlying,"Goldman Sachs Group, Inc. (The)",Finance,XLF,tradingview_sector_to_spdr_anchor,uncertain_verify_before_use,active,active_fixed_current_realtime_pool_snapshot,2026-06-05,true,true,37,37,tradingview_screener_snapshot:/root/projects/trading-storage/storage/01_source_data/realtime/tradingview_equity_screener/2026-06-05/tradingview_equity_screener.csv,2026-06-05,fixed_current_realtime_pool_snapshot_for_historical_replay
HD,HD,us_equity,common_stock_or_optionable_underlying,"Home Depot, Inc. (The)",Retail Trade,XLY,tradingview_sector_to_spdr_anchor,uncertain_verify_before_use,active,active_fixed_current_realtime_pool_snapshot,2026-06-05,true,true,87,38,tradingview_screener_snapshot:/root/projects/trading-storage/storage/01_source_data/realtime/tradingview_equity_screener/2026-06-05/tradingview_equity_screener.csv,2026-06-05,fixed_current_realtime_pool_snapshot_for_historical_replay
MRK,MRK,us_equity,common_stock_or_optionable_underlying,"Merck & Company, Inc.",Health Technology,XLV,tradingview_sector_to_spdr_anchor,uncertain_verify_before_use,active,active_fixed_current_realtime_pool_snapshot,2026-06-05,true,true,61,39,tradingview_screener_snapshot:/root/projects/trading-storage/storage/01_source_data/realtime/tradingview_equity_screener/2026-06-05/tradingview_equity_screener.csv,2026-06-05,fixed_current_realtime_pool_snapshot_for_historical_replay
IBM,IBM,us_equity,common_stock_or_optionable_underlying,International Business Machines Corporation,Technology Services,XLK,tradingview_sector_to_spdr_anchor,uncertain_verify_before_use,active,active_fixed_current_realtime_pool_snapshot,2026-06-05,true,true,34,40,tradingview_screener_snapshot:/root/projects/trading-storage/storage/01_source_data/realtime/tradingview_equity_screener/2026-06-05/tradingview_equity_screener.csv,2026-06-05,fixed_current_realtime_pool_snapshot_for_historical_replay
AZN,AZN,us_equity,common_stock_or_optionable_underlying,AstraZeneca PLC,Health Technology,XLV,tradingview_sector_to_spdr_anchor,uncertain_verify_before_use,active,active_fixed_current_realtime_pool_snapshot,2026-06-05,false,true,,41,tradingview_screener_snapshot:/root/projects/trading-storage/storage/01_source_data/realtime/tradingview_equity_screener/2026-06-05/tradingview_equity_screener.csv,2026-06-05,fixed_current_realtime_pool_snapshot_for_historical_replay
KLAC,KLAC,us_equity,common_stock_or_optionable_underlying,KLA Corporation,Electronic Technology,XLK,tradingview_sector_to_spdr_anchor,uncertain_verify_before_use,active,active_fixed_current_realtime_pool_snapshot,2026-06-05,true,true,68,42,tradingview_screener_snapshot:/root/projects/trading-storage/storage/01_source_data/realtime/tradingview_equity_screener/2026-06-05/tradingview_equity_screener.csv,2026-06-05,fixed_current_realtime_pool_snapshot_for_historical_replay
TXN,TXN,us_equity,common_stock_or_optionable_underlying,Texas Instruments Incorporated,Electronic Technology,XLK,tradingview_sector_to_spdr_anchor,uncertain_verify_before_use,active,active_fixed_current_realtime_pool_snapshot,2026-06-05,true,true,48,43,tradingview_screener_snapshot:/root/projects/trading-storage/storage/01_source_data/realtime/tradingview_equity_screener/2026-06-05/tradingview_equity_screener.csv,2026-06-05,fixed_current_realtime_pool_snapshot_for_historical_replay
MRVL,MRVL,us_equity,common_stock_or_optionable_underlying,"Marvell Technology, Inc.",Electronic Technology,XLK,tradingview_sector_to_spdr_anchor,uncertain_verify_before_use,active,active_fixed_current_realtime_pool_snapshot,2026-06-05,true,true,4,44,tradingview_screener_snapshot:/root/projects/trading-storage/storage/01_source_data/realtime/tradingview_equity_screener/2026-06-05/tradingview_equity_screener.csv,2026-06-05,fixed_current_realtime_pool_snapshot_for_historical_replay
DELL,DELL,us_equity,common_stock_or_optionable_underlying,Dell Technologies Inc.,Electronic Technology,XLK,tradingview_sector_to_spdr_anchor,uncertain_verify_before_use,active,active_fixed_current_realtime_pool_snapshot,2026-06-05,true,true,18,45,tradingview_screener_snapshot:/root/projects/trading-storage/storage/01_source_data/realtime/tradingview_equity_screener/2026-06-05/tradingview_equity_screener.csv,2026-06-05,fixed_current_realtime_pool_snapshot_for_historical_replay
PM,PM,us_equity,common_stock_or_optionable_underlying,Philip Morris International Inc,Consumer Non-Durables,XLP,tradingview_sector_to_spdr_anchor,uncertain_verify_before_use,active,active_fixed_current_realtime_pool_snapshot,2026-06-05,true,true,208,46,tradingview_screener_snapshot:/root/projects/trading-storage/storage/01_source_data/realtime/tradingview_equity_screener/2026-06-05/tradingview_equity_screener.csv,2026-06-05,fixed_current_realtime_pool_snapshot_for_historical_replay
RY,RY,us_equity,common_stock_or_optionable_underlying,Royal Bank Of Canada,Finance,XLF,tradingview_sector_to_spdr_anchor,uncertain_verify_before_use,active,active_fixed_current_realtime_pool_snapshot,2026-06-05,false,true,,47,tradingview_screener_snapshot:/root/projects/trading-storage/storage/01_source_data/realtime/tradingview_equity_screener/2026-06-05/tradingview_equity_screener.csv,2026-06-05,fixed_current_realtime_pool_snapshot_for_historical_replay
SNDK,SNDK,us_equity,common_stock_or_optionable_underlying,Sandisk Corporation,Electronic Technology,XLK,tradingview_sector_to_spdr_anchor,uncertain_verify_before_use,active,active_fixed_current_realtime_pool_snapshot,2026-06-05,true,true,5,48,tradingview_screener_snapshot:/root/projects/trading-storage/storage/01_source_data/realtime/tradingview_equity_screener/2026-06-05/tradingview_equity_screener.csv,2026-06-05,fixed_current_realtime_pool_snapshot_for_historical_replay
GEV,GEV,us_equity,common_stock_or_optionable_underlying,GE Vernova Inc.,Producer Manufacturing,XLI,tradingview_sector_to_spdr_anchor,uncertain_verify_before_use,active,active_fixed_current_realtime_pool_snapshot,2026-06-05,true,true,56,49,tradingview_screener_snapshot:/root/projects/trading-storage/storage/01_source_data/realtime/tradingview_equity_screener/2026-06-05/tradingview_equity_screener.csv,2026-06-05,fixed_current_realtime_pool_snapshot_for_historical_replay
QCOM,QCOM,us_equity,common_stock_or_optionable_underlying,QUALCOMM Incorporated,Electronic Technology,XLK,tradingview_sector_to_spdr_anchor,uncertain_verify_before_use,active,active_fixed_current_realtime_pool_snapshot,2026-06-05,true,true,23,50,tradingview_screener_snapshot:/root/projects/trading-storage/storage/01_source_data/realtime/tradingview_equity_screener/2026-06-05/tradingview_equity_screener.csv,2026-06-05,fixed_current_realtime_pool_snapshot_for_historical_replay
WFC,WFC,us_equity,common_stock_or_optionable_underlying,Wells Fargo & Company,Finance,XLF,tradingview_sector_to_spdr_anchor,uncertain_verify_before_use,active,active_fixed_current_realtime_pool_snapshot,2026-06-05,true,true,77,51,tradingview_screener_snapshot:/root/projects/trading-storage/storage/01_source_data/realtime/tradingview_equity_screener/2026-06-05/tradingview_equity_screener.csv,2026-06-05,fixed_current_realtime_pool_snapshot_for_historical_replay
RTX,RTX,us_equity,common_stock_or_optionable_underlying,RTX Corporation,Electronic Technology,XLK,tradingview_sector_to_spdr_anchor,uncertain_verify_before_use,active,active_fixed_current_realtime_pool_snapshot,2026-06-05,true,true,143,52,tradingview_screener_snapshot:/root/projects/trading-storage/storage/01_source_data/realtime/tradingview_equity_screener/2026-06-05/tradingview_equity_screener.csv,2026-06-05,fixed_current_realtime_pool_snapshot_for_historical_replay
LIN,LIN,us_equity,common_stock_or_optionable_underlying,Linde plc,Process Industries,XLB,tradingview_sector_to_spdr_anchor,uncertain_verify_before_use,active,active_fixed_current_realtime_pool_snapshot,2026-06-05,true,true,81,53,tradingview_screener_snapshot:/root/projects/trading-storage/storage/01_source_data/realtime/tradingview_equity_screener/2026-06-05/tradingview_equity_screener.csv,2026-06-05,fixed_current_realtime_pool_snapshot_for_historical_replay
C,C,us_equity,common_stock_or_optionable_underlying,"Citigroup, Inc.",Finance,XLF,tradingview_sector_to_spdr_anchor,uncertain_verify_before_use,active,active_fixed_current_realtime_pool_snapshot,2026-06-05,true,true,78,54,tradingview_screener_snapshot:/root/projects/trading-storage/storage/01_source_data/realtime/tradingview_equity_screener/2026-06-05/tradingview_equity_screener.csv,2026-06-05,fixed_current_realtime_pool_snapshot_for_historical_replay
PANW,PANW,us_equity,common_stock_or_optionable_underlying,"Palo Alto Networks, Inc.",Technology Services,XLK,tradingview_sector_to_spdr_anchor,uncertain_verify_before_use,active,active_fixed_current_realtime_pool_snapshot,2026-06-05,true,true,42,55,tradingview_screener_snapshot:/root/projects/trading-storage/storage/01_source_data/realtime/tradingview_equity_screener/2026-06-05/tradingview_equity_screener.csv,2026-06-05,fixed_current_realtime_pool_snapshot_for_historical_replay
AXP,AXP,us_equity,common_stock_or_optionable_underlying,American Express Company,Finance,XLF,tradingview_sector_to_spdr_anchor,uncertain_verify_before_use,active,active_fixed_current_realtime_pool_snapshot,2026-06-05,true,true,132,56,tradingview_screener_snapshot:/root/projects/trading-storage/storage/01_source_data/realtime/tradingview_equity_screener/2026-06-05/tradingview_equity_screener.csv,2026-06-05,fixed_current_realtime_pool_snapshot_for_historical_replay
ANET,ANET,us_equity,common_stock_or_optionable_underlying,"Arista Networks, Inc.",Electronic Technology,XLK,tradingview_sector_to_spdr_anchor,uncertain_verify_before_use,active,active_fixed_current_realtime_pool_snapshot,2026-06-05,true,true,72,57,tradingview_screener_snapshot:/root/projects/trading-storage/storage/01_source_data/realtime/tradingview_equity_screener/2026-06-05/tradingview_equity_screener.csv,2026-06-05,fixed_current_realtime_pool_snapshot_for_historical_replay
ADI,ADI,us_equity,common_stock_or_optionable_underlying,"Analog Devices, Inc.",Electronic Technology,XLK,tradingview_sector_to_spdr_anchor,uncertain_verify_before_use,active,active_fixed_current_realtime_pool_snapshot,2026-06-05,true,true,86,58,tradingview_screener_snapshot:/root/projects/trading-storage/storage/01_source_data/realtime/tradingview_equity_screener/2026-06-05/tradingview_equity_screener.csv,2026-06-05,fixed_current_realtime_pool_snapshot_for_historical_replay
STX,STX,us_equity,common_stock_or_optionable_underlying,Seagate Technology Holdings PLC,Electronic Technology,XLK,tradingview_sector_to_spdr_anchor,uncertain_verify_before_use,active,active_fixed_current_realtime_pool_snapshot,2026-06-05,true,true,50,59,tradingview_screener_snapshot:/root/projects/trading-storage/storage/01_source_data/realtime/tradingview_equity_screener/2026-06-05/tradingview_equity_screener.csv,2026-06-05,fixed_current_realtime_pool_snapshot_for_historical_replay
TTE,TTE,us_equity,common_stock_or_optionable_underlying,TotalEnergies SE,Energy Minerals,XLE,tradingview_sector_to_spdr_anchor,uncertain_verify_before_use,active,active_fixed_current_realtime_pool_snapshot,2026-06-05,false,true,,60,tradingview_screener_snapshot:/root/projects/trading-storage/storage/01_source_data/realtime/tradingview_equity_screener/2026-06-05/tradingview_equity_screener.csv,2026-06-05,fixed_current_realtime_pool_snapshot_for_historical_replay
WDC,WDC,us_equity,common_stock_or_optionable_underlying,Western Digital Corporation,Electronic Technology,XLK,tradingview_sector_to_spdr_anchor,uncertain_verify_before_use,active,active_fixed_current_realtime_pool_snapshot,2026-06-05,true,true,22,61,tradingview_screener_snapshot:/root/projects/trading-storage/storage/01_source_data/realtime/tradingview_equity_screener/2026-06-05/tradingview_equity_screener.csv,2026-06-05,fixed_current_realtime_pool_snapshot_for_historical_replay
PEP,PEP,us_equity,common_stock_or_optionable_underlying,"PepsiCo, Inc.",Consumer Non-Durables,XLP,tradingview_sector_to_spdr_anchor,uncertain_verify_before_use,active,active_fixed_current_realtime_pool_snapshot,2026-06-05,true,true,106,62,tradingview_screener_snapshot:/root/projects/trading-storage/storage/01_source_data/realtime/tradingview_equity_screener/2026-06-05/tradingview_equity_screener.csv,2026-06-05,fixed_current_realtime_pool_snapshot_for_historical_replay
MCD,MCD,us_equity,common_stock_or_optionable_underlying,McDonald's Corporation,Consumer Services,XLY,tradingview_sector_to_spdr_anchor,uncertain_verify_before_use,active,active_fixed_current_realtime_pool_snapshot,2026-06-05,true,true,127,63,tradingview_screener_snapshot:/root/projects/trading-storage/storage/01_source_data/realtime/tradingview_equity_screener/2026-06-05/tradingview_equity_screener.csv,2026-06-05,fixed_current_realtime_pool_snapshot_for_historical_replay
TD,TD,us_equity,common_stock_or_optionable_underlying,Toronto Dominion Bank (The),Finance,XLF,tradingview_sector_to_spdr_anchor,uncertain_verify_before_use,active,active_fixed_current_realtime_pool_snapshot,2026-06-05,false,true,,64,tradingview_screener_snapshot:/root/projects/trading-storage/storage/01_source_data/realtime/tradingview_equity_screener/2026-06-05/tradingview_equity_screener.csv,2026-06-05,fixed_current_realtime_pool_snapshot_for_historical_replay
TMUS,TMUS,us_equity,common_stock_or_optionable_underlying,"T-Mobile US, Inc.",Communications,XLC,tradingview_sector_to_spdr_anchor,uncertain_verify_before_use,active,active_fixed_current_realtime_pool_snapshot,2026-06-05,true,true,114,65,tradingview_screener_snapshot:/root/projects/trading-storage/storage/01_source_data/realtime/tradingview_equity_screener/2026-06-05/tradingview_equity_screener.csv,2026-06-05,fixed_current_realtime_pool_snapshot_for_historical_replay
APP,APP,us_equity,common_stock_or_optionable_underlying,Applovin Corporation,Technology Services,XLK,tradingview_sector_to_spdr_anchor,uncertain_verify_before_use,active,active_fixed_current_realtime_pool_snapshot,2026-06-05,true,true,41,66,tradingview_screener_snapshot:/root/projects/trading-storage/storage/01_source_data/realtime/tradingview_equity_screener/2026-06-05/tradingview_equity_screener.csv,2026-06-05,fixed_current_realtime_pool_snapshot_for_historical_replay
VZ,VZ,us_equity,common_stock_or_optionable_underlying,Verizon Communications Inc.,Communications,XLC,tradingview_sector_to_spdr_anchor,uncertain_verify_before_use,active,active_fixed_current_realtime_pool_snapshot,2026-06-05,true,true,83,67,tradingview_screener_snapshot:/root/projects/trading-storage/storage/01_source_data/realtime/tradingview_equity_screener/2026-06-05/tradingview_equity_screener.csv,2026-06-05,fixed_current_realtime_pool_snapshot_for_historical_replay
AMGN,AMGN,us_equity,common_stock_or_optionable_underlying,Amgen Inc.,Health Technology,XLV,tradingview_sector_to_spdr_anchor,uncertain_verify_before_use,active,active_fixed_current_realtime_pool_snapshot,2026-06-05,true,true,121,68,tradingview_screener_snapshot:/root/projects/trading-storage/storage/01_source_data/realtime/tradingview_equity_screener/2026-06-05/tradingview_equity_screener.csv,2026-06-05,fixed_current_realtime_pool_snapshot_for_historical_replay
CRWD,CRWD,us_equity,common_stock_or_optionable_underlying,"CrowdStrike Holdings, Inc.",Technology Services,XLK,tradingview_sector_to_spdr_anchor,uncertain_verify_before_use,active,active_fixed_current_realtime_pool_snapshot,2026-06-05,true,true,17,69,tradingview_screener_snapshot:/root/projects/trading-storage/storage/01_source_data/realtime/tradingview_equity_screener/2026-06-05/tradingview_equity_screener.csv,2026-06-05,fixed_current_realtime_pool_snapshot_for_historical_replay
APH,APH,us_equity,common_stock_or_optionable_underlying,Amphenol Corporation,Electronic Technology,XLK,tradingview_sector_to_spdr_anchor,uncertain_verify_before_use,active,active_fixed_current_realtime_pool_snapshot,2026-06-05,true,true,148,70,tradingview_screener_snapshot:/root/projects/trading-storage/storage/01_source_data/realtime/tradingview_equity_screener/2026-06-05/tradingview_equity_screener.csv,2026-06-05,fixed_current_realtime_pool_snapshot_for_historical_replay
TMO,TMO,us_equity,common_stock_or_optionable_underlying,Thermo Fisher Scientific Inc,Health Technology,XLV,tradingview_sector_to_spdr_anchor,uncertain_verify_before_use,active,active_fixed_current_realtime_pool_snapshot,2026-06-05,true,true,112,71,tradingview_screener_snapshot:/root/projects/trading-storage/storage/01_source_data/realtime/tradingview_equity_screener/2026-06-05/tradingview_equity_screener.csv,2026-06-05,fixed_current_realtime_pool_snapshot_for_historical_replay
NEE,NEE,us_equity,common_stock_or_optionable_underlying,"NextEra Energy, Inc.",Utilities,XLU,tradingview_sector_to_spdr_anchor,uncertain_verify_before_use,active,active_fixed_current_realtime_pool_snapshot,2026-06-05,true,true,150,72,tradingview_screener_snapshot:/root/projects/trading-storage/storage/01_source_data/realtime/tradingview_equity_screener/2026-06-05/tradingview_equity_screener.csv,2026-06-05,fixed_current_realtime_pool_snapshot_for_historical_replay
TJX,TJX,us_equity,common_stock_or_optionable_underlying,"TJX Companies, Inc. (The)",Retail Trade,XLY,tradingview_sector_to_spdr_anchor,uncertain_verify_before_use,active,active_fixed_current_realtime_pool_snapshot,2026-06-05,true,true,135,73,tradingview_screener_snapshot:/root/projects/trading-storage/storage/01_source_data/realtime/tradingview_equity_screener/2026-06-05/tradingview_equity_screener.csv,2026-06-05,fixed_current_realtime_pool_snapshot_for_historical_replay
DIS,DIS,us_equity,common_stock_or_optionable_underlying,Walt Disney Company (The),Consumer Services,XLY,tradingview_sector_to_spdr_anchor,uncertain_verify_before_use,active,active_fixed_current_realtime_pool_snapshot,2026-06-05,true,true,129,74,tradingview_screener_snapshot:/root/projects/trading-storage/storage/01_source_data/realtime/tradingview_equity_screener/2026-06-05/tradingview_equity_screener.csv,2026-06-05,fixed_current_realtime_pool_snapshot_for_historical_replay
BA,BA,us_equity,common_stock_or_optionable_underlying,Boeing Company (The),Electronic Technology,XLK,tradingview_sector_to_spdr_anchor,uncertain_verify_before_use,active,active_fixed_current_realtime_pool_snapshot,2026-06-05,true,true,69,75,tradingview_screener_snapshot:/root/projects/trading-storage/storage/01_source_data/realtime/tradingview_equity_screener/2026-06-05/tradingview_equity_screener.csv,2026-06-05,fixed_current_realtime_pool_snapshot_for_historical_replay
GLW,GLW,us_equity,common_stock_or_optionable_underlying,Corning Incorporated,Electronic Technology,XLK,tradingview_sector_to_spdr_anchor,uncertain_verify_before_use,active,active_fixed_current_realtime_pool_snapshot,2026-06-05,true,true,53,76,tradingview_screener_snapshot:/root/projects/trading-storage/storage/01_source_data/realtime/tradingview_equity_screener/2026-06-05/tradingview_equity_screener.csv,2026-06-05,fixed_current_realtime_pool_snapshot_for_historical_replay
BLK,BLK,us_equity,common_stock_or_optionable_underlying,"BlackRock, Inc.",Finance,XLF,tradingview_sector_to_spdr_anchor,uncertain_verify_before_use,active,active_fixed_current_realtime_pool_snapshot,2026-06-05,true,true,116,77,tradingview_screener_snapshot:/root/projects/trading-storage/storage/01_source_data/realtime/tradingview_equity_screener/2026-06-05/tradingview_equity_screener.csv,2026-06-05,fixed_current_realtime_pool_snapshot_for_historical_replay
ETN,ETN,us_equity,common_stock_or_optionable_underlying,"Eaton Corporation, PLC",Producer Manufacturing,XLI,tradingview_sector_to_spdr_anchor,uncertain_verify_before_use,active,active_fixed_current_realtime_pool_snapshot,2026-06-05,true,true,162,78,tradingview_screener_snapshot:/root/projects/trading-storage/storage/01_source_data/realtime/tradingview_equity_screener/2026-06-05/tradingview_equity_screener.csv,2026-06-05,fixed_current_realtime_pool_snapshot_for_historical_replay
SCCO,SCCO,us_equity,common_stock_or_optionable_underlying,Southern Copper Corporation,Non-Energy Minerals,XLB,tradingview_sector_to_spdr_anchor,uncertain_verify_before_use,active,active_fixed_current_realtime_pool_snapshot,2026-06-05,false,true,,79,tradingview_screener_snapshot:/root/projects/trading-storage/storage/01_source_data/realtime/tradingview_equity_screener/2026-06-05/tradingview_equity_screener.csv,2026-06-05,fixed_current_realtime_pool_snapshot_for_historical_replay
GILD,GILD,us_equity,common_stock_or_optionable_underlying,"Gilead Sciences, Inc.",Health Technology,XLV,tradingview_sector_to_spdr_anchor,uncertain_verify_before_use,active,active_fixed_current_realtime_pool_snapshot,2026-06-05,true,true,67,80,tradingview_screener_snapshot:/root/projects/trading-storage/storage/01_source_data/realtime/tradingview_equity_screener/2026-06-05/tradingview_equity_screener.csv,2026-06-05,fixed_current_realtime_pool_snapshot_for_historical_replay
DE,DE,us_equity,common_stock_or_optionable_underlying,Deere & Company,Producer Manufacturing,XLI,tradingview_sector_to_spdr_anchor,uncertain_verify_before_use,active,active_fixed_current_realtime_pool_snapshot,2026-06-05,true,true,118,81,tradingview_screener_snapshot:/root/projects/trading-storage/storage/01_source_data/realtime/tradingview_equity_screener/2026-06-05/tradingview_equity_screener.csv,2026-06-05,fixed_current_realtime_pool_snapshot_for_historical_replay
T,T,us_equity,common_stock_or_optionable_underlying,AT&T Inc.,Communications,XLC,tradingview_sector_to_spdr_anchor,uncertain_verify_before_use,active,active_fixed_current_realtime_pool_snapshot,2026-06-05,true,true,62,82,tradingview_screener_snapshot:/root/projects/trading-storage/storage/01_source_data/realtime/tradingview_equity_screener/2026-06-05/tradingview_equity_screener.csv,2026-06-05,fixed_current_realtime_pool_snapshot_for_historical_replay
ABT,ABT,us_equity,common_stock_or_optionable_underlying,Abbott Laboratories,Health Technology,XLV,tradingview_sector_to_spdr_anchor,uncertain_verify_before_use,active,active_fixed_current_realtime_pool_snapshot,2026-06-05,true,true,94,83,tradingview_screener_snapshot:/root/projects/trading-storage/storage/01_source_data/realtime/tradingview_equity_screener/2026-06-05/tradingview_equity_screener.csv,2026-06-05,fixed_current_realtime_pool_snapshot_for_historical_replay
UNP,UNP,us_equity,common_stock_or_optionable_underlying,Union Pacific Corporation,Transportation,XLI,tradingview_sector_to_spdr_anchor,uncertain_verify_before_use,active,active_fixed_current_realtime_pool_snapshot,2026-06-05,true,true,199,84,tradingview_screener_snapshot:/root/projects/trading-storage/storage/01_source_data/realtime/tradingview_equity_screener/2026-06-05/tradingview_equity_screener.csv,2026-06-05,fixed_current_realtime_pool_snapshot_for_historical_replay
CRM,CRM,us_equity,common_stock_or_optionable_underlying,"Salesforce, Inc.",Technology Services,XLK,tradingview_sector_to_spdr_anchor,uncertain_verify_before_use,active,active_fixed_current_realtime_pool_snapshot,2026-06-05,true,true,43,85,tradingview_screener_snapshot:/root/projects/trading-storage/storage/01_source_data/realtime/tradingview_equity_screener/2026-06-05/tradingview_equity_screener.csv,2026-06-05,fixed_current_realtime_pool_snapshot_for_historical_replay
SCHW,SCHW,us_equity,common_stock_or_optionable_underlying,Charles Schwab Corporation (The),Finance,XLF,tradingview_sector_to_spdr_anchor,uncertain_verify_before_use,active,active_fixed_current_realtime_pool_snapshot,2026-06-05,true,true,119,86,tradingview_screener_snapshot:/root/projects/trading-storage/storage/01_source_data/realtime/tradingview_equity_screener/2026-06-05/tradingview_equity_screener.csv,2026-06-05,fixed_current_realtime_pool_snapshot_for_historical_replay
SHOP,SHOP,us_equity,common_stock_or_optionable_underlying,Shopify Inc.,Commercial Services,XLI,tradingview_sector_to_spdr_anchor,uncertain_verify_before_use,active,active_fixed_current_realtime_pool_snapshot,2026-06-05,true,true,146,87,tradingview_screener_snapshot:/root/projects/trading-storage/storage/01_source_data/realtime/tradingview_equity_screener/2026-06-05/tradingview_equity_screener.csv,2026-06-05,fixed_current_realtime_pool_snapshot_for_historical_replay
ISRG,ISRG,us_equity,common_stock_or_optionable_underlying,"Intuitive Surgical, Inc.",Health Technology,XLV,tradingview_sector_to_spdr_anchor,uncertain_verify_before_use,active,active_fixed_current_realtime_pool_snapshot,2026-06-05,true,true,123,88,tradingview_screener_snapshot:/root/projects/trading-storage/storage/01_source_data/realtime/tradingview_equity_screener/2026-06-05/tradingview_equity_screener.csv,2026-06-05,fixed_current_realtime_pool_snapshot_for_historical_replay
IBKR,IBKR,us_equity,common_stock_or_optionable_underlying,"Interactive Brokers Group, Inc.",Finance,XLF,tradingview_sector_to_spdr_anchor,uncertain_verify_before_use,active,active_fixed_current_realtime_pool_snapshot,2026-06-05,true,true,197,89,tradingview_screener_snapshot:/root/projects/trading-storage/storage/01_source_data/realtime/tradingview_equity_screener/2026-06-05/tradingview_equity_screener.csv,2026-06-05,fixed_current_realtime_pool_snapshot_for_historical_replay
UBER,UBER,us_equity,common_stock_or_optionable_underlying,"Uber Technologies, Inc.",Transportation,XLI,tradingview_sector_to_spdr_anchor,uncertain_verify_before_use,active,active_fixed_current_realtime_pool_snapshot,2026-06-05,true,true,95,90,tradingview_screener_snapshot:/root/projects/trading-storage/storage/01_source_data/realtime/tradingview_equity_screener/2026-06-05/tradingview_equity_screener.csv,2026-06-05,fixed_current_realtime_pool_snapshot_for_historical_replay
PFE,PFE,us_equity,common_stock_or_optionable_underlying,"Pfizer, Inc.",Health Technology,XLV,tradingview_sector_to_spdr_anchor,uncertain_verify_before_use,active,active_fixed_current_realtime_pool_snapshot,2026-06-05,true,true,155,91,tradingview_screener_snapshot:/root/projects/trading-storage/storage/01_source_data/realtime/tradingview_equity_screener/2026-06-05/tradingview_equity_screener.csv,2026-06-05,fixed_current_realtime_pool_snapshot_for_historical_replay
COP,COP,us_equity,common_stock_or_optionable_underlying,ConocoPhillips,Energy Minerals,XLE,tradingview_sector_to_spdr_anchor,uncertain_verify_before_use,active,active_fixed_current_realtime_pool_snapshot,2026-06-05,true,true,223,92,tradingview_screener_snapshot:/root/projects/trading-storage/storage/01_source_data/realtime/tradingview_equity_screener/2026-06-05/tradingview_equity_screener.csv,2026-06-05,fixed_current_realtime_pool_snapshot_for_historical_replay
BX,BX,us_equity,common_stock_or_optionable_underlying,Blackstone Inc.,Finance,XLF,tradingview_sector_to_spdr_anchor,uncertain_verify_before_use,active,active_fixed_current_realtime_pool_snapshot,2026-06-05,true,true,128,93,tradingview_screener_snapshot:/root/projects/trading-storage/storage/01_source_data/realtime/tradingview_equity_screener/2026-06-05/tradingview_equity_screener.csv,2026-06-05,fixed_current_realtime_pool_snapshot_for_historical_replay
UBS,UBS,us_equity,common_stock_or_optionable_underlying,UBS Group AG Registered,Finance,XLF,tradingview_sector_to_spdr_anchor,uncertain_verify_before_use,active,active_fixed_current_realtime_pool_snapshot,2026-06-05,false,true,,94,tradingview_screener_snapshot:/root/projects/trading-storage/storage/01_source_data/realtime/tradingview_equity_screener/2026-06-05/tradingview_equity_screener.csv,2026-06-05,fixed_current_realtime_pool_snapshot_for_historical_replay
WELL,WELL,us_equity,common_stock_or_optionable_underlying,Welltower Inc.,Finance,XLF,tradingview_sector_to_spdr_anchor,uncertain_verify_before_use,active,active_fixed_current_realtime_pool_snapshot,2026-06-05,true,true,226,95,tradingview_screener_snapshot:/root/projects/trading-storage/storage/01_source_data/realtime/tradingview_equity_screener/2026-06-05/tradingview_equity_screener.csv,2026-06-05,fixed_current_realtime_pool_snapshot_for_historical_replay
HON,HON,us_equity,common_stock_or_optionable_underlying,Honeywell International Inc.,Electronic Technology,XLK,tradingview_sector_to_spdr_anchor,uncertain_verify_before_use,active,active_fixed_current_realtime_pool_snapshot,2026-06-05,true,true,84,96,tradingview_screener_snapshot:/root/projects/trading-storage/storage/01_source_data/realtime/tradingview_equity_screener/2026-06-05/tradingview_equity_screener.csv,2026-06-05,fixed_current_realtime_pool_snapshot_for_historical_replay
PLD,PLD,us_equity,common_stock_or_optionable_underlying,"Prologis, Inc.",Finance,XLF,tradingview_sector_to_spdr_anchor,uncertain_verify_before_use,active,active_fixed_current_realtime_pool_snapshot,2026-06-05,true,true,245,97,tradingview_screener_snapshot:/root/projects/trading-storage/storage/01_source_data/realtime/tradingview_equity_screener/2026-06-05/tradingview_equity_screener.csv,2026-06-05,fixed_current_realtime_pool_snapshot_for_historical_replay
DHR,DHR,us_equity,common_stock_or_optionable_underlying,Danaher Corporation,Health Technology,XLV,tradingview_sector_to_spdr_anchor,uncertain_verify_before_use,active,active_fixed_current_realtime_pool_snapshot,2026-06-05,true,true,85,98,tradingview_screener_snapshot:/root/projects/trading-storage/storage/01_source_data/realtime/tradingview_equity_screener/2026-06-05/tradingview_equity_screener.csv,2026-06-05,fixed_current_realtime_pool_snapshot_for_historical_replay
BKNG,BKNG,us_equity,common_stock_or_optionable_underlying,Booking Holdings Inc. Common Stock,Consumer Services,XLY,tradingview_sector_to_spdr_anchor,uncertain_verify_before_use,active,active_fixed_current_realtime_pool_snapshot,2026-06-05,true,true,108,99,tradingview_screener_snapshot:/root/projects/trading-storage/storage/01_source_data/realtime/tradingview_equity_screener/2026-06-05/tradingview_equity_screener.csv,2026-06-05,fixed_current_realtime_pool_snapshot_for_historical_replay
VRT,VRT,us_equity,common_stock_or_optionable_underlying,"Vertiv Holdings, LLC",Electronic Technology,XLK,tradingview_sector_to_spdr_anchor,uncertain_verify_before_use,active,active_fixed_current_realtime_pool_snapshot,2026-06-05,true,true,58,100,tradingview_screener_snapshot:/root/projects/trading-storage/storage/01_source_data/realtime/tradingview_equity_screener/2026-06-05/tradingview_equity_screener.csv,2026-06-05,fixed_current_realtime_pool_snapshot_for_historical_replay
SPGI,SPGI,us_equity,common_stock_or_optionable_underlying,S&P Global Inc.,Commercial Services,XLI,tradingview_sector_to_spdr_anchor,uncertain_verify_before_use,active,active_fixed_current_realtime_pool_snapshot,2026-06-05,true,true,140,101,tradingview_screener_snapshot:/root/projects/trading-storage/storage/01_source_data/realtime/tradingview_equity_screener/2026-06-05/tradingview_equity_screener.csv,2026-06-05,fixed_current_realtime_pool_snapshot_for_historical_replay
ENB,ENB,us_equity,common_stock_or_optionable_underlying,Enbridge Inc,Industrial Services,XLI,tradingview_sector_to_spdr_anchor,uncertain_verify_before_use,active,active_fixed_current_realtime_pool_snapshot,2026-06-05,false,true,,102,tradingview_screener_snapshot:/root/projects/trading-storage/storage/01_source_data/realtime/tradingview_equity_screener/2026-06-05/tradingview_equity_screener.csv,2026-06-05,fixed_current_realtime_pool_snapshot_for_historical_replay
NOW,NOW,us_equity,common_stock_or_optionable_underlying,"ServiceNow, Inc.",Technology Services,XLK,tradingview_sector_to_spdr_anchor,uncertain_verify_before_use,active,active_fixed_current_realtime_pool_snapshot,2026-06-05,true,true,25,103,tradingview_screener_snapshot:/root/projects/trading-storage/storage/01_source_data/realtime/tradingview_equity_screener/2026-06-05/tradingview_equity_screener.csv,2026-06-05,fixed_current_realtime_pool_snapshot_for_historical_replay
CB,CB,us_equity,common_stock_or_optionable_underlying,Chubb Limited,Finance,XLF,tradingview_sector_to_spdr_anchor,uncertain_verify_before_use,active,active_fixed_current_realtime_pool_snapshot,2026-06-05,true,true,134,104,tradingview_screener_snapshot:/root/projects/trading-storage/storage/01_source_data/realtime/tradingview_equity_screener/2026-06-05/tradingview_equity_screener.csv,2026-06-05,fixed_current_realtime_pool_snapshot_for_historical_replay
CVS,CVS,us_equity,common_stock_or_optionable_underlying,CVS Health Corporation,Retail Trade,XLY,tradingview_sector_to_spdr_anchor,uncertain_verify_before_use,active,active_fixed_current_realtime_pool_snapshot,2026-06-05,true,true,103,105,tradingview_screener_snapshot:/root/projects/trading-storage/storage/01_source_data/realtime/tradingview_equity_screener/2026-06-05/tradingview_equity_screener.csv,2026-06-05,fixed_current_realtime_pool_snapshot_for_historical_replay
LMT,LMT,us_equity,common_stock_or_optionable_underlying,Lockheed Martin Corporation,Electronic Technology,XLK,tradingview_sector_to_spdr_anchor,uncertain_verify_before_use,active,active_fixed_current_realtime_pool_snapshot,2026-06-05,true,true,293,106,tradingview_screener_snapshot:/root/projects/trading-storage/storage/01_source_data/realtime/tradingview_equity_screener/2026-06-05/tradingview_equity_screener.csv,2026-06-05,fixed_current_realtime_pool_snapshot_for_historical_replay
MO,MO,us_equity,common_stock_or_optionable_underlying,"Altria Group, Inc.",Consumer Non-Durables,XLP,tradingview_sector_to_spdr_anchor,uncertain_verify_before_use,active,active_fixed_current_realtime_pool_snapshot,2026-06-05,false,true,,107,tradingview_screener_snapshot:/root/projects/trading-storage/storage/01_source_data/realtime/tradingview_equity_screener/2026-06-05/tradingview_equity_screener.csv,2026-06-05,fixed_current_realtime_pool_snapshot_for_historical_replay
BMO,BMO,us_equity,common_stock_or_optionable_underlying,Bank Of Montreal,Finance,XLF,tradingview_sector_to_spdr_anchor,uncertain_verify_before_use,active,active_fixed_current_realtime_pool_snapshot,2026-06-05,false,true,,108,tradingview_screener_snapshot:/root/projects/trading-storage/storage/01_source_data/realtime/tradingview_equity_screener/2026-06-05/tradingview_equity_screener.csv,2026-06-05,fixed_current_realtime_pool_snapshot_for_historical_replay
LOW,LOW,us_equity,common_stock_or_optionable_underlying,"Lowe's Companies, Inc.",Retail Trade,XLY,tradingview_sector_to_spdr_anchor,uncertain_verify_before_use,active,active_fixed_current_realtime_pool_snapshot,2026-06-05,true,true,189,109,tradingview_screener_snapshot:/root/projects/trading-storage/storage/01_source_data/realtime/tradingview_equity_screener/2026-06-05/tradingview_equity_screener.csv,2026-06-05,fixed_current_realtime_pool_snapshot_for_historical_replay
NEM,NEM,us_equity,common_stock_or_optionable_underlying,Newmont Corporation,Non-Energy Minerals,XLB,tradingview_sector_to_spdr_anchor,uncertain_verify_before_use,active,active_fixed_current_realtime_pool_snapshot,2026-06-05,true,true,160,110,tradingview_screener_snapshot:/root/projects/trading-storage/storage/01_source_data/realtime/tradingview_equity_screener/2026-06-05/tradingview_equity_screener.csv,2026-06-05,fixed_current_realtime_pool_snapshot_for_historical_replay
BMY,BMY,us_equity,common_stock_or_optionable_underlying,Bristol-Myers Squibb Company,Health Technology,XLV,tradingview_sector_to_spdr_anchor,uncertain_verify_before_use,active,active_fixed_current_realtime_pool_snapshot,2026-06-05,true,true,172,111,tradingview_screener_snapshot:/root/projects/trading-storage/storage/01_source_data/realtime/tradingview_equity_screener/2026-06-05/tradingview_equity_screener.csv,2026-06-05,fixed_current_realtime_pool_snapshot_for_historical_replay
SYK,SYK,us_equity,common_stock_or_optionable_underlying,Stryker Corporation,Health Technology,XLV,tradingview_sector_to_spdr_anchor,uncertain_verify_before_use,active,active_fixed_current_realtime_pool_snapshot,2026-06-05,true,true,167,112,tradingview_screener_snapshot:/root/projects/trading-storage/storage/01_source_data/realtime/tradingview_equity_screener/2026-06-05/tradingview_equity_screener.csv,2026-06-05,fixed_current_realtime_pool_snapshot_for_historical_replay
PGR,PGR,us_equity,common_stock_or_optionable_underlying,Progressive Corporation (The),Finance,XLF,tradingview_sector_to_spdr_anchor,uncertain_verify_before_use,active,active_fixed_current_realtime_pool_snapshot,2026-06-05,true,true,225,113,tradingview_screener_snapshot:/root/projects/trading-storage/storage/01_source_data/realtime/tradingview_equity_screener/2026-06-05/tradingview_equity_screener.csv,2026-06-05,fixed_current_realtime_pool_snapshot_for_historical_replay
COF,COF,us_equity,common_stock_or_optionable_underlying,Capital One Financial Corporation,Finance,XLF,tradingview_sector_to_spdr_anchor,uncertain_verify_before_use,active,active_fixed_current_realtime_pool_snapshot,2026-06-05,true,true,168,114,tradingview_screener_snapshot:/root/projects/trading-storage/storage/01_source_data/realtime/tradingview_equity_screener/2026-06-05/tradingview_equity_screener.csv,2026-06-05,fixed_current_realtime_pool_snapshot_for_historical_replay
CDNS,CDNS,us_equity,common_stock_or_optionable_underlying,"Cadence Design Systems, Inc.",Technology Services,XLK,tradingview_sector_to_spdr_anchor,uncertain_verify_before_use,active,active_fixed_current_realtime_pool_snapshot,2026-06-05,true,true,98,115,tradingview_screener_snapshot:/root/projects/trading-storage/storage/01_source_data/realtime/tradingview_equity_screener/2026-06-05/tradingview_equity_screener.csv,2026-06-05,fixed_current_realtime_pool_snapshot_for_historical_replay
VRTX,VRTX,us_equity,common_stock_or_optionable_underlying,Vertex Pharmaceuticals Incorporated,Health Technology,XLV,tradingview_sector_to_spdr_anchor,uncertain_verify_before_use,active,active_fixed_current_realtime_pool_snapshot,2026-06-05,true,true,203,116,tradingview_screener_snapshot:/root/projects/trading-storage/storage/01_source_data/realtime/tradingview_equity_screener/2026-06-05/tradingview_equity_screener.csv,2026-06-05,fixed_current_realtime_pool_snapshot_for_historical_replay
PH,PH,us_equity,common_stock_or_optionable_underlying,Parker-Hannifin Corporation,Producer Manufacturing,XLI,tradingview_sector_to_spdr_anchor,uncertain_verify_before_use,active,active_fixed_current_realtime_pool_snapshot,2026-06-05,true,true,177,117,tradingview_screener_snapshot:/root/projects/trading-storage/storage/01_source_data/realtime/tradingview_equity_screener/2026-06-05/tradingview_equity_screener.csv,2026-06-05,fixed_current_realtime_pool_snapshot_for_historical_replay
ACN,ACN,us_equity,common_stock_or_optionable_underlying,Accenture plc,Technology Services,XLK,tradingview_sector_to_spdr_anchor,uncertain_verify_before_use,active,active_fixed_current_realtime_pool_snapshot,2026-06-05,true,true,157,118,tradingview_screener_snapshot:/root/projects/trading-storage/storage/01_source_data/realtime/tradingview_equity_screener/2026-06-05/tradingview_equity_screener.csv,2026-06-05,fixed_current_realtime_pool_snapshot_for_historical_replay
FTNT,FTNT,us_equity,common_stock_or_optionable_underlying,"Fortinet, Inc.",Technology Services,XLK,tradingview_sector_to_spdr_anchor,uncertain_verify_before_use,active,active_fixed_current_realtime_pool_snapshot,2026-06-05,true,true,153,119,tradingview_screener_snapshot:/root/projects/trading-storage/storage/01_source_data/realtime/tradingview_equity_screener/2026-06-05/tradingview_equity_screener.csv,2026-06-05,fixed_current_realtime_pool_snapshot_for_historical_replay
PWR,PWR,us_equity,common_stock_or_optionable_underlying,"Quanta Services, Inc.",Industrial Services,XLI,tradingview_sector_to_spdr_anchor,uncertain_verify_before_use,active,active_fixed_current_realtime_pool_snapshot,2026-06-05,true,true,169,120,tradingview_screener_snapshot:/root/projects/trading-storage/storage/01_source_data/realtime/tradingview_equity_screener/2026-06-05/tradingview_equity_screener.csv,2026-06-05,fixed_current_realtime_pool_snapshot_for_historical_replay
EQIX,EQIX,us_equity,common_stock_or_optionable_underlying,"Equinix, Inc.",Finance,XLF,tradingview_sector_to_spdr_anchor,uncertain_verify_before_use,active,active_fixed_current_realtime_pool_snapshot,2026-06-05,true,true,241,121,tradingview_screener_snapshot:/root/projects/trading-storage/storage/01_source_data/realtime/tradingview_equity_screener/2026-06-05/tradingview_equity_screener.csv,2026-06-05,fixed_current_realtime_pool_snapshot_for_historical_replay
SBUX,SBUX,us_equity,common_stock_or_optionable_underlying,Starbucks Corporation,Consumer Services,XLY,tradingview_sector_to_spdr_anchor,uncertain_verify_before_use,active,active_fixed_current_realtime_pool_snapshot,2026-06-05,true,true,175,122,tradingview_screener_snapshot:/root/projects/trading-storage/storage/01_source_data/realtime/tradingview_equity_screener/2026-06-05/tradingview_equity_screener.csv,2026-06-05,fixed_current_realtime_pool_snapshot_for_historical_replay
MDT,MDT,us_equity,common_stock_or_optionable_underlying,Medtronic plc.,Health Technology,XLV,tradingview_sector_to_spdr_anchor,uncertain_verify_before_use,active,active_fixed_current_realtime_pool_snapshot,2026-06-05,true,true,74,123,tradingview_screener_snapshot:/root/projects/trading-storage/storage/01_source_data/realtime/tradingview_equity_screener/2026-06-05/tradingview_equity_screener.csv,2026-06-05,fixed_current_realtime_pool_snapshot_for_historical_replay
ADBE,ADBE,us_equity,common_stock_or_optionable_underlying,Adobe Inc.,Technology Services,XLK,tradingview_sector_to_spdr_anchor,uncertain_verify_before_use,active,active_fixed_current_realtime_pool_snapshot,2026-06-05,true,true,92,124,tradingview_screener_snapshot:/root/projects/trading-storage/storage/01_source_data/realtime/tradingview_equity_screener/2026-06-05/tradingview_equity_screener.csv,2026-06-05,fixed_current_realtime_pool_snapshot_for_historical_replay
SO,SO,us_equity,common_stock_or_optionable_underlying,Southern Company (The),Utilities,XLU,tradingview_sector_to_spdr_anchor,uncertain_verify_before_use,active,active_fixed_current_realtime_pool_snapshot,2026-06-05,false,true,,125,tradingview_screener_snapshot:/root/projects/trading-storage/storage/01_source_data/realtime/tradingview_equity_screener/2026-06-05/tradingview_equity_screener.csv,2026-06-05,fixed_current_realtime_pool_snapshot_for_historical_replay
TT,TT,us_equity,common_stock_or_optionable_underlying,Trane Technologies plc,Producer Manufacturing,XLI,tradingview_sector_to_spdr_anchor,uncertain_verify_before_use,active,active_fixed_current_realtime_pool_snapshot,2026-06-05,true,true,235,126,tradingview_screener_snapshot:/root/projects/trading-storage/storage/01_source_data/realtime/tradingview_equity_screener/2026-06-05/tradingview_equity_screener.csv,2026-06-05,fixed_current_realtime_pool_snapshot_for_historical_replay
MAR,MAR,us_equity,common_stock_or_optionable_underlying,Marriott International,Consumer Services,XLY,tradingview_sector_to_spdr_anchor,uncertain_verify_before_use,active,active_fixed_current_realtime_pool_snapshot,2026-06-05,true,true,292,127,tradingview_screener_snapshot:/root/projects/trading-storage/storage/01_source_data/realtime/tradingview_equity_screener/2026-06-05/tradingview_equity_screener.csv,2026-06-05,fixed_current_realtime_pool_snapshot_for_historical_replay
SPOT,SPOT,us_equity,common_stock_or_optionable_underlying,Spotify Technology S.A.,Technology Services,XLK,tradingview_sector_to_spdr_anchor,uncertain_verify_before_use,active,active_fixed_current_realtime_pool_snapshot,2026-06-05,true,true,190,128,tradingview_screener_snapshot:/root/projects/trading-storage/storage/01_source_data/realtime/tradingview_equity_screener/2026-06-05/tradingview_equity_screener.csv,2026-06-05,fixed_current_realtime_pool_snapshot_for_historical_replay
CM,CM,us_equity,common_stock_or_optionable_underlying,Canadian Imperial Bank of Commerce,Finance,XLF,tradingview_sector_to_spdr_anchor,uncertain_verify_before_use,active,active_fixed_current_realtime_pool_snapshot,2026-06-05,false,true,,129,tradingview_screener_snapshot:/root/projects/trading-storage/storage/01_source_data/realtime/tradingview_equity_screener/2026-06-05/tradingview_equity_screener.csv,2026-06-05,fixed_current_realtime_pool_snapshot_for_historical_replay
BN,BN,us_equity,common_stock_or_optionable_underlying,Brookfield Corporation,Finance,XLF,tradingview_sector_to_spdr_anchor,uncertain_verify_before_use,active,active_fixed_current_realtime_pool_snapshot,2026-06-05,false,true,,130,tradingview_screener_snapshot:/root/projects/trading-storage/storage/01_source_data/realtime/tradingview_equity_screener/2026-06-05/tradingview_equity_screener.csv,2026-06-05,fixed_current_realtime_pool_snapshot_for_historical_replay
BNS,BNS,us_equity,common_stock_or_optionable_underlying,Bank Nova Scotia Halifax Pfd 3,Finance,XLF,tradingview_sector_to_spdr_anchor,uncertain_verify_before_use,active,active_fixed_current_realtime_pool_snapshot,2026-06-05,false,true,,131,tradingview_screener_snapshot:/root/projects/trading-storage/storage/01_source_data/realtime/tradingview_equity_screener/2026-06-05/tradingview_equity_screener.csv,2026-06-05,fixed_current_realtime_pool_snapshot_for_historical_replay
FCX,FCX,us_equity,common_stock_or_optionable_underlying,"Freeport-McMoRan, Inc.",Non-Energy Minerals,XLB,tradingview_sector_to_spdr_anchor,uncertain_verify_before_use,active,active_fixed_current_realtime_pool_snapshot,2026-06-05,true,true,152,132,tradingview_screener_snapshot:/root/projects/trading-storage/storage/01_source_data/realtime/tradingview_equity_screener/2026-06-05/tradingview_equity_screener.csv,2026-06-05,fixed_current_realtime_pool_snapshot_for_historical_replay
HWM,HWM,us_equity,common_stock_or_optionable_underlying,Howmet Aerospace Inc.,Electronic Technology,XLK,tradingview_sector_to_spdr_anchor,uncertain_verify_before_use,active,active_fixed_current_realtime_pool_snapshot,2026-06-05,true,true,238,133,tradingview_screener_snapshot:/root/projects/trading-storage/storage/01_source_data/realtime/tradingview_equity_screener/2026-06-05/tradingview_equity_screener.csv,2026-06-05,fixed_current_realtime_pool_snapshot_for_historical_replay
CNQ,CNQ,us_equity,common_stock_or_optionable_underlying,Canadian Natural Resources Limited,Energy Minerals,XLE,tradingview_sector_to_spdr_anchor,uncertain_verify_before_use,active,active_fixed_current_realtime_pool_snapshot,2026-06-05,false,true,,134,tradingview_screener_snapshot:/root/projects/trading-storage/storage/01_source_data/realtime/tradingview_equity_screener/2026-06-05/tradingview_equity_screener.csv,2026-06-05,fixed_current_realtime_pool_snapshot_for_historical_replay
BNY,BNY,us_equity,common_stock_or_optionable_underlying,The Bank of New York Mellon Corporation,Finance,XLF,tradingview_sector_to_spdr_anchor,uncertain_verify_before_use,active,active_fixed_current_realtime_pool_snapshot,2026-06-05,true,true,248,135,tradingview_screener_snapshot:/root/projects/trading-storage/storage/01_source_data/realtime/tradingview_equity_screener/2026-06-05/tradingview_equity_screener.csv,2026-06-05,fixed_current_realtime_pool_snapshot_for_historical_replay
CEG,CEG,us_equity,common_stock_or_optionable_underlying,Constellation Energy Corporation,Utilities,XLU,tradingview_sector_to_spdr_anchor,uncertain_verify_before_use,active,active_fixed_current_realtime_pool_snapshot,2026-06-05,true,true,137,136,tradingview_screener_snapshot:/root/projects/trading-storage/storage/01_source_data/realtime/tradingview_equity_screener/2026-06-05/tradingview_equity_screener.csv,2026-06-05,fixed_current_realtime_pool_snapshot_for_historical_replay
DUK,DUK,us_equity,common_stock_or_optionable_underlying,Duke Energy Corporation (Holding Company),Utilities,XLU,tradingview_sector_to_spdr_anchor,uncertain_verify_before_use,active,active_fixed_current_realtime_pool_snapshot,2026-06-05,true,true,298,137,tradingview_screener_snapshot:/root/projects/trading-storage/storage/01_source_data/realtime/tradingview_equity_screener/2026-06-05/tradingview_equity_screener.csv,2026-06-05,fixed_current_realtime_pool_snapshot_for_historical_replay
NET,NET,us_equity,common_stock_or_optionable_underlying,"Cloudflare, Inc.",Technology Services,XLK,tradingview_sector_to_spdr_anchor,uncertain_verify_before_use,active,active_fixed_current_realtime_pool_snapshot,2026-06-05,true,true,102,138,tradingview_screener_snapshot:/root/projects/trading-storage/storage/01_source_data/realtime/tradingview_equity_screener/2026-06-05/tradingview_equity_screener.csv,2026-06-05,fixed_current_realtime_pool_snapshot_for_historical_replay
SNPS,SNPS,us_equity,common_stock_or_optionable_underlying,"Synopsys, Inc.",Technology Services,XLK,tradingview_sector_to_spdr_anchor,uncertain_verify_before_use,active,active_fixed_current_realtime_pool_snapshot,2026-06-05,true,true,122,139,tradingview_screener_snapshot:/root/projects/trading-storage/storage/01_source_data/realtime/tradingview_equity_screener/2026-06-05/tradingview_equity_screener.csv,2026-06-05,fixed_current_realtime_pool_snapshot_for_historical_replay
CMI,CMI,us_equity,common_stock_or_optionable_underlying,Cummins Inc.,Producer Manufacturing,XLI,tradingview_sector_to_spdr_anchor,uncertain_verify_before_use,active,active_fixed_current_realtime_pool_snapshot,2026-06-05,true,true,230,140,tradingview_screener_snapshot:/root/projects/trading-storage/storage/01_source_data/realtime/tradingview_equity_screener/2026-06-05/tradingview_equity_screener.csv,2026-06-05,fixed_current_realtime_pool_snapshot_for_historical_replay
CME,CME,us_equity,common_stock_or_optionable_underlying,CME Group Inc.,Finance,XLF,tradingview_sector_to_spdr_anchor,uncertain_verify_before_use,active,active_fixed_current_realtime_pool_snapshot,2026-06-05,true,true,130,141,tradingview_screener_snapshot:/root/projects/trading-storage/storage/01_source_data/realtime/tradingview_equity_screener/2026-06-05/tradingview_equity_screener.csv,2026-06-05,fixed_current_realtime_pool_snapshot_for_historical_replay
ADP,ADP,us_equity,common_stock_or_optionable_underlying,"Automatic Data Processing, Inc.",Technology Services,XLK,tradingview_sector_to_spdr_anchor,uncertain_verify_before_use,active,active_fixed_current_realtime_pool_snapshot,2026-06-05,true,true,239,142,tradingview_screener_snapshot:/root/projects/trading-storage/storage/01_source_data/realtime/tradingview_equity_screener/2026-06-05/tradingview_equity_screener.csv,2026-06-05,fixed_current_realtime_pool_snapshot_for_historical_replay
GD,GD,us_equity,common_stock_or_optionable_underlying,General Dynamics Corporation,Electronic Technology,XLK,tradingview_sector_to_spdr_anchor,uncertain_verify_before_use,active,active_fixed_current_realtime_pool_snapshot,2026-06-05,true,true,273,143,tradingview_screener_snapshot:/root/projects/trading-storage/storage/01_source_data/realtime/tradingview_equity_screener/2026-06-05/tradingview_equity_screener.csv,2026-06-05,fixed_current_realtime_pool_snapshot_for_historical_replay
PNC,PNC,us_equity,common_stock_or_optionable_underlying,"PNC Financial Services Group, Inc. (The)",Finance,XLF,tradingview_sector_to_spdr_anchor,uncertain_verify_before_use,active,active_fixed_current_realtime_pool_snapshot,2026-06-05,false,true,,144,tradingview_screener_snapshot:/root/projects/trading-storage/storage/01_source_data/realtime/tradingview_equity_screener/2026-06-05/tradingview_equity_screener.csv,2026-06-05,fixed_current_realtime_pool_snapshot_for_historical_replay
MCK,MCK,us_equity,common_stock_or_optionable_underlying,McKesson Corporation,Distribution Services,XLI,tradingview_sector_to_spdr_anchor,uncertain_verify_before_use,active,active_fixed_current_realtime_pool_snapshot,2026-06-05,true,true,180,145,tradingview_screener_snapshot:/root/projects/trading-storage/storage/01_source_data/realtime/tradingview_equity_screener/2026-06-05/tradingview_equity_screener.csv,2026-06-05,fixed_current_realtime_pool_snapshot_for_historical_replay
AMT,AMT,us_equity,common_stock_or_optionable_underlying,American Tower Corporation (REIT),Finance,XLF,tradingview_sector_to_spdr_anchor,uncertain_verify_before_use,active,active_fixed_current_realtime_pool_snapshot,2026-06-05,true,true,156,146,tradingview_screener_snapshot:/root/projects/trading-storage/storage/01_source_data/realtime/tradingview_equity_screener/2026-06-05/tradingview_equity_screener.csv,2026-06-05,fixed_current_realtime_pool_snapshot_for_historical_replay
JCI,JCI,us_equity,common_stock_or_optionable_underlying,Johnson Controls International plc,Producer Manufacturing,XLI,tradingview_sector_to_spdr_anchor,uncertain_verify_before_use,active,active_fixed_current_realtime_pool_snapshot,2026-06-05,true,true,178,147,tradingview_screener_snapshot:/root/projects/trading-storage/storage/01_source_data/realtime/tradingview_equity_screener/2026-06-05/tradingview_equity_screener.csv,2026-06-05,fixed_current_realtime_pool_snapshot_for_historical_replay
ELV,ELV,us_equity,common_stock_or_optionable_underlying,"Elevance Health, Inc.",Health Services,XLV,tradingview_sector_to_spdr_anchor,uncertain_verify_before_use,active,active_fixed_current_realtime_pool_snapshot,2026-06-05,true,true,218,148,tradingview_screener_snapshot:/root/projects/trading-storage/storage/01_source_data/realtime/tradingview_equity_screener/2026-06-05/tradingview_equity_screener.csv,2026-06-05,fixed_current_realtime_pool_snapshot_for_historical_replay
WMB,WMB,us_equity,common_stock_or_optionable_underlying,"Williams Companies, Inc. (The)",Industrial Services,XLI,tradingview_sector_to_spdr_anchor,uncertain_verify_before_use,active,active_fixed_current_realtime_pool_snapshot,2026-06-05,true,true,274,149,tradingview_screener_snapshot:/root/projects/trading-storage/storage/01_source_data/realtime/tradingview_equity_screener/2026-06-05/tradingview_equity_screener.csv,2026-06-05,fixed_current_realtime_pool_snapshot_for_historical_replay
AEM,AEM,us_equity,common_stock_or_optionable_underlying,Agnico Eagle Mines Limited,Non-Energy Minerals,XLB,tradingview_sector_to_spdr_anchor,uncertain_verify_before_use,active,active_fixed_current_realtime_pool_snapshot,2026-06-05,false,true,,150,tradingview_screener_snapshot:/root/projects/trading-storage/storage/01_source_data/realtime/tradingview_equity_screener/2026-06-05/tradingview_equity_screener.csv,2026-06-05,fixed_current_realtime_pool_snapshot_for_historical_replay
WM,WM,us_equity,common_stock_or_optionable_underlying,"Waste Management, Inc.",Industrial Services,XLI,tradingview_sector_to_spdr_anchor,uncertain_verify_before_use,active,active_fixed_current_realtime_pool_snapshot,2026-06-05,true,true,206,151,tradingview_screener_snapshot:/root/projects/trading-storage/storage/01_source_data/realtime/tradingview_equity_screener/2026-06-05/tradingview_equity_screener.csv,2026-06-05,fixed_current_realtime_pool_snapshot_for_historical_replay
SLB,SLB,us_equity,common_stock_or_optionable_underlying,SLB Limited,Industrial Services,XLI,tradingview_sector_to_spdr_anchor,uncertain_verify_before_use,active,active_fixed_current_realtime_pool_snapshot,2026-06-05,true,true,219,152,tradingview_screener_snapshot:/root/projects/trading-storage/storage/01_source_data/realtime/tradingview_equity_screener/2026-06-05/tradingview_equity_screener.csv,2026-06-05,fixed_current_realtime_pool_snapshot_for_historical_replay
DDOG,DDOG,us_equity,common_stock_or_optionable_underlying,"Datadog, Inc.",Technology Services,XLK,tradingview_sector_to_spdr_anchor,uncertain_verify_before_use,active,active_fixed_current_realtime_pool_snapshot,2026-06-05,true,true,71,153,tradingview_screener_snapshot:/root/projects/trading-storage/storage/01_source_data/realtime/tradingview_equity_screener/2026-06-05/tradingview_equity_screener.csv,2026-06-05,fixed_current_realtime_pool_snapshot_for_historical_replay
MNST,MNST,us_equity,common_stock_or_optionable_underlying,Monster Beverage Corporation,Consumer Non-Durables,XLP,tradingview_sector_to_spdr_anchor,uncertain_verify_before_use,active,active_fixed_current_realtime_pool_snapshot,2026-06-05,true,true,297,154,tradingview_screener_snapshot:/root/projects/trading-storage/storage/01_source_data/realtime/tradingview_equity_screener/2026-06-05/tradingview_equity_screener.csv,2026-06-05,fixed_current_realtime_pool_snapshot_for_historical_replay
USB,USB,us_equity,common_stock_or_optionable_underlying,U.S. Bancorp,Finance,XLF,tradingview_sector_to_spdr_anchor,uncertain_verify_before_use,active,active_fixed_current_realtime_pool_snapshot,2026-06-05,true,true,264,155,tradingview_screener_snapshot:/root/projects/trading-storage/storage/01_source_data/realtime/tradingview_equity_screener/2026-06-05/tradingview_equity_screener.csv,2026-06-05,fixed_current_realtime_pool_snapshot_for_historical_replay
CSX,CSX,us_equity,common_stock_or_optionable_underlying,CSX Corporation,Transportation,XLI,tradingview_sector_to_spdr_anchor,uncertain_verify_before_use,active,active_fixed_current_realtime_pool_snapshot,2026-06-05,true,true,251,156,tradingview_screener_snapshot:/root/projects/trading-storage/storage/01_source_data/realtime/tradingview_equity_screener/2026-06-05/tradingview_equity_screener.csv,2026-06-05,fixed_current_realtime_pool_snapshot_for_historical_replay
KKR,KKR,us_equity,common_stock_or_optionable_underlying,KKR & Co. Inc.,Finance,XLF,tradingview_sector_to_spdr_anchor,uncertain_verify_before_use,active,active_fixed_current_realtime_pool_snapshot,2026-06-05,true,true,244,157,tradingview_screener_snapshot:/root/projects/trading-storage/storage/01_source_data/realtime/tradingview_equity_screener/2026-06-05/tradingview_equity_screener.csv,2026-06-05,fixed_current_realtime_pool_snapshot_for_historical_replay
SNOW,SNOW,us_equity,common_stock_or_optionable_underlying,Snowflake Inc.,Technology Services,XLK,tradingview_sector_to_spdr_anchor,uncertain_verify_before_use,active,active_fixed_current_realtime_pool_snapshot,2026-06-05,true,true,51,158,tradingview_screener_snapshot:/root/projects/trading-storage/storage/01_source_data/realtime/tradingview_equity_screener/2026-06-05/tradingview_equity_screener.csv,2026-06-05,fixed_current_realtime_pool_snapshot_for_historical_replay
CMCSA,CMCSA,us_equity,common_stock_or_optionable_underlying,Comcast Corporation,Consumer Services,XLY,tradingview_sector_to_spdr_anchor,uncertain_verify_before_use,active,active_fixed_current_realtime_pool_snapshot,2026-06-05,true,true,113,159,tradingview_screener_snapshot:/root/projects/trading-storage/storage/01_source_data/realtime/tradingview_equity_screener/2026-06-05/tradingview_equity_screener.csv,2026-06-05,fixed_current_realtime_pool_snapshot_for_historical_replay
MELI,MELI,us_equity,common_stock_or_optionable_underlying,"MercadoLibre, Inc.",Retail Trade,XLY,tradingview_sector_to_spdr_anchor,uncertain_verify_before_use,active,active_fixed_current_realtime_pool_snapshot,2026-06-05,true,true,154,160,tradingview_screener_snapshot:/root/projects/trading-storage/storage/01_source_data/realtime/tradingview_equity_screener/2026-06-05/tradingview_equity_screener.csv,2026-06-05,fixed_current_realtime_pool_snapshot_for_historical_replay
BE,BE,us_equity,common_stock_or_optionable_underlying,Bloom Energy Corporation,Electronic Technology,XLK,tradingview_sector_to_spdr_anchor,uncertain_verify_before_use,active,active_fixed_current_realtime_pool_snapshot,2026-06-05,true,true,60,161,tradingview_screener_snapshot:/root/projects/trading-storage/storage/01_source_data/realtime/tradingview_equity_screener/2026-06-05/tradingview_equity_screener.csv,2026-06-05,fixed_current_realtime_pool_snapshot_for_historical_replay
RACE,RACE,us_equity,common_stock_or_optionable_underlying,Ferrari N.V.,Consumer Durables,XLY,tradingview_sector_to_spdr_anchor,uncertain_verify_before_use,active,active_fixed_current_realtime_pool_snapshot,2026-06-05,false,true,,162,tradingview_screener_snapshot:/root/projects/trading-storage/storage/01_source_data/realtime/tradingview_equity_screener/2026-06-05/tradingview_equity_screener.csv,2026-06-05,fixed_current_realtime_pool_snapshot_for_historical_replay
EPD,EPD,us_equity,common_stock_or_optionable_underlying,Enterprise Products Partners L.P.,Industrial Services,XLI,tradingview_sector_to_spdr_anchor,uncertain_verify_before_use,active,active_fixed_current_realtime_pool_snapshot,2026-06-05,false,true,,163,tradingview_screener_snapshot:/root/projects/trading-storage/storage/01_source_data/realtime/tradingview_equity_screener/2026-06-05/tradingview_equity_screener.csv,2026-06-05,fixed_current_realtime_pool_snapshot_for_historical_replay
INTU,INTU,us_equity,common_stock_or_optionable_underlying,Intuit Inc.,Technology Services,XLK,tradingview_sector_to_spdr_anchor,uncertain_verify_before_use,active,active_fixed_current_realtime_pool_snapshot,2026-06-05,true,true,55,164,tradingview_screener_snapshot:/root/projects/trading-storage/storage/01_source_data/realtime/tradingview_equity_screener/2026-06-05/tradingview_equity_screener.csv,2026-06-05,fixed_current_realtime_pool_snapshot_for_historical_replay
COHR,COHR,us_equity,common_stock_or_optionable_underlying,Coherent Corp.,Electronic Technology,XLK,tradingview_sector_to_spdr_anchor,uncertain_verify_before_use,active,active_fixed_current_realtime_pool_snapshot,2026-06-05,true,true,46,165,tradingview_screener_snapshot:/root/projects/trading-storage/storage/01_source_data/realtime/tradingview_equity_screener/2026-06-05/tradingview_equity_screener.csv,2026-06-05,fixed_current_realtime_pool_snapshot_for_historical_replay
NXPI,NXPI,us_equity,common_stock_or_optionable_underlying,NXP Semiconductors N.V.,Electronic Technology,XLK,tradingview_sector_to_spdr_anchor,uncertain_verify_before_use,active,active_fixed_current_realtime_pool_snapshot,2026-06-05,true,true,117,166,tradingview_screener_snapshot:/root/projects/trading-storage/storage/01_source_data/realtime/tradingview_equity_screener/2026-06-05/tradingview_equity_screener.csv,2026-06-05,fixed_current_realtime_pool_snapshot_for_historical_replay
MPWR,MPWR,us_equity,common_stock_or_optionable_underlying,"Monolithic Power Systems, Inc.",Electronic Technology,XLK,tradingview_sector_to_spdr_anchor,uncertain_verify_before_use,active,active_fixed_current_realtime_pool_snapshot,2026-06-05,true,true,107,167,tradingview_screener_snapshot:/root/projects/trading-storage/storage/01_source_data/realtime/tradingview_equity_screener/2026-06-05/tradingview_equity_screener.csv,2026-06-05,fixed_current_realtime_pool_snapshot_for_historical_replay
ABNB,ABNB,us_equity,common_stock_or_optionable_underlying,"Airbnb, Inc.",Consumer Services,XLY,tradingview_sector_to_spdr_anchor,uncertain_verify_before_use,active,active_fixed_current_realtime_pool_snapshot,2026-06-05,true,true,258,168,tradingview_screener_snapshot:/root/projects/trading-storage/storage/01_source_data/realtime/tradingview_equity_screener/2026-06-05/tradingview_equity_screener.csv,2026-06-05,fixed_current_realtime_pool_snapshot_for_historical_replay
ICE,ICE,us_equity,common_stock_or_optionable_underlying,Intercontinental Exchange Inc.,Finance,XLF,tradingview_sector_to_spdr_anchor,uncertain_verify_before_use,active,active_fixed_current_realtime_pool_snapshot,2026-06-05,true,true,182,169,tradingview_screener_snapshot:/root/projects/trading-storage/storage/01_source_data/realtime/tradingview_equity_screener/2026-06-05/tradingview_equity_screener.csv,2026-06-05,fixed_current_realtime_pool_snapshot_for_historical_replay
HCA,HCA,us_equity,common_stock_or_optionable_underlying,"HCA Healthcare, Inc.",Health Services,XLV,tradingview_sector_to_spdr_anchor,uncertain_verify_before_use,active,active_fixed_current_realtime_pool_snapshot,2026-06-05,true,true,179,170,tradingview_screener_snapshot:/root/projects/trading-storage/storage/01_source_data/realtime/tradingview_equity_screener/2026-06-05/tradingview_equity_screener.csv,2026-06-05,fixed_current_realtime_pool_snapshot_for_historical_replay
MMM,MMM,us_equity,common_stock_or_optionable_underlying,3M Company,Producer Manufacturing,XLI,tradingview_sector_to_spdr_anchor,uncertain_verify_before_use,active,active_fixed_current_realtime_pool_snapshot,2026-06-05,false,true,,171,tradingview_screener_snapshot:/root/projects/trading-storage/storage/01_source_data/realtime/tradingview_equity_screener/2026-06-05/tradingview_equity_screener.csv,2026-06-05,fixed_current_realtime_pool_snapshot_for_historical_replay
HOOD,HOOD,us_equity,common_stock_or_optionable_underlying,"Robinhood Markets, Inc.",Finance,XLF,tradingview_sector_to_spdr_anchor,uncertain_verify_before_use,active,active_fixed_current_realtime_pool_snapshot,2026-06-05,true,true,39,172,tradingview_screener_snapshot:/root/projects/trading-storage/storage/01_source_data/realtime/tradingview_equity_screener/2026-06-05/tradingview_equity_screener.csv,2026-06-05,fixed_current_realtime_pool_snapshot_for_historical_replay
EMR,EMR,us_equity,common_stock_or_optionable_underlying,Emerson Electric Company,Electronic Technology,XLK,tradingview_sector_to_spdr_anchor,uncertain_verify_before_use,active,active_fixed_current_realtime_pool_snapshot,2026-06-05,false,true,,173,tradingview_screener_snapshot:/root/projects/trading-storage/storage/01_source_data/realtime/tradingview_equity_screener/2026-06-05/tradingview_equity_screener.csv,2026-06-05,fixed_current_realtime_pool_snapshot_for_historical_replay
CP,CP,us_equity,common_stock_or_optionable_underlying,Canadian Pacific Kansas City Limited,Transportation,XLI,tradingview_sector_to_spdr_anchor,uncertain_verify_before_use,active,active_fixed_current_realtime_pool_snapshot,2026-06-05,false,true,,174,tradingview_screener_snapshot:/root/projects/trading-storage/storage/01_source_data/realtime/tradingview_equity_screener/2026-06-05/tradingview_equity_screener.csv,2026-06-05,fixed_current_realtime_pool_snapshot_for_historical_replay
RCL,RCL,us_equity,common_stock_or_optionable_underlying,Royal Caribbean Cruises Ltd.,Consumer Services,XLY,tradingview_sector_to_spdr_anchor,uncertain_verify_before_use,active,active_fixed_current_realtime_pool_snapshot,2026-06-05,true,true,161,175,tradingview_screener_snapshot:/root/projects/trading-storage/storage/01_source_data/realtime/tradingview_equity_screener/2026-06-05/tradingview_equity_screener.csv,2026-06-05,fixed_current_realtime_pool_snapshot_for_historical_replay
MCO,MCO,us_equity,common_stock_or_optionable_underlying,Moody's Corporation,Commercial Services,XLI,tradingview_sector_to_spdr_anchor,uncertain_verify_before_use,active,active_fixed_current_realtime_pool_snapshot,2026-06-05,true,true,294,176,tradingview_screener_snapshot:/root/projects/trading-storage/storage/01_source_data/realtime/tradingview_equity_screener/2026-06-05/tradingview_equity_screener.csv,2026-06-05,fixed_current_realtime_pool_snapshot_for_historical_replay
MDLZ,MDLZ,us_equity,common_stock_or_optionable_underlying,"Mondelez International, Inc.",Consumer Non-Durables,XLP,tradingview_sector_to_spdr_anchor,uncertain_verify_before_use,active,active_fixed_current_realtime_pool_snapshot,2026-06-05,false,true,,177,tradingview_screener_snapshot:/root/projects/trading-storage/storage/01_source_data/realtime/tradingview_equity_screener/2026-06-05/tradingview_equity_screener.csv,2026-06-05,fixed_current_realtime_pool_snapshot_for_historical_replay
FDX,FDX,us_equity,common_stock_or_optionable_underlying,FedEx Corporation,Transportation,XLI,tradingview_sector_to_spdr_anchor,uncertain_verify_before_use,active,active_fixed_current_realtime_pool_snapshot,2026-06-05,true,true,195,178,tradingview_screener_snapshot:/root/projects/trading-storage/storage/01_source_data/realtime/tradingview_equity_screener/2026-06-05/tradingview_equity_screener.csv,2026-06-05,fixed_current_realtime_pool_snapshot_for_historical_replay
MPC,MPC,us_equity,common_stock_or_optionable_underlying,Marathon Petroleum Corporation,Energy Minerals,XLE,tradingview_sector_to_spdr_anchor,uncertain_verify_before_use,active,active_fixed_current_realtime_pool_snapshot,2026-06-05,true,true,231,179,tradingview_screener_snapshot:/root/projects/trading-storage/storage/01_source_data/realtime/tradingview_equity_screener/2026-06-05/tradingview_equity_screener.csv,2026-06-05,fixed_current_realtime_pool_snapshot_for_historical_replay
SU,SU,us_equity,common_stock_or_optionable_underlying,Suncor Energy Inc.,Energy Minerals,XLE,tradingview_sector_to_spdr_anchor,uncertain_verify_before_use,active,active_fixed_current_realtime_pool_snapshot,2026-06-05,false,true,,180,tradingview_screener_snapshot:/root/projects/trading-storage/storage/01_source_data/realtime/tradingview_equity_screener/2026-06-05/tradingview_equity_screener.csv,2026-06-05,fixed_current_realtime_pool_snapshot_for_historical_replay
MRSH,MRSH,us_equity,common_stock_or_optionable_underlying,Marsh,Finance,XLF,tradingview_sector_to_spdr_anchor,uncertain_verify_before_use,active,active_fixed_current_realtime_pool_snapshot,2026-06-05,true,true,252,181,tradingview_screener_snapshot:/root/projects/trading-storage/storage/01_source_data/realtime/tradingview_equity_screener/2026-06-05/tradingview_equity_screener.csv,2026-06-05,fixed_current_realtime_pool_snapshot_for_historical_replay
NOC,NOC,us_equity,common_stock_or_optionable_underlying,Northrop Grumman Corporation,Electronic Technology,XLK,tradingview_sector_to_spdr_anchor,uncertain_verify_before_use,active,active_fixed_current_realtime_pool_snapshot,2026-06-05,true,true,234,182,tradingview_screener_snapshot:/root/projects/trading-storage/storage/01_source_data/realtime/tradingview_equity_screener/2026-06-05/tradingview_equity_screener.csv,2026-06-05,fixed_current_realtime_pool_snapshot_for_historical_replay
HLT,HLT,us_equity,common_stock_or_optionable_underlying,Hilton Worldwide Holdings Inc.,Consumer Services,XLY,tradingview_sector_to_spdr_anchor,uncertain_verify_before_use,active,active_fixed_current_realtime_pool_snapshot,2026-06-05,true,true,185,183,tradingview_screener_snapshot:/root/projects/trading-storage/storage/01_source_data/realtime/tradingview_equity_screener/2026-06-05/tradingview_equity_screener.csv,2026-06-05,fixed_current_realtime_pool_snapshot_for_historical_replay
VLO,VLO,us_equity,common_stock_or_optionable_underlying,Valero Energy Corporation,Energy Minerals,XLE,tradingview_sector_to_spdr_anchor,uncertain_verify_before_use,active,active_fixed_current_realtime_pool_snapshot,2026-06-05,true,true,211,184,tradingview_screener_snapshot:/root/projects/trading-storage/storage/01_source_data/realtime/tradingview_equity_screener/2026-06-05/tradingview_equity_screener.csv,2026-06-05,fixed_current_realtime_pool_snapshot_for_historical_replay
CIEN,CIEN,us_equity,common_stock_or_optionable_underlying,Ciena Corporation,Electronic Technology,XLK,tradingview_sector_to_spdr_anchor,uncertain_verify_before_use,active,active_fixed_current_realtime_pool_snapshot,2026-06-05,true,true,21,185,tradingview_screener_snapshot:/root/projects/trading-storage/storage/01_source_data/realtime/tradingview_equity_screener/2026-06-05/tradingview_equity_screener.csv,2026-06-05,fixed_current_realtime_pool_snapshot_for_historical_replay
EOG,EOG,us_equity,common_stock_or_optionable_underlying,"EOG Resources, Inc.",Energy Minerals,XLE,tradingview_sector_to_spdr_anchor,uncertain_verify_before_use,active,active_fixed_current_realtime_pool_snapshot,2026-06-05,false,true,,186,tradingview_screener_snapshot:/root/projects/trading-storage/storage/01_source_data/realtime/tradingview_equity_screener/2026-06-05/tradingview_equity_screener.csv,2026-06-05,fixed_current_realtime_pool_snapshot_for_historical_replay
GM,GM,us_equity,common_stock_or_optionable_underlying,General Motors Company,Consumer Durables,XLY,tradingview_sector_to_spdr_anchor,uncertain_verify_before_use,active,active_fixed_current_realtime_pool_snapshot,2026-06-05,true,true,228,187,tradingview_screener_snapshot:/root/projects/trading-storage/storage/01_source_data/realtime/tradingview_equity_screener/2026-06-05/tradingview_equity_screener.csv,2026-06-05,fixed_current_realtime_pool_snapshot_for_historical_replay
ROST,ROST,us_equity,common_stock_or_optionable_underlying,"Ross Stores, Inc.",Retail Trade,XLY,tradingview_sector_to_spdr_anchor,uncertain_verify_before_use,active,active_fixed_current_realtime_pool_snapshot,2026-06-05,true,true,181,188,tradingview_screener_snapshot:/root/projects/trading-storage/storage/01_source_data/realtime/tradingview_equity_screener/2026-06-05/tradingview_equity_screener.csv,2026-06-05,fixed_current_realtime_pool_snapshot_for_historical_replay
BAM,BAM,us_equity,common_stock_or_optionable_underlying,Brookfield Asset Management Inc,Finance,XLF,tradingview_sector_to_spdr_anchor,uncertain_verify_before_use,active,active_fixed_current_realtime_pool_snapshot,2026-06-05,false,true,,189,tradingview_screener_snapshot:/root/projects/trading-storage/storage/01_source_data/realtime/tradingview_equity_screener/2026-06-05/tradingview_equity_screener.csv,2026-06-05,fixed_current_realtime_pool_snapshot_for_historical_replay
CI,CI,us_equity,common_stock_or_optionable_underlying,The Cigna Group,Health Services,XLV,tradingview_sector_to_spdr_anchor,uncertain_verify_before_use,active,active_fixed_current_realtime_pool_snapshot,2026-06-05,true,true,173,190,tradingview_screener_snapshot:/root/projects/trading-storage/storage/01_source_data/realtime/tradingview_equity_screener/2026-06-05/tradingview_equity_screener.csv,2026-06-05,fixed_current_realtime_pool_snapshot_for_historical_replay
APO,APO,us_equity,common_stock_or_optionable_underlying,"Apollo Global Management, Inc. (New)",Finance,XLF,tradingview_sector_to_spdr_anchor,uncertain_verify_before_use,active,active_fixed_current_realtime_pool_snapshot,2026-06-05,true,true,242,191,tradingview_screener_snapshot:/root/projects/trading-storage/storage/01_source_data/realtime/tradingview_equity_screener/2026-06-05/tradingview_equity_screener.csv,2026-06-05,fixed_current_realtime_pool_snapshot_for_historical_replay
SHW,SHW,us_equity,common_stock_or_optionable_underlying,Sherwin-Williams Company (The),Process Industries,XLB,tradingview_sector_to_spdr_anchor,uncertain_verify_before_use,active,active_fixed_current_realtime_pool_snapshot,2026-06-05,true,true,233,192,tradingview_screener_snapshot:/root/projects/trading-storage/storage/01_source_data/realtime/tradingview_equity_screener/2026-06-05/tradingview_equity_screener.csv,2026-06-05,fixed_current_realtime_pool_snapshot_for_historical_replay
PSX,PSX,us_equity,common_stock_or_optionable_underlying,Phillips 66,Energy Minerals,XLE,tradingview_sector_to_spdr_anchor,uncertain_verify_before_use,active,active_fixed_current_realtime_pool_snapshot,2026-06-05,false,true,,193,tradingview_screener_snapshot:/root/projects/trading-storage/storage/01_source_data/realtime/tradingview_equity_screener/2026-06-05/tradingview_equity_screener.csv,2026-06-05,fixed_current_realtime_pool_snapshot_for_historical_replay
LITE,LITE,us_equity,common_stock_or_optionable_underlying,Lumentum Holdings Inc.,Producer Manufacturing,XLI,tradingview_sector_to_spdr_anchor,uncertain_verify_before_use,active,active_fixed_current_realtime_pool_snapshot,2026-06-05,true,true,16,194,tradingview_screener_snapshot:/root/projects/trading-storage/storage/01_source_data/realtime/tradingview_equity_screener/2026-06-05/tradingview_equity_screener.csv,2026-06-05,fixed_current_realtime_pool_snapshot_for_historical_replay
ORLY,ORLY,us_equity,common_stock_or_optionable_underlying,"O'Reilly Automotive, Inc.",Retail Trade,XLY,tradingview_sector_to_spdr_anchor,uncertain_verify_before_use,active,active_fixed_current_realtime_pool_snapshot,2026-06-05,true,true,184,195,tradingview_screener_snapshot:/root/projects/trading-storage/storage/01_source_data/realtime/tradingview_equity_screener/2026-06-05/tradingview_equity_screener.csv,2026-06-05,fixed_current_realtime_pool_snapshot_for_historical_replay
BSX,BSX,us_equity,common_stock_or_optionable_underlying,Boston Scientific Corporation,Health Technology,XLV,tradingview_sector_to_spdr_anchor,uncertain_verify_before_use,active,active_fixed_current_realtime_pool_snapshot,2026-06-05,true,true,109,196,tradingview_screener_snapshot:/root/projects/trading-storage/storage/01_source_data/realtime/tradingview_equity_screener/2026-06-05/tradingview_equity_screener.csv,2026-06-05,fixed_current_realtime_pool_snapshot_for_historical_replay
CVNA,CVNA,us_equity,common_stock_or_optionable_underlying,Carvana Co.,Retail Trade,XLY,tradingview_sector_to_spdr_anchor,uncertain_verify_before_use,active,active_fixed_current_realtime_pool_snapshot,2026-06-05,true,true,290,197,tradingview_screener_snapshot:/root/projects/trading-storage/storage/01_source_data/realtime/tradingview_equity_screener/2026-06-05/tradingview_equity_screener.csv,2026-06-05,fixed_current_realtime_pool_snapshot_for_historical_replay
CNI,CNI,us_equity,common_stock_or_optionable_underlying,Canadian National Railway Company,Transportation,XLI,tradingview_sector_to_spdr_anchor,uncertain_verify_before_use,active,active_fixed_current_realtime_pool_snapshot,2026-06-05,false,true,,198,tradingview_screener_snapshot:/root/projects/trading-storage/storage/01_source_data/realtime/tradingview_equity_screener/2026-06-05/tradingview_equity_screener.csv,2026-06-05,fixed_current_realtime_pool_snapshot_for_historical_replay
ITW,ITW,us_equity,common_stock_or_optionable_underlying,Illinois Tool Works Inc.,Producer Manufacturing,XLI,tradingview_sector_to_spdr_anchor,uncertain_verify_before_use,active,active_fixed_current_realtime_pool_snapshot,2026-06-05,false,true,,199,tradingview_screener_snapshot:/root/projects/trading-storage/storage/01_source_data/realtime/tradingview_equity_screener/2026-06-05/tradingview_equity_screener.csv,2026-06-05,fixed_current_realtime_pool_snapshot_for_historical_replay
CTAS,CTAS,us_equity,common_stock_or_optionable_underlying,Cintas Corporation,Commercial Services,XLI,tradingview_sector_to_spdr_anchor,uncertain_verify_before_use,active,active_fixed_current_realtime_pool_snapshot,2026-06-05,true,true,285,200,tradingview_screener_snapshot:/root/projects/trading-storage/storage/01_source_data/realtime/tradingview_equity_screener/2026-06-05/tradingview_equity_screener.csv,2026-06-05,fixed_current_realtime_pool_snapshot_for_historical_replay
B,B,us_equity,common_stock_or_optionable_underlying,Barrick Mining Corporation,Non-Energy Minerals,XLB,tradingview_sector_to_spdr_anchor,uncertain_verify_before_use,active,active_fixed_current_realtime_pool_snapshot,2026-06-05,true,true,207,201,tradingview_screener_snapshot:/root/projects/trading-storage/storage/01_source_data/realtime/tradingview_equity_screener/2026-06-05/tradingview_equity_screener.csv,2026-06-05,fixed_current_realtime_pool_snapshot_for_historical_replay
ECL,ECL,us_equity,common_stock_or_optionable_underlying,Ecolab Inc.,Process Industries,XLB,tradingview_sector_to_spdr_anchor,uncertain_verify_before_use,active,active_fixed_current_realtime_pool_snapshot,2026-06-05,false,true,,202,tradingview_screener_snapshot:/root/projects/trading-storage/storage/01_source_data/realtime/tradingview_equity_screener/2026-06-05/tradingview_equity_screener.csv,2026-06-05,fixed_current_realtime_pool_snapshot_for_historical_replay
CRH,CRH,us_equity,common_stock_or_optionable_underlying,CRH PLC,Non-Energy Minerals,XLB,tradingview_sector_to_spdr_anchor,uncertain_verify_before_use,active,active_fixed_current_realtime_pool_snapshot,2026-06-05,false,true,,203,tradingview_screener_snapshot:/root/projects/trading-storage/storage/01_source_data/realtime/tradingview_equity_screener/2026-06-05/tradingview_equity_screener.csv,2026-06-05,fixed_current_realtime_pool_snapshot_for_historical_replay
HPE,HPE,us_equity,common_stock_or_optionable_underlying,Hewlett Packard Enterprise Company,Electronic Technology,XLK,tradingview_sector_to_spdr_anchor,uncertain_verify_before_use,active,active_fixed_current_realtime_pool_snapshot,2026-06-05,true,true,57,204,tradingview_screener_snapshot:/root/projects/trading-storage/storage/01_source_data/realtime/tradingview_equity_screener/2026-06-05/tradingview_equity_screener.csv,2026-06-05,fixed_current_realtime_pool_snapshot_for_historical_replay
KMI,KMI,us_equity,common_stock_or_optionable_underlying,"Kinder Morgan, Inc.",Industrial Services,XLI,tradingview_sector_to_spdr_anchor,uncertain_verify_before_use,active,active_fixed_current_realtime_pool_snapshot,2026-06-05,false,true,,205,tradingview_screener_snapshot:/root/projects/trading-storage/storage/01_source_data/realtime/tradingview_equity_screener/2026-06-05/tradingview_equity_screener.csv,2026-06-05,fixed_current_realtime_pool_snapshot_for_historical_replay
DASH,DASH,us_equity,common_stock_or_optionable_underlying,"DoorDash, Inc.",Transportation,XLI,tradingview_sector_to_spdr_anchor,uncertain_verify_before_use,active,active_fixed_current_realtime_pool_snapshot,2026-06-05,true,true,170,206,tradingview_screener_snapshot:/root/projects/trading-storage/storage/01_source_data/realtime/tradingview_equity_screener/2026-06-05/tradingview_equity_screener.csv,2026-06-05,fixed_current_realtime_pool_snapshot_for_historical_replay
AEP,AEP,us_equity,common_stock_or_optionable_underlying,"American Electric Power Company, Inc.",Utilities,XLU,tradingview_sector_to_spdr_anchor,uncertain_verify_before_use,active,active_fixed_current_realtime_pool_snapshot,2026-06-05,true,true,198,207,tradingview_screener_snapshot:/root/projects/trading-storage/storage/01_source_data/realtime/tradingview_equity_screener/2026-06-05/tradingview_equity_screener.csv,2026-06-05,fixed_current_realtime_pool_snapshot_for_historical_replay
RKLB,RKLB,us_equity,common_stock_or_optionable_underlying,Rocket Lab Corporation,Electronic Technology,XLK,tradingview_sector_to_spdr_anchor,uncertain_verify_before_use,active,active_fixed_current_realtime_pool_snapshot,2026-06-05,true,true,31,208,tradingview_screener_snapshot:/root/projects/trading-storage/storage/01_source_data/realtime/tradingview_equity_screener/2026-06-05/tradingview_equity_screener.csv,2026-06-05,fixed_current_realtime_pool_snapshot_for_historical_replay
NSC,NSC,us_equity,common_stock_or_optionable_underlying,Norfolk Southern Corporation,Transportation,XLI,tradingview_sector_to_spdr_anchor,uncertain_verify_before_use,active,active_fixed_current_realtime_pool_snapshot,2026-06-05,false,true,,209,tradingview_screener_snapshot:/root/projects/trading-storage/storage/01_source_data/realtime/tradingview_equity_screener/2026-06-05/tradingview_equity_screener.csv,2026-06-05,fixed_current_realtime_pool_snapshot_for_historical_replay
TRP,TRP,us_equity,common_stock_or_optionable_underlying,TC Energy Corporation,Industrial Services,XLI,tradingview_sector_to_spdr_anchor,uncertain_verify_before_use,active,active_fixed_current_realtime_pool_snapshot,2026-06-05,false,true,,210,tradingview_screener_snapshot:/root/projects/trading-storage/storage/01_source_data/realtime/tradingview_equity_screener/2026-06-05/tradingview_equity_screener.csv,2026-06-05,fixed_current_realtime_pool_snapshot_for_historical_replay
AON,AON,us_equity,common_stock_or_optionable_underlying,Aon plc,Finance,XLF,tradingview_sector_to_spdr_anchor,uncertain_verify_before_use,active,active_fixed_current_realtime_pool_snapshot,2026-06-05,true,true,254,211,tradingview_screener_snapshot:/root/projects/trading-storage/storage/01_source_data/realtime/tradingview_equity_screener/2026-06-05/tradingview_equity_screener.csv,2026-06-05,fixed_current_realtime_pool_snapshot_for_historical_replay
TDG,TDG,us_equity,common_stock_or_optionable_underlying,Transdigm Group Inc.,Electronic Technology,XLK,tradingview_sector_to_spdr_anchor,uncertain_verify_before_use,active,active_fixed_current_realtime_pool_snapshot,2026-06-05,false,true,,212,tradingview_screener_snapshot:/root/projects/trading-storage/storage/01_source_data/realtime/tradingview_equity_screener/2026-06-05/tradingview_equity_screener.csv,2026-06-05,fixed_current_realtime_pool_snapshot_for_historical_replay
MSI,MSI,us_equity,common_stock_or_optionable_underlying,"Motorola Solutions, Inc.",Electronic Technology,XLK,tradingview_sector_to_spdr_anchor,uncertain_verify_before_use,active,active_fixed_current_realtime_pool_snapshot,2026-06-05,false,true,,213,tradingview_screener_snapshot:/root/projects/trading-storage/storage/01_source_data/realtime/tradingview_equity_screener/2026-06-05/tradingview_equity_screener.csv,2026-06-05,fixed_current_realtime_pool_snapshot_for_historical_replay
CL,CL,us_equity,common_stock_or_optionable_underlying,Colgate-Palmolive Company,Consumer Non-Durables,XLP,tradingview_sector_to_spdr_anchor,uncertain_verify_before_use,active,active_fixed_current_realtime_pool_snapshot,2026-06-05,true,true,268,214,tradingview_screener_snapshot:/root/projects/trading-storage/storage/01_source_data/realtime/tradingview_equity_screener/2026-06-05/tradingview_equity_screener.csv,2026-06-05,fixed_current_realtime_pool_snapshot_for_historical_replay
WBD,WBD,us_equity,common_stock_or_optionable_underlying,"Warner Bros. Discovery, Inc. - Series A",Consumer Services,XLY,tradingview_sector_to_spdr_anchor,uncertain_verify_before_use,active,active_fixed_current_realtime_pool_snapshot,2026-06-05,false,true,,215,tradingview_screener_snapshot:/root/projects/trading-storage/storage/01_source_data/realtime/tradingview_equity_screener/2026-06-05/tradingview_equity_screener.csv,2026-06-05,fixed_current_realtime_pool_snapshot_for_historical_replay
ET,ET,us_equity,common_stock_or_optionable_underlying,Energy Transfer LP,Industrial Services,XLI,tradingview_sector_to_spdr_anchor,uncertain_verify_before_use,active,active_fixed_current_realtime_pool_snapshot,2026-06-05,false,true,,216,tradingview_screener_snapshot:/root/projects/trading-storage/storage/01_source_data/realtime/tradingview_equity_screener/2026-06-05/tradingview_equity_screener.csv,2026-06-05,fixed_current_realtime_pool_snapshot_for_historical_replay
FIX,FIX,us_equity,common_stock_or_optionable_underlying,"Comfort Systems USA, Inc.",Industrial Services,XLI,tradingview_sector_to_spdr_anchor,uncertain_verify_before_use,active,active_fixed_current_realtime_pool_snapshot,2026-06-05,true,true,138,217,tradingview_screener_snapshot:/root/projects/trading-storage/storage/01_source_data/realtime/tradingview_equity_screener/2026-06-05/tradingview_equity_screener.csv,2026-06-05,fixed_current_realtime_pool_snapshot_for_historical_replay
SPG,SPG,us_equity,common_stock_or_optionable_underlying,"Simon Property Group, Inc.",Finance,XLF,tradingview_sector_to_spdr_anchor,uncertain_verify_before_use,active,active_fixed_current_realtime_pool_snapshot,2026-06-05,false,true,,218,tradingview_screener_snapshot:/root/projects/trading-storage/storage/01_source_data/realtime/tradingview_equity_screener/2026-06-05/tradingview_equity_screener.csv,2026-06-05,fixed_current_realtime_pool_snapshot_for_historical_replay
DLR,DLR,us_equity,common_stock_or_optionable_underlying,"Digital Realty Trust, Inc.",Finance,XLF,tradingview_sector_to_spdr_anchor,uncertain_verify_before_use,active,active_fixed_current_realtime_pool_snapshot,2026-06-05,false,true,,219,tradingview_screener_snapshot:/root/projects/trading-storage/storage/01_source_data/realtime/tradingview_equity_screener/2026-06-05/tradingview_equity_screener.csv,2026-06-05,fixed_current_realtime_pool_snapshot_for_historical_replay
REGN,REGN,us_equity,common_stock_or_optionable_underlying,"Regeneron Pharmaceuticals, Inc.",Health Technology,XLV,tradingview_sector_to_spdr_anchor,uncertain_verify_before_use,active,active_fixed_current_realtime_pool_snapshot,2026-06-05,true,true,200,220,tradingview_screener_snapshot:/root/projects/trading-storage/storage/01_source_data/realtime/tradingview_equity_screener/2026-06-05/tradingview_equity_screener.csv,2026-06-05,fixed_current_realtime_pool_snapshot_for_historical_replay
BKR,BKR,us_equity,common_stock_or_optionable_underlying,Baker Hughes Company,Industrial Services,XLI,tradingview_sector_to_spdr_anchor,uncertain_verify_before_use,active,active_fixed_current_realtime_pool_snapshot,2026-06-05,true,true,299,221,tradingview_screener_snapshot:/root/projects/trading-storage/storage/01_source_data/realtime/tradingview_equity_screener/2026-06-05/tradingview_equity_screener.csv,2026-06-05,fixed_current_realtime_pool_snapshot_for_historical_replay
NBIS,NBIS,us_equity,common_stock_or_optionable_underlying,Nebius Group N.V.,Technology Services,XLK,tradingview_sector_to_spdr_anchor,uncertain_verify_before_use,active,active_fixed_current_realtime_pool_snapshot,2026-06-05,true,true,28,222,tradingview_screener_snapshot:/root/projects/trading-storage/storage/01_source_data/realtime/tradingview_equity_screener/2026-06-05/tradingview_equity_screener.csv,2026-06-05,fixed_current_realtime_pool_snapshot_for_historical_replay
NKE,NKE,us_equity,common_stock_or_optionable_underlying,"Nike, Inc.",Consumer Non-Durables,XLP,tradingview_sector_to_spdr_anchor,uncertain_verify_before_use,active,active_fixed_current_realtime_pool_snapshot,2026-06-05,true,true,166,223,tradingview_screener_snapshot:/root/projects/trading-storage/storage/01_source_data/realtime/tradingview_equity_screener/2026-06-05/tradingview_equity_screener.csv,2026-06-05,fixed_current_realtime_pool_snapshot_for_historical_replay
MFC,MFC,us_equity,common_stock_or_optionable_underlying,Manulife Financial Corporation,Finance,XLF,tradingview_sector_to_spdr_anchor,uncertain_verify_before_use,active,active_fixed_current_realtime_pool_snapshot,2026-06-05,false,true,,224,tradingview_screener_snapshot:/root/projects/trading-storage/storage/01_source_data/realtime/tradingview_equity_screener/2026-06-05/tradingview_equity_screener.csv,2026-06-05,fixed_current_realtime_pool_snapshot_for_historical_replay
TEL,TEL,us_equity,common_stock_or_optionable_underlying,TE Connectivity plc,Electronic Technology,XLK,tradingview_sector_to_spdr_anchor,uncertain_verify_before_use,active,active_fixed_current_realtime_pool_snapshot,2026-06-05,true,true,247,225,tradingview_screener_snapshot:/root/projects/trading-storage/storage/01_source_data/realtime/tradingview_equity_screener/2026-06-05/tradingview_equity_screener.csv,2026-06-05,fixed_current_realtime_pool_snapshot_for_historical_replay
RSG,RSG,us_equity,common_stock_or_optionable_underlying,"Republic Services, Inc.",Industrial Services,XLI,tradingview_sector_to_spdr_anchor,uncertain_verify_before_use,active,active_fixed_current_realtime_pool_snapshot,2026-06-05,false,true,,226,tradingview_screener_snapshot:/root/projects/trading-storage/storage/01_source_data/realtime/tradingview_equity_screener/2026-06-05/tradingview_equity_screener.csv,2026-06-05,fixed_current_realtime_pool_snapshot_for_historical_replay
TER,TER,us_equity,common_stock_or_optionable_underlying,"Teradyne, Inc.",Electronic Technology,XLK,tradingview_sector_to_spdr_anchor,uncertain_verify_before_use,active,active_fixed_current_realtime_pool_snapshot,2026-06-05,true,true,70,227,tradingview_screener_snapshot:/root/projects/trading-storage/storage/01_source_data/realtime/tradingview_equity_screener/2026-06-05/tradingview_equity_screener.csv,2026-06-05,fixed_current_realtime_pool_snapshot_for_historical_replay
APD,APD,us_equity,common_stock_or_optionable_underlying,"Air Products and Chemicals, Inc.",Process Industries,XLB,tradingview_sector_to_spdr_anchor,uncertain_verify_before_use,active,active_fixed_current_realtime_pool_snapshot,2026-06-05,false,true,,228,tradingview_screener_snapshot:/root/projects/trading-storage/storage/01_source_data/realtime/tradingview_equity_screener/2026-06-05/tradingview_equity_screener.csv,2026-06-05,fixed_current_realtime_pool_snapshot_for_historical_replay
TRV,TRV,us_equity,common_stock_or_optionable_underlying,"The Travelers Companies, Inc.",Finance,XLF,tradingview_sector_to_spdr_anchor,uncertain_verify_before_use,active,active_fixed_current_realtime_pool_snapshot,2026-06-05,false,true,,229,tradingview_screener_snapshot:/root/projects/trading-storage/storage/01_source_data/realtime/tradingview_equity_screener/2026-06-05/tradingview_equity_screener.csv,2026-06-05,fixed_current_realtime_pool_snapshot_for_historical_replay
PCAR,PCAR,us_equity,common_stock_or_optionable_underlying,PACCAR Inc.,Producer Manufacturing,XLI,tradingview_sector_to_spdr_anchor,uncertain_verify_before_use,active,active_fixed_current_realtime_pool_snapshot,2026-06-05,true,true,204,230,tradingview_screener_snapshot:/root/projects/trading-storage/storage/01_source_data/realtime/tradingview_equity_screener/2026-06-05/tradingview_equity_screener.csv,2026-06-05,fixed_current_realtime_pool_snapshot_for_historical_replay
ALAB,ALAB,us_equity,common_stock_or_optionable_underlying,"Astera Labs, Inc.",Electronic Technology,XLK,tradingview_sector_to_spdr_anchor,uncertain_verify_before_use,active,active_fixed_current_realtime_pool_snapshot,2026-06-05,true,true,91,231,tradingview_screener_snapshot:/root/projects/trading-storage/storage/01_source_data/realtime/tradingview_equity_screener/2026-06-05/tradingview_equity_screener.csv,2026-06-05,fixed_current_realtime_pool_snapshot_for_historical_replay
IMO,IMO,us_equity,common_stock_or_optionable_underlying,Imperial Oil Limited,Energy Minerals,XLE,tradingview_sector_to_spdr_anchor,uncertain_verify_before_use,active,active_fixed_current_realtime_pool_snapshot,2026-06-05,false,true,,232,tradingview_screener_snapshot:/root/projects/trading-storage/storage/01_source_data/realtime/tradingview_equity_screener/2026-06-05/tradingview_equity_screener.csv,2026-06-05,fixed_current_realtime_pool_snapshot_for_historical_replay
TFC,TFC,us_equity,common_stock_or_optionable_underlying,Truist Financial Corporation,Finance,XLF,tradingview_sector_to_spdr_anchor,uncertain_verify_before_use,active,active_fixed_current_realtime_pool_snapshot,2026-06-05,true,true,232,233,tradingview_screener_snapshot:/root/projects/trading-storage/storage/01_source_data/realtime/tradingview_equity_screener/2026-06-05/tradingview_equity_screener.csv,2026-06-05,fixed_current_realtime_pool_snapshot_for_historical_replay
F,F,us_equity,common_stock_or_optionable_underlying,Ford Motor Company,Consumer Durables,XLY,tradingview_sector_to_spdr_anchor,uncertain_verify_before_use,active,active_fixed_current_realtime_pool_snapshot,2026-06-05,true,true,164,234,tradingview_screener_snapshot:/root/projects/trading-storage/storage/01_source_data/realtime/tradingview_equity_screener/2026-06-05/tradingview_equity_screener.csv,2026-06-05,fixed_current_realtime_pool_snapshot_for_historical_replay
GWW,GWW,us_equity,common_stock_or_optionable_underlying,"W.W. Grainger, Inc.",Distribution Services,XLI,tradingview_sector_to_spdr_anchor,uncertain_verify_before_use,active,active_fixed_current_realtime_pool_snapshot,2026-06-05,false,true,,235,tradingview_screener_snapshot:/root/projects/trading-storage/storage/01_source_data/realtime/tradingview_equity_screener/2026-06-05/tradingview_equity_screener.csv,2026-06-05,fixed_current_realtime_pool_snapshot_for_historical_replay
DB,DB,us_equity,common_stock_or_optionable_underlying,Deutsche Bank AG,Finance,XLF,tradingview_sector_to_spdr_anchor,uncertain_verify_before_use,active,active_fixed_current_realtime_pool_snapshot,2026-06-05,false,true,,236,tradingview_screener_snapshot:/root/projects/trading-storage/storage/01_source_data/realtime/tradingview_equity_screener/2026-06-05/tradingview_equity_screener.csv,2026-06-05,fixed_current_realtime_pool_snapshot_for_historical_replay
NUE,NUE,us_equity,common_stock_or_optionable_underlying,Nucor Corporation,Non-Energy Minerals,XLB,tradingview_sector_to_spdr_anchor,uncertain_verify_before_use,active,active_fixed_current_realtime_pool_snapshot,2026-06-05,false,true,,237,tradingview_screener_snapshot:/root/projects/trading-storage/storage/01_source_data/realtime/tradingview_equity_screener/2026-06-05/tradingview_equity_screener.csv,2026-06-05,fixed_current_realtime_pool_snapshot_for_historical_replay
SRE,SRE,us_equity,common_stock_or_optionable_underlying,DBA Sempra,Utilities,XLU,tradingview_sector_to_spdr_anchor,uncertain_verify_before_use,active,active_fixed_current_realtime_pool_snapshot,2026-06-05,false,true,,238,tradingview_screener_snapshot:/root/projects/trading-storage/storage/01_source_data/realtime/tradingview_equity_screener/2026-06-05/tradingview_equity_screener.csv,2026-06-05,fixed_current_realtime_pool_snapshot_for_historical_replay
CRWV,CRWV,us_equity,common_stock_or_optionable_underlying,"CoreWeave, Inc.",Technology Services,XLK,tradingview_sector_to_spdr_anchor,uncertain_verify_before_use,active,active_fixed_current_realtime_pool_snapshot,2026-06-05,true,true,36,239,tradingview_screener_snapshot:/root/projects/trading-storage/storage/01_source_data/realtime/tradingview_equity_screener/2026-06-05/tradingview_equity_screener.csv,2026-06-05,fixed_current_realtime_pool_snapshot_for_historical_replay
NU,NU,us_equity,common_stock_or_optionable_underlying,Nu Holdings Ltd.,Finance,XLF,tradingview_sector_to_spdr_anchor,uncertain_verify_before_use,active,active_fixed_current_realtime_pool_snapshot,2026-06-05,true,true,145,240,tradingview_screener_snapshot:/root/projects/trading-storage/storage/01_source_data/realtime/tradingview_equity_screener/2026-06-05/tradingview_equity_screener.csv,2026-06-05,fixed_current_realtime_pool_snapshot_for_historical_replay
KEYS,KEYS,us_equity,common_stock_or_optionable_underlying,Keysight Technologies Inc.,Electronic Technology,XLK,tradingview_sector_to_spdr_anchor,uncertain_verify_before_use,active,active_fixed_current_realtime_pool_snapshot,2026-06-05,false,true,,241,tradingview_screener_snapshot:/root/projects/trading-storage/storage/01_source_data/realtime/tradingview_equity_screener/2026-06-05/tradingview_equity_screener.csv,2026-06-05,fixed_current_realtime_pool_snapshot_for_historical_replay
AFL,AFL,us_equity,common_stock_or_optionable_underlying,AFLAC Incorporated,Finance,XLF,tradingview_sector_to_spdr_anchor,uncertain_verify_before_use,active,active_fixed_current_realtime_pool_snapshot,2026-06-05,false,true,,242,tradingview_screener_snapshot:/root/projects/trading-storage/storage/01_source_data/realtime/tradingview_equity_screener/2026-06-05/tradingview_equity_screener.csv,2026-06-05,fixed_current_realtime_pool_snapshot_for_historical_replay
D,D,us_equity,common_stock_or_optionable_underlying,"Dominion Energy, Inc.",Utilities,XLU,tradingview_sector_to_spdr_anchor,uncertain_verify_before_use,active,active_fixed_current_realtime_pool_snapshot,2026-06-05,true,true,300,243,tradingview_screener_snapshot:/root/projects/trading-storage/storage/01_source_data/realtime/tradingview_equity_screener/2026-06-05/tradingview_equity_screener.csv,2026-06-05,fixed_current_realtime_pool_snapshot_for_historical_replay
FLEX,FLEX,us_equity,common_stock_or_optionable_underlying,Flex Ltd.,Electronic Technology,XLK,tradingview_sector_to_spdr_anchor,uncertain_verify_before_use,active,active_fixed_current_realtime_pool_snapshot,2026-06-05,true,true,144,244,tradingview_screener_snapshot:/root/projects/trading-storage/storage/01_source_data/realtime/tradingview_equity_screener/2026-06-05/tradingview_equity_screener.csv,2026-06-05,fixed_current_realtime_pool_snapshot_for_historical_replay
OXY,OXY,us_equity,common_stock_or_optionable_underlying,Occidental Petroleum Corporation,Energy Minerals,XLE,tradingview_sector_to_spdr_anchor,uncertain_verify_before_use,active,active_fixed_current_realtime_pool_snapshot,2026-06-05,true,true,256,245,tradingview_screener_snapshot:/root/projects/trading-storage/storage/01_source_data/realtime/tradingview_equity_screener/2026-06-05/tradingview_equity_screener.csv,2026-06-05,fixed_current_realtime_pool_snapshot_for_historical_replay
WPM,WPM,us_equity,common_stock_or_optionable_underlying,Wheaton Precious Metals Corp,Non-Energy Minerals,XLB,tradingview_sector_to_spdr_anchor,uncertain_verify_before_use,active,active_fixed_current_realtime_pool_snapshot,2026-06-05,false,true,,246,tradingview_screener_snapshot:/root/projects/trading-storage/storage/01_source_data/realtime/tradingview_equity_screener/2026-06-05/tradingview_equity_screener.csv,2026-06-05,fixed_current_realtime_pool_snapshot_for_historical_replay
LHX,LHX,us_equity,common_stock_or_optionable_underlying,"L3Harris Technologies, Inc.",Electronic Technology,XLK,tradingview_sector_to_spdr_anchor,uncertain_verify_before_use,active,active_fixed_current_realtime_pool_snapshot,2026-06-05,false,true,,247,tradingview_screener_snapshot:/root/projects/trading-storage/storage/01_source_data/realtime/tradingview_equity_screener/2026-06-05/tradingview_equity_screener.csv,2026-06-05,fixed_current_realtime_pool_snapshot_for_historical_replay
TRGP,TRGP,us_equity,common_stock_or_optionable_underlying,"Targa Resources, Inc.",Utilities,XLU,tradingview_sector_to_spdr_anchor,uncertain_verify_before_use,active,active_fixed_current_realtime_pool_snapshot,2026-06-05,false,true,,248,tradingview_screener_snapshot:/root/projects/trading-storage/storage/01_source_data/realtime/tradingview_equity_screener/2026-06-05/tradingview_equity_screener.csv,2026-06-05,fixed_current_realtime_pool_snapshot_for_historical_replay
MPLX,MPLX,us_equity,common_stock_or_optionable_underlying,MPLX LP,Industrial Services,XLI,tradingview_sector_to_spdr_anchor,uncertain_verify_before_use,active,active_fixed_current_realtime_pool_snapshot,2026-06-05,false,true,,249,tradingview_screener_snapshot:/root/projects/trading-storage/storage/01_source_data/realtime/tradingview_equity_screener/2026-06-05/tradingview_equity_screener.csv,2026-06-05,fixed_current_realtime_pool_snapshot_for_historical_replay
FANG,FANG,us_equity,common_stock_or_optionable_underlying,"Diamondback Energy, Inc.",Energy Minerals,XLE,tradingview_sector_to_spdr_anchor,uncertain_verify_before_use,active,active_fixed_current_realtime_pool_snapshot,2026-06-05,true,true,124,250,tradingview_screener_snapshot:/root/projects/trading-storage/storage/01_source_data/realtime/tradingview_equity_screener/2026-06-05/tradingview_equity_screener.csv,2026-06-05,fixed_current_realtime_pool_snapshot_for_historical_replay
CARR,CARR,us_equity,common_stock_or_optionable_underlying,Carrier Global Corporation,Producer Manufacturing,XLI,tradingview_sector_to_spdr_anchor,uncertain_verify_before_use,active,active_fixed_current_realtime_pool_snapshot,2026-06-05,false,true,,251,tradingview_screener_snapshot:/root/projects/trading-storage/storage/01_source_data/realtime/tradingview_equity_screener/2026-06-05/tradingview_equity_screener.csv,2026-06-05,fixed_current_realtime_pool_snapshot_for_historical_replay
TGT,TGT,us_equity,common_stock_or_optionable_underlying,Target Corporation,Retail Trade,XLY,tradingview_sector_to_spdr_anchor,uncertain_verify_before_use,active,active_fixed_current_realtime_pool_snapshot,2026-06-05,true,true,216,252,tradingview_screener_snapshot:/root/projects/trading-storage/storage/01_source_data/realtime/tradingview_equity_screener/2026-06-05/tradingview_equity_screener.csv,2026-06-05,fixed_current_realtime_pool_snapshot_for_historical_replay
CVE,CVE,us_equity,common_stock_or_optionable_underlying,Cenovus Energy Inc,Energy Minerals,XLE,tradingview_sector_to_spdr_anchor,uncertain_verify_before_use,active,active_fixed_current_realtime_pool_snapshot,2026-06-05,false,true,,253,tradingview_screener_snapshot:/root/projects/trading-storage/storage/01_source_data/realtime/tradingview_equity_screener/2026-06-05/tradingview_equity_screener.csv,2026-06-05,fixed_current_realtime_pool_snapshot_for_historical_replay
OKE,OKE,us_equity,common_stock_or_optionable_underlying,"ONEOK, Inc.",Industrial Services,XLI,tradingview_sector_to_spdr_anchor,uncertain_verify_before_use,active,active_fixed_current_realtime_pool_snapshot,2026-06-05,false,true,,254,tradingview_screener_snapshot:/root/projects/trading-storage/storage/01_source_data/realtime/tradingview_equity_screener/2026-06-05/tradingview_equity_screener.csv,2026-06-05,fixed_current_realtime_pool_snapshot_for_historical_replay
O,O,us_equity,common_stock_or_optionable_underlying,Realty Income Corporation,Finance,XLF,tradingview_sector_to_spdr_anchor,uncertain_verify_before_use,active,active_fixed_current_realtime_pool_snapshot,2026-06-05,false,true,,255,tradingview_screener_snapshot:/root/projects/trading-storage/storage/01_source_data/realtime/tradingview_equity_screener/2026-06-05/tradingview_equity_screener.csv,2026-06-05,fixed_current_realtime_pool_snapshot_for_historical_replay
ALL,ALL,us_equity,common_stock_or_optionable_underlying,Allstate Corporation (The),Finance,XLF,tradingview_sector_to_spdr_anchor,uncertain_verify_before_use,active,active_fixed_current_realtime_pool_snapshot,2026-06-05,false,true,,256,tradingview_screener_snapshot:/root/projects/trading-storage/storage/01_source_data/realtime/tradingview_equity_screener/2026-06-05/tradingview_equity_screener.csv,2026-06-05,fixed_current_realtime_pool_snapshot_for_historical_replay
AJG,AJG,us_equity,common_stock_or_optionable_underlying,Arthur J. Gallagher & Co.,Finance,XLF,tradingview_sector_to_spdr_anchor,uncertain_verify_before_use,active,active_fixed_current_realtime_pool_snapshot,2026-06-05,false,true,,257,tradingview_screener_snapshot:/root/projects/trading-storage/storage/01_source_data/realtime/tradingview_equity_screener/2026-06-05/tradingview_equity_screener.csv,2026-06-05,fixed_current_realtime_pool_snapshot_for_historical_replay
FAST,FAST,us_equity,common_stock_or_optionable_underlying,Fastenal Company,Distribution Services,XLI,tradingview_sector_to_spdr_anchor,uncertain_verify_before_use,active,active_fixed_current_realtime_pool_snapshot,2026-06-05,false,true,,258,tradingview_screener_snapshot:/root/projects/trading-storage/storage/01_source_data/realtime/tradingview_equity_screener/2026-06-05/tradingview_equity_screener.csv,2026-06-05,fixed_current_realtime_pool_snapshot_for_historical_replay
PSA,PSA,us_equity,common_stock_or_optionable_underlying,Public Storage,Finance,XLF,tradingview_sector_to_spdr_anchor,uncertain_verify_before_use,active,active_fixed_current_realtime_pool_snapshot,2026-06-05,false,true,,259,tradingview_screener_snapshot:/root/projects/trading-storage/storage/01_source_data/realtime/tradingview_equity_screener/2026-06-05/tradingview_equity_screener.csv,2026-06-05,fixed_current_realtime_pool_snapshot_for_historical_replay
MET,MET,us_equity,common_stock_or_optionable_underlying,"MetLife, Inc.",Finance,XLF,tradingview_sector_to_spdr_anchor,uncertain_verify_before_use,active,active_fixed_current_realtime_pool_snapshot,2026-06-05,false,true,,260,tradingview_screener_snapshot:/root/projects/trading-storage/storage/01_source_data/realtime/tradingview_equity_screener/2026-06-05/tradingview_equity_screener.csv,2026-06-05,fixed_current_realtime_pool_snapshot_for_historical_replay
DVN,DVN,us_equity,common_stock_or_optionable_underlying,Devon Energy Corporation,Energy Minerals,XLE,tradingview_sector_to_spdr_anchor,uncertain_verify_before_use,active,active_fixed_current_realtime_pool_snapshot,2026-06-05,true,true,202,261,tradingview_screener_snapshot:/root/projects/trading-storage/storage/01_source_data/realtime/tradingview_equity_screener/2026-06-05/tradingview_equity_screener.csv,2026-06-05,fixed_current_realtime_pool_snapshot_for_historical_replay
COR,COR,us_equity,common_stock_or_optionable_underlying,"Cencora, Inc.",Distribution Services,XLI,tradingview_sector_to_spdr_anchor,uncertain_verify_before_use,active,active_fixed_current_realtime_pool_snapshot,2026-06-05,false,true,,262,tradingview_screener_snapshot:/root/projects/trading-storage/storage/01_source_data/realtime/tradingview_equity_screener/2026-06-05/tradingview_equity_screener.csv,2026-06-05,fixed_current_realtime_pool_snapshot_for_historical_replay
AME,AME,us_equity,common_stock_or_optionable_underlying,"AMETEK, Inc.",Producer Manufacturing,XLI,tradingview_sector_to_spdr_anchor,uncertain_verify_before_use,active,active_fixed_current_realtime_pool_snapshot,2026-06-05,false,true,,263,tradingview_screener_snapshot:/root/projects/trading-storage/storage/01_source_data/realtime/tradingview_equity_screener/2026-06-05/tradingview_equity_screener.csv,2026-06-05,fixed_current_realtime_pool_snapshot_for_historical_replay
DAL,DAL,us_equity,common_stock_or_optionable_underlying,"Delta Air Lines, Inc.",Transportation,XLI,tradingview_sector_to_spdr_anchor,uncertain_verify_before_use,active,active_fixed_current_realtime_pool_snapshot,2026-06-05,false,true,,264,tradingview_screener_snapshot:/root/projects/trading-storage/storage/01_source_data/realtime/tradingview_equity_screener/2026-06-05/tradingview_equity_screener.csv,2026-06-05,fixed_current_realtime_pool_snapshot_for_historical_replay
MCHP,MCHP,us_equity,common_stock_or_optionable_underlying,Microchip Technology Incorporated,Electronic Technology,XLK,tradingview_sector_to_spdr_anchor,uncertain_verify_before_use,active,active_fixed_current_realtime_pool_snapshot,2026-06-05,true,true,136,265,tradingview_screener_snapshot:/root/projects/trading-storage/storage/01_source_data/realtime/tradingview_equity_screener/2026-06-05/tradingview_equity_screener.csv,2026-06-05,fixed_current_realtime_pool_snapshot_for_historical_replay
VST,VST,us_equity,common_stock_or_optionable_underlying,Vistra Corp.,Utilities,XLU,tradingview_sector_to_spdr_anchor,uncertain_verify_before_use,active,active_fixed_current_realtime_pool_snapshot,2026-06-05,true,true,283,266,tradingview_screener_snapshot:/root/projects/trading-storage/storage/01_source_data/realtime/tradingview_equity_screener/2026-06-05/tradingview_equity_screener.csv,2026-06-05,fixed_current_realtime_pool_snapshot_for_historical_replay
CTVA,CTVA,us_equity,common_stock_or_optionable_underlying,"Corteva, Inc.",Process Industries,XLB,tradingview_sector_to_spdr_anchor,uncertain_verify_before_use,active,active_fixed_current_realtime_pool_snapshot,2026-06-05,false,true,,267,tradingview_screener_snapshot:/root/projects/trading-storage/storage/01_source_data/realtime/tradingview_equity_screener/2026-06-05/tradingview_equity_screener.csv,2026-06-05,fixed_current_realtime_pool_snapshot_for_historical_replay
ON,ON,us_equity,common_stock_or_optionable_underlying,ON Semiconductor Corporation,Electronic Technology,XLK,tradingview_sector_to_spdr_anchor,uncertain_verify_before_use,active,active_fixed_current_realtime_pool_snapshot,2026-06-05,true,true,93,268,tradingview_screener_snapshot:/root/projects/trading-storage/storage/01_source_data/realtime/tradingview_equity_screener/2026-06-05/tradingview_equity_screener.csv,2026-06-05,fixed_current_realtime_pool_snapshot_for_historical_replay
ROK,ROK,us_equity,common_stock_or_optionable_underlying,"Rockwell Automation, Inc.",Producer Manufacturing,XLI,tradingview_sector_to_spdr_anchor,uncertain_verify_before_use,active,active_fixed_current_realtime_pool_snapshot,2026-06-05,false,true,,269,tradingview_screener_snapshot:/root/projects/trading-storage/storage/01_source_data/realtime/tradingview_equity_screener/2026-06-05/tradingview_equity_screener.csv,2026-06-05,fixed_current_realtime_pool_snapshot_for_historical_replay
ODFL,ODFL,us_equity,common_stock_or_optionable_underlying,"Old Dominion Freight Line, Inc.",Transportation,XLI,tradingview_sector_to_spdr_anchor,uncertain_verify_before_use,active,active_fixed_current_realtime_pool_snapshot,2026-06-05,true,true,227,270,tradingview_screener_snapshot:/root/projects/trading-storage/storage/01_source_data/realtime/tradingview_equity_screener/2026-06-05/tradingview_equity_screener.csv,2026-06-05,fixed_current_realtime_pool_snapshot_for_historical_replay
EA,EA,us_equity,common_stock_or_optionable_underlying,Electronic Arts Inc.,Technology Services,XLK,tradingview_sector_to_spdr_anchor,uncertain_verify_before_use,active,active_fixed_current_realtime_pool_snapshot,2026-06-05,true,true,236,271,tradingview_screener_snapshot:/root/projects/trading-storage/storage/01_source_data/realtime/tradingview_equity_screener/2026-06-05/tradingview_equity_screener.csv,2026-06-05,fixed_current_realtime_pool_snapshot_for_historical_replay
AZO,AZO,us_equity,common_stock_or_optionable_underlying,"AutoZone, Inc.",Retail Trade,XLY,tradingview_sector_to_spdr_anchor,uncertain_verify_before_use,active,active_fixed_current_realtime_pool_snapshot,2026-06-05,true,true,97,272,tradingview_screener_snapshot:/root/projects/trading-storage/storage/01_source_data/realtime/tradingview_equity_screener/2026-06-05/tradingview_equity_screener.csv,2026-06-05,fixed_current_realtime_pool_snapshot_for_historical_replay
LNG,LNG,us_equity,common_stock_or_optionable_underlying,"Cheniere Energy, Inc.",Industrial Services,XLI,tradingview_sector_to_spdr_anchor,uncertain_verify_before_use,active,active_fixed_current_realtime_pool_snapshot,2026-06-05,false,true,,273,tradingview_screener_snapshot:/root/projects/trading-storage/storage/01_source_data/realtime/tradingview_equity_screener/2026-06-05/tradingview_equity_screener.csv,2026-06-05,fixed_current_realtime_pool_snapshot_for_historical_replay
EW,EW,us_equity,common_stock_or_optionable_underlying,Edwards Lifesciences Corporation,Health Technology,XLV,tradingview_sector_to_spdr_anchor,uncertain_verify_before_use,active,active_fixed_current_realtime_pool_snapshot,2026-06-05,false,true,,274,tradingview_screener_snapshot:/root/projects/trading-storage/storage/01_source_data/realtime/tradingview_equity_screener/2026-06-05/tradingview_equity_screener.csv,2026-06-05,fixed_current_realtime_pool_snapshot_for_historical_replay
ETR,ETR,us_equity,common_stock_or_optionable_underlying,Entergy Corporation,Utilities,XLU,tradingview_sector_to_spdr_anchor,uncertain_verify_before_use,active,active_fixed_current_realtime_pool_snapshot,2026-06-05,true,true,229,275,tradingview_screener_snapshot:/root/projects/trading-storage/storage/01_source_data/realtime/tradingview_equity_screener/2026-06-05/tradingview_equity_screener.csv,2026-06-05,fixed_current_realtime_pool_snapshot_for_historical_replay
NDAQ,NDAQ,us_equity,common_stock_or_optionable_underlying,"Nasdaq, Inc.",Finance,XLF,tradingview_sector_to_spdr_anchor,uncertain_verify_before_use,active,active_fixed_current_realtime_pool_snapshot,2026-06-05,false,true,,276,tradingview_screener_snapshot:/root/projects/trading-storage/storage/01_source_data/realtime/tradingview_equity_screener/2026-06-05/tradingview_equity_screener.csv,2026-06-05,fixed_current_realtime_pool_snapshot_for_historical_replay
CCJ,CCJ,us_equity,common_stock_or_optionable_underlying,Cameco Corporation,Non-Energy Minerals,XLB,tradingview_sector_to_spdr_anchor,uncertain_verify_before_use,active,active_fixed_current_realtime_pool_snapshot,2026-06-05,false,true,,277,tradingview_screener_snapshot:/root/projects/trading-storage/storage/01_source_data/realtime/tradingview_equity_screener/2026-06-05/tradingview_equity_screener.csv,2026-06-05,fixed_current_realtime_pool_snapshot_for_historical_replay
ADSK,ADSK,us_equity,common_stock_or_optionable_underlying,"Autodesk, Inc.",Technology Services,XLK,tradingview_sector_to_spdr_anchor,uncertain_verify_before_use,active,active_fixed_current_realtime_pool_snapshot,2026-06-05,true,true,286,278,tradingview_screener_snapshot:/root/projects/trading-storage/storage/01_source_data/realtime/tradingview_equity_screener/2026-06-05/tradingview_equity_screener.csv,2026-06-05,fixed_current_realtime_pool_snapshot_for_historical_replay
CLS,CLS,us_equity,common_stock_or_optionable_underlying,"Celestica, Inc.",Electronic Technology,XLK,tradingview_sector_to_spdr_anchor,uncertain_verify_before_use,active,active_fixed_current_realtime_pool_snapshot,2026-06-05,true,true,99,279,tradingview_screener_snapshot:/root/projects/trading-storage/storage/01_source_data/realtime/tradingview_equity_screener/2026-06-05/tradingview_equity_screener.csv,2026-06-05,fixed_current_realtime_pool_snapshot_for_historical_replay
XEL,XEL,us_equity,common_stock_or_optionable_underlying,Xcel Energy Inc.,Utilities,XLU,tradingview_sector_to_spdr_anchor,uncertain_verify_before_use,active,active_fixed_current_realtime_pool_snapshot,2026-06-05,false,true,,280,tradingview_screener_snapshot:/root/projects/trading-storage/storage/01_source_data/realtime/tradingview_equity_screener/2026-06-05/tradingview_equity_screener.csv,2026-06-05,fixed_current_realtime_pool_snapshot_for_historical_replay
EBAY,EBAY,us_equity,common_stock_or_optionable_underlying,eBay Inc.,Retail Trade,XLY,tradingview_sector_to_spdr_anchor,uncertain_verify_before_use,active,active_fixed_current_realtime_pool_snapshot,2026-06-05,true,true,263,281,tradingview_screener_snapshot:/root/projects/trading-storage/storage/01_source_data/realtime/tradingview_equity_screener/2026-06-05/tradingview_equity_screener.csv,2026-06-05,fixed_current_realtime_pool_snapshot_for_historical_replay
FER,FER,us_equity,common_stock_or_optionable_underlying,Ferrovial N.V.,Industrial Services,XLI,tradingview_sector_to_spdr_anchor,uncertain_verify_before_use,active,active_fixed_current_realtime_pool_snapshot,2026-06-05,false,true,,282,tradingview_screener_snapshot:/root/projects/trading-storage/storage/01_source_data/realtime/tradingview_equity_screener/2026-06-05/tradingview_equity_screener.csv,2026-06-05,fixed_current_realtime_pool_snapshot_for_historical_replay
CBRS,CBRS,us_equity,common_stock_or_optionable_underlying,Cerebras Systems Inc.,Technology Services,XLK,tradingview_sector_to_spdr_anchor,uncertain_verify_before_use,active,active_fixed_current_realtime_pool_snapshot,2026-06-05,true,true,141,283,tradingview_screener_snapshot:/root/projects/trading-storage/storage/01_source_data/realtime/tradingview_equity_screener/2026-06-05/tradingview_equity_screener.csv,2026-06-05,fixed_current_realtime_pool_snapshot_for_historical_replay
CAH,CAH,us_equity,common_stock_or_optionable_underlying,"Cardinal Health, Inc.",Distribution Services,XLI,tradingview_sector_to_spdr_anchor,uncertain_verify_before_use,active,active_fixed_current_realtime_pool_snapshot,2026-06-05,true,true,276,284,tradingview_screener_snapshot:/root/projects/trading-storage/storage/01_source_data/realtime/tradingview_equity_screener/2026-06-05/tradingview_equity_screener.csv,2026-06-05,fixed_current_realtime_pool_snapshot_for_historical_replay
GFS,GFS,us_equity,common_stock_or_optionable_underlying,GlobalFoundries Inc.,Electronic Technology,XLK,tradingview_sector_to_spdr_anchor,uncertain_verify_before_use,active,active_fixed_current_realtime_pool_snapshot,2026-06-05,false,true,,285,tradingview_screener_snapshot:/root/projects/trading-storage/storage/01_source_data/realtime/tradingview_equity_screener/2026-06-05/tradingview_equity_screener.csv,2026-06-05,fixed_current_realtime_pool_snapshot_for_historical_replay
FITB,FITB,us_equity,common_stock_or_optionable_underlying,Fifth Third Bancorp,Finance,XLF,tradingview_sector_to_spdr_anchor,uncertain_verify_before_use,active,active_fixed_current_realtime_pool_snapshot,2026-06-05,true,true,240,286,tradingview_screener_snapshot:/root/projects/trading-storage/storage/01_source_data/realtime/tradingview_equity_screener/2026-06-05/tradingview_equity_screener.csv,2026-06-05,fixed_current_realtime_pool_snapshot_for_historical_replay
GRMN,GRMN,us_equity,common_stock_or_optionable_underlying,Garmin Ltd.,Electronic Technology,XLK,tradingview_sector_to_spdr_anchor,uncertain_verify_before_use,active,active_fixed_current_realtime_pool_snapshot,2026-06-05,false,true,,287,tradingview_screener_snapshot:/root/projects/trading-storage/storage/01_source_data/realtime/tradingview_equity_screener/2026-06-05/tradingview_equity_screener.csv,2026-06-05,fixed_current_realtime_pool_snapshot_for_historical_replay
AU,AU,us_equity,common_stock_or_optionable_underlying,AngloGold Ashanti PLC,Non-Energy Minerals,XLB,tradingview_sector_to_spdr_anchor,uncertain_verify_before_use,active,active_fixed_current_realtime_pool_snapshot,2026-06-05,false,true,,288,tradingview_screener_snapshot:/root/projects/trading-storage/storage/01_source_data/realtime/tradingview_equity_screener/2026-06-05/tradingview_equity_screener.csv,2026-06-05,fixed_current_realtime_pool_snapshot_for_historical_replay
EXC,EXC,us_equity,common_stock_or_optionable_underlying,Exelon Corporation,Utilities,XLU,tradingview_sector_to_spdr_anchor,uncertain_verify_before_use,active,active_fixed_current_realtime_pool_snapshot,2026-06-05,false,true,,289,tradingview_screener_snapshot:/root/projects/trading-storage/storage/01_source_data/realtime/tradingview_equity_screener/2026-06-05/tradingview_equity_screener.csv,2026-06-05,fixed_current_realtime_pool_snapshot_for_historical_replay
FNV,FNV,us_equity,common_stock_or_optionable_underlying,Franco-Nevada Corporation,Non-Energy Minerals,XLB,tradingview_sector_to_spdr_anchor,uncertain_verify_before_use,active,active_fixed_current_realtime_pool_snapshot,2026-06-05,false,true,,290,tradingview_screener_snapshot:/root/projects/trading-storage/storage/01_source_data/realtime/tradingview_equity_screener/2026-06-05/tradingview_equity_screener.csv,2026-06-05,fixed_current_realtime_pool_snapshot_for_historical_replay
MSTR,MSTR,us_equity,common_stock_or_optionable_underlying,Strategy Inc,Technology Services,XLK,tradingview_sector_to_spdr_anchor,uncertain_verify_before_use,active,active_fixed_current_realtime_pool_snapshot,2026-06-05,true,true,29,291,tradingview_screener_snapshot:/root/projects/trading-storage/storage/01_source_data/realtime/tradingview_equity_screener/2026-06-05/tradingview_equity_screener.csv,2026-06-05,fixed_current_realtime_pool_snapshot_for_historical_replay
MDLN,MDLN,us_equity,common_stock_or_optionable_underlying,Medline Inc.,Health Technology,XLV,tradingview_sector_to_spdr_anchor,uncertain_verify_before_use,active,active_fixed_current_realtime_pool_snapshot,2026-06-05,true,true,282,292,tradingview_screener_snapshot:/root/projects/trading-storage/storage/01_source_data/realtime/tradingview_equity_screener/2026-06-05/tradingview_equity_screener.csv,2026-06-05,fixed_current_realtime_pool_snapshot_for_historical_replay
MSCI,MSCI,us_equity,common_stock_or_optionable_underlying,MSCI Inc.,Commercial Services,XLI,tradingview_sector_to_spdr_anchor,uncertain_verify_before_use,active,active_fixed_current_realtime_pool_snapshot,2026-06-05,false,true,,293,tradingview_screener_snapshot:/root/projects/trading-storage/storage/01_source_data/realtime/tradingview_equity_screener/2026-06-05/tradingview_equity_screener.csv,2026-06-05,fixed_current_realtime_pool_snapshot_for_historical_replay
STT,STT,us_equity,common_stock_or_optionable_underlying,State Street Corporation,Finance,XLF,tradingview_sector_to_spdr_anchor,uncertain_verify_before_use,active,active_fixed_current_realtime_pool_snapshot,2026-06-05,false,true,,294,tradingview_screener_snapshot:/root/projects/trading-storage/storage/01_source_data/realtime/tradingview_equity_screener/2026-06-05/tradingview_equity_screener.csv,2026-06-05,fixed_current_realtime_pool_snapshot_for_historical_replay
FERG,FERG,us_equity,common_stock_or_optionable_underlying,Ferguson Enterprises Inc.,Distribution Services,XLI,tradingview_sector_to_spdr_anchor,uncertain_verify_before_use,active,active_fixed_current_realtime_pool_snapshot,2026-06-05,false,true,,295,tradingview_screener_snapshot:/root/projects/trading-storage/storage/01_source_data/realtime/tradingview_equity_screener/2026-06-05/tradingview_equity_screener.csv,2026-06-05,fixed_current_realtime_pool_snapshot_for_historical_replay
IDXX,IDXX,us_equity,common_stock_or_optionable_underlying,"IDEXX Laboratories, Inc.",Health Technology,XLV,tradingview_sector_to_spdr_anchor,uncertain_verify_before_use,active,active_fixed_current_realtime_pool_snapshot,2026-06-05,false,true,,296,tradingview_screener_snapshot:/root/projects/trading-storage/storage/01_source_data/realtime/tradingview_equity_screener/2026-06-05/tradingview_equity_screener.csv,2026-06-05,fixed_current_realtime_pool_snapshot_for_historical_replay
WAB,WAB,us_equity,common_stock_or_optionable_underlying,Westinghouse Air Brake Technologies Corporation,Producer Manufacturing,XLI,tradingview_sector_to_spdr_anchor,uncertain_verify_before_use,active,active_fixed_current_realtime_pool_snapshot,2026-06-05,false,true,,297,tradingview_screener_snapshot:/root/projects/trading-storage/storage/01_source_data/realtime/tradingview_equity_screener/2026-06-05/tradingview_equity_screener.csv,2026-06-05,fixed_current_realtime_pool_snapshot_for_historical_replay
COIN,COIN,us_equity,common_stock_or_optionable_underlying,"Coinbase Global, Inc.",Finance,XLF,tradingview_sector_to_spdr_anchor,uncertain_verify_before_use,active,active_fixed_current_realtime_pool_snapshot,2026-06-05,true,true,88,298,tradingview_screener_snapshot:/root/projects/trading-storage/storage/01_source_data/realtime/tradingview_equity_screener/2026-06-05/tradingview_equity_screener.csv,2026-06-05,fixed_current_realtime_pool_snapshot_for_historical_replay
HUM,HUM,us_equity,common_stock_or_optionable_underlying,Humana Inc.,Health Services,XLV,tradingview_sector_to_spdr_anchor,uncertain_verify_before_use,active,active_fixed_current_realtime_pool_snapshot,2026-06-05,true,true,187,299,tradingview_screener_snapshot:/root/projects/trading-storage/storage/01_source_data/realtime/tradingview_equity_screener/2026-06-05/tradingview_equity_screener.csv,2026-06-05,fixed_current_realtime_pool_snapshot_for_historical_replay
ASTS,ASTS,us_equity,common_stock_or_optionable_underlying,"AST SpaceMobile, Inc.",Communications,XLC,tradingview_sector_to_spdr_anchor,uncertain_verify_before_use,active,active_fixed_current_realtime_pool_snapshot,2026-06-05,true,true,64,300,tradingview_screener_snapshot:/root/projects/trading-storage/storage/01_source_data/realtime/tradingview_equity_screener/2026-06-05/tradingview_equity_screener.csv,2026-06-05,fixed_current_realtime_pool_snapshot_for_historical_replay
AAOI,AAOI,us_equity,common_stock_or_optionable_underlying,"Applied Optoelectronics, Inc.",Electronic Technology,XLK,tradingview_sector_to_spdr_anchor,uncertain_verify_before_use,active,active_fixed_current_realtime_pool_snapshot,2026-06-05,true,false,32,,tradingview_screener_snapshot:/root/projects/trading-storage/storage/01_source_data/realtime/tradingview_equity_screener/2026-06-05/tradingview_equity_screener.csv,2026-06-05,fixed_current_realtime_pool_snapshot_for_historical_replay
IREN,IREN,us_equity,common_stock_or_optionable_underlying,IREN Limited,Technology Services,XLK,tradingview_sector_to_spdr_anchor,uncertain_verify_before_use,active,active_fixed_current_realtime_pool_snapshot,2026-06-05,true,false,33,,tradingview_screener_snapshot:/root/projects/trading-storage/storage/01_source_data/realtime/tradingview_equity_screener/2026-06-05/tradingview_equity_screener.csv,2026-06-05,fixed_current_realtime_pool_snapshot_for_historical_replay
IONQ,IONQ,us_equity,common_stock_or_optionable_underlying,"IonQ, Inc.",Electronic Technology,XLK,tradingview_sector_to_spdr_anchor,uncertain_verify_before_use,active,active_fixed_current_realtime_pool_snapshot,2026-06-05,true,false,45,,tradingview_screener_snapshot:/root/projects/trading-storage/storage/01_source_data/realtime/tradingview_equity_screener/2026-06-05/tradingview_equity_screener.csv,2026-06-05,fixed_current_realtime_pool_snapshot_for_historical_replay
STI,STI,us_equity,common_stock_or_optionable_underlying,"Solidion Technology, Inc.",Finance,XLF,tradingview_sector_to_spdr_anchor,uncertain_verify_before_use,active,active_fixed_current_realtime_pool_snapshot,2026-06-05,true,false,49,,tradingview_screener_snapshot:/root/projects/trading-storage/storage/01_source_data/realtime/tradingview_equity_screener/2026-06-05/tradingview_equity_screener.csv,2026-06-05,fixed_current_realtime_pool_snapshot_for_historical_replay
INIO,INIO,us_equity,common_stock_or_optionable_underlying,INNIO N.V,Producer Manufacturing,XLI,tradingview_sector_to_spdr_anchor,uncertain_verify_before_use,active,active_fixed_current_realtime_pool_snapshot,2026-06-05,true,false,63,,tradingview_screener_snapshot:/root/projects/trading-storage/storage/01_source_data/realtime/tradingview_equity_screener/2026-06-05/tradingview_equity_screener.csv,2026-06-05,fixed_current_realtime_pool_snapshot_for_historical_replay
QNT,QNT,us_equity,common_stock_or_optionable_underlying,QUANTINUUM INC,Electronic Technology,XLK,tradingview_sector_to_spdr_anchor,uncertain_verify_before_use,active,active_fixed_current_realtime_pool_snapshot,2026-06-05,true,false,66,,tradingview_screener_snapshot:/root/projects/trading-storage/storage/01_source_data/realtime/tradingview_equity_screener/2026-06-05/tradingview_equity_screener.csv,2026-06-05,fixed_current_realtime_pool_snapshot_for_historical_replay
CRDO,CRDO,us_equity,common_stock_or_optionable_underlying,Credo Technology Group Holding Ltd,Technology Services,XLK,tradingview_sector_to_spdr_anchor,uncertain_verify_before_use,active,active_fixed_current_realtime_pool_snapshot,2026-06-05,true,false,75,,tradingview_screener_snapshot:/root/projects/trading-storage/storage/01_source_data/realtime/tradingview_equity_screener/2026-06-05/tradingview_equity_screener.csv,2026-06-05,fixed_current_realtime_pool_snapshot_for_historical_replay
RDW,RDW,us_equity,common_stock_or_optionable_underlying,Redwire Corporation,Electronic Technology,XLK,tradingview_sector_to_spdr_anchor,uncertain_verify_before_use,active,active_fixed_current_realtime_pool_snapshot,2026-06-05,true,false,76,,tradingview_screener_snapshot:/root/projects/trading-storage/storage/01_source_data/realtime/tradingview_equity_screener/2026-06-05/tradingview_equity_screener.csv,2026-06-05,fixed_current_realtime_pool_snapshot_for_historical_replay
SMCI,SMCI,us_equity,common_stock_or_optionable_underlying,"Super Micro Computer, Inc.",Electronic Technology,XLK,tradingview_sector_to_spdr_anchor,uncertain_verify_before_use,active,active_fixed_current_realtime_pool_snapshot,2026-06-05,true,false,79,,tradingview_screener_snapshot:/root/projects/trading-storage/storage/01_source_data/realtime/tradingview_equity_screener/2026-06-05/tradingview_equity_screener.csv,2026-06-05,fixed_current_realtime_pool_snapshot_for_historical_replay
RDDT,RDDT,us_equity,common_stock_or_optionable_underlying,"Reddit, Inc.",Technology Services,XLK,tradingview_sector_to_spdr_anchor,uncertain_verify_before_use,active,active_fixed_current_realtime_pool_snapshot,2026-06-05,true,false,90,,tradingview_screener_snapshot:/root/projects/trading-storage/storage/01_source_data/realtime/tradingview_equity_screener/2026-06-05/tradingview_equity_screener.csv,2026-06-05,fixed_current_realtime_pool_snapshot_for_historical_replay
NVTS,NVTS,us_equity,common_stock_or_optionable_underlying,Navitas Semiconductor Corporation,Electronic Technology,XLK,tradingview_sector_to_spdr_anchor,uncertain_verify_before_use,active,active_fixed_current_realtime_pool_snapshot,2026-06-05,true,false,96,,tradingview_screener_snapshot:/root/projects/trading-storage/storage/01_source_data/realtime/tradingview_equity_screener/2026-06-05/tradingview_equity_screener.csv,2026-06-05,fixed_current_realtime_pool_snapshot_for_historical_replay
LULU,LULU,us_equity,common_stock_or_optionable_underlying,lululemon athletica inc.,Consumer Non-Durables,XLP,tradingview_sector_to_spdr_anchor,uncertain_verify_before_use,active,active_fixed_current_realtime_pool_snapshot,2026-06-05,true,false,100,,tradingview_screener_snapshot:/root/projects/trading-storage/storage/01_source_data/realtime/tradingview_equity_screener/2026-06-05/tradingview_equity_screener.csv,2026-06-05,fixed_current_realtime_pool_snapshot_for_historical_replay
RGTI,RGTI,us_equity,common_stock_or_optionable_underlying,"Rigetti Computing, Inc.",Electronic Technology,XLK,tradingview_sector_to_spdr_anchor,uncertain_verify_before_use,active,active_fixed_current_realtime_pool_snapshot,2026-06-05,true,false,104,,tradingview_screener_snapshot:/root/projects/trading-storage/storage/01_source_data/realtime/tradingview_equity_screener/2026-06-05/tradingview_equity_screener.csv,2026-06-05,fixed_current_realtime_pool_snapshot_for_historical_replay
CRCL,CRCL,us_equity,common_stock_or_optionable_underlying,"Circle Internet Group, Inc.",Technology Services,XLK,tradingview_sector_to_spdr_anchor,uncertain_verify_before_use,active,active_fixed_current_realtime_pool_snapshot,2026-06-05,true,false,110,,tradingview_screener_snapshot:/root/projects/trading-storage/storage/01_source_data/realtime/tradingview_equity_screener/2026-06-05/tradingview_equity_screener.csv,2026-06-05,fixed_current_realtime_pool_snapshot_for_historical_replay
QBTS,QBTS,us_equity,common_stock_or_optionable_underlying,D-Wave Quantum Inc.,Electronic Technology,XLK,tradingview_sector_to_spdr_anchor,uncertain_verify_before_use,active,active_fixed_current_realtime_pool_snapshot,2026-06-05,true,false,111,,tradingview_screener_snapshot:/root/projects/trading-storage/storage/01_source_data/realtime/tradingview_equity_screener/2026-06-05/tradingview_equity_screener.csv,2026-06-05,fixed_current_realtime_pool_snapshot_for_historical_replay
SOFI,SOFI,us_equity,common_stock_or_optionable_underlying,"SoFi Technologies, Inc.",Finance,XLF,tradingview_sector_to_spdr_anchor,uncertain_verify_before_use,active,active_fixed_current_realtime_pool_snapshot,2026-06-05,true,false,115,,tradingview_screener_snapshot:/root/projects/trading-storage/storage/01_source_data/realtime/tradingview_equity_screener/2026-06-05/tradingview_equity_screener.csv,2026-06-05,fixed_current_realtime_pool_snapshot_for_historical_replay
BB,BB,us_equity,common_stock_or_optionable_underlying,BlackBerry Limited,Technology Services,XLK,tradingview_sector_to_spdr_anchor,uncertain_verify_before_use,active,active_fixed_current_realtime_pool_snapshot,2026-06-05,true,false,120,,tradingview_screener_snapshot:/root/projects/trading-storage/storage/01_source_data/realtime/tradingview_equity_screener/2026-06-05/tradingview_equity_screener.csv,2026-06-05,fixed_current_realtime_pool_snapshot_for_historical_replay
FIVE,FIVE,us_equity,common_stock_or_optionable_underlying,"Five Below, Inc.",Retail Trade,XLY,tradingview_sector_to_spdr_anchor,uncertain_verify_before_use,active,active_fixed_current_realtime_pool_snapshot,2026-06-05,true,false,126,,tradingview_screener_snapshot:/root/projects/trading-storage/storage/01_source_data/realtime/tradingview_equity_screener/2026-06-05/tradingview_equity_screener.csv,2026-06-05,fixed_current_realtime_pool_snapshot_for_historical_replay
AAL,AAL,us_equity,common_stock_or_optionable_underlying,"American Airlines Group, Inc.",Transportation,XLI,tradingview_sector_to_spdr_anchor,uncertain_verify_before_use,active,active_fixed_current_realtime_pool_snapshot,2026-06-05,true,false,131,,tradingview_screener_snapshot:/root/projects/trading-storage/storage/01_source_data/realtime/tradingview_equity_screener/2026-06-05/tradingview_equity_screener.csv,2026-06-05,fixed_current_realtime_pool_snapshot_for_historical_replay
TWLO,TWLO,us_equity,common_stock_or_optionable_underlying,Twilio Inc.,Technology Services,XLK,tradingview_sector_to_spdr_anchor,uncertain_verify_before_use,active,active_fixed_current_realtime_pool_snapshot,2026-06-05,true,false,133,,tradingview_screener_snapshot:/root/projects/trading-storage/storage/01_source_data/realtime/tradingview_equity_screener/2026-06-05/tradingview_equity_screener.csv,2026-06-05,fixed_current_realtime_pool_snapshot_for_historical_replay
BMNR,BMNR,us_equity,common_stock_or_optionable_underlying,"BitMine Immersion Technologies, Inc.",Finance,XLF,tradingview_sector_to_spdr_anchor,uncertain_verify_before_use,active,active_fixed_current_realtime_pool_snapshot,2026-06-05,true,false,139,,tradingview_screener_snapshot:/root/projects/trading-storage/storage/01_source_data/realtime/tradingview_equity_screener/2026-06-05/tradingview_equity_screener.csv,2026-06-05,fixed_current_realtime_pool_snapshot_for_historical_replay
FSLR,FSLR,us_equity,common_stock_or_optionable_underlying,"First Solar, Inc.",Electronic Technology,XLK,tradingview_sector_to_spdr_anchor,uncertain_verify_before_use,active,active_fixed_current_realtime_pool_snapshot,2026-06-05,true,false,142,,tradingview_screener_snapshot:/root/projects/trading-storage/storage/01_source_data/realtime/tradingview_equity_screener/2026-06-05/tradingview_equity_screener.csv,2026-06-05,fixed_current_realtime_pool_snapshot_for_historical_replay
PL,PL,us_equity,common_stock_or_optionable_underlying,Planet Labs PBC,Technology Services,XLK,tradingview_sector_to_spdr_anchor,uncertain_verify_before_use,active,active_fixed_current_realtime_pool_snapshot,2026-06-05,true,false,147,,tradingview_screener_snapshot:/root/projects/trading-storage/storage/01_source_data/realtime/tradingview_equity_screener/2026-06-05/tradingview_equity_screener.csv,2026-06-05,fixed_current_realtime_pool_snapshot_for_historical_replay
CMG,CMG,us_equity,common_stock_or_optionable_underlying,"Chipotle Mexican Grill, Inc.",Consumer Services,XLY,tradingview_sector_to_spdr_anchor,uncertain_verify_before_use,active,active_fixed_current_realtime_pool_snapshot,2026-06-05,true,false,149,,tradingview_screener_snapshot:/root/projects/trading-storage/storage/01_source_data/realtime/tradingview_equity_screener/2026-06-05/tradingview_equity_screener.csv,2026-06-05,fixed_current_realtime_pool_snapshot_for_historical_replay
STRL,STRL,us_equity,common_stock_or_optionable_underlying,"Sterling Infrastructure, Inc.",Industrial Services,XLI,tradingview_sector_to_spdr_anchor,uncertain_verify_before_use,active,active_fixed_current_realtime_pool_snapshot,2026-06-05,true,false,151,,tradingview_screener_snapshot:/root/projects/trading-storage/storage/01_source_data/realtime/tradingview_equity_screener/2026-06-05/tradingview_equity_screener.csv,2026-06-05,fixed_current_realtime_pool_snapshot_for_historical_replay
OKLO,OKLO,us_equity,common_stock_or_optionable_underlying,Oklo Inc.,Producer Manufacturing,XLI,tradingview_sector_to_spdr_anchor,uncertain_verify_before_use,active,active_fixed_current_realtime_pool_snapshot,2026-06-05,true,false,158,,tradingview_screener_snapshot:/root/projects/trading-storage/storage/01_source_data/realtime/tradingview_equity_screener/2026-06-05/tradingview_equity_screener.csv,2026-06-05,fixed_current_realtime_pool_snapshot_for_historical_replay
SATS,SATS,us_equity,common_stock_or_optionable_underlying,EchoStar Corporation,Communications,XLC,tradingview_sector_to_spdr_anchor,uncertain_verify_before_use,active,active_fixed_current_realtime_pool_snapshot,2026-06-05,true,false,159,,tradingview_screener_snapshot:/root/projects/trading-storage/storage/01_source_data/realtime/tradingview_equity_screener/2026-06-05/tradingview_equity_screener.csv,2026-06-05,fixed_current_realtime_pool_snapshot_for_historical_replay
AKAM,AKAM,us_equity,common_stock_or_optionable_underlying,"Akamai Technologies, Inc.",Technology Services,XLK,tradingview_sector_to_spdr_anchor,uncertain_verify_before_use,active,active_fixed_current_realtime_pool_snapshot,2026-06-05,true,false,163,,tradingview_screener_snapshot:/root/projects/trading-storage/storage/01_source_data/realtime/tradingview_equity_screener/2026-06-05/tradingview_equity_screener.csv,2026-06-05,fixed_current_realtime_pool_snapshot_for_historical_replay
ONDS,ONDS,us_equity,common_stock_or_optionable_underlying,Ondas Inc,Electronic Technology,XLK,tradingview_sector_to_spdr_anchor,uncertain_verify_before_use,active,active_fixed_current_realtime_pool_snapshot,2026-06-05,true,false,165,,tradingview_screener_snapshot:/root/projects/trading-storage/storage/01_source_data/realtime/tradingview_equity_screener/2026-06-05/tradingview_equity_screener.csv,2026-06-05,fixed_current_realtime_pool_snapshot_for_historical_replay
TEM,TEM,us_equity,common_stock_or_optionable_underlying,"Tempus AI, Inc.",Technology Services,XLK,tradingview_sector_to_spdr_anchor,uncertain_verify_before_use,active,active_fixed_current_realtime_pool_snapshot,2026-06-05,true,false,171,,tradingview_screener_snapshot:/root/projects/trading-storage/storage/01_source_data/realtime/tradingview_equity_screener/2026-06-05/tradingview_equity_screener.csv,2026-06-05,fixed_current_realtime_pool_snapshot_for_historical_replay
RBRK,RBRK,us_equity,common_stock_or_optionable_underlying,"Rubrik, Inc.",Technology Services,XLK,tradingview_sector_to_spdr_anchor,uncertain_verify_before_use,active,active_fixed_current_realtime_pool_snapshot,2026-06-05,true,false,174,,tradingview_screener_snapshot:/root/projects/trading-storage/storage/01_source_data/realtime/tradingview_equity_screener/2026-06-05/tradingview_equity_screener.csv,2026-06-05,fixed_current_realtime_pool_snapshot_for_historical_replay
VSH,VSH,us_equity,common_stock_or_optionable_underlying,"Vishay Intertechnology, Inc.",Electronic Technology,XLK,tradingview_sector_to_spdr_anchor,uncertain_verify_before_use,active,active_fixed_current_realtime_pool_snapshot,2026-06-05,true,false,176,,tradingview_screener_snapshot:/root/projects/trading-storage/storage/01_source_data/realtime/tradingview_equity_screener/2026-06-05/tradingview_equity_screener.csv,2026-06-05,fixed_current_realtime_pool_snapshot_for_historical_replay
HIMS,HIMS,us_equity,common_stock_or_optionable_underlying,"Hims & Hers Health, Inc.",Health Services,XLV,tradingview_sector_to_spdr_anchor,uncertain_verify_before_use,active,active_fixed_current_realtime_pool_snapshot,2026-06-05,true,false,183,,tradingview_screener_snapshot:/root/projects/trading-storage/storage/01_source_data/realtime/tradingview_equity_screener/2026-06-05/tradingview_equity_screener.csv,2026-06-05,fixed_current_realtime_pool_snapshot_for_historical_replay
CIFR,CIFR,us_equity,common_stock_or_optionable_underlying,Cipher Digital Inc.,Technology Services,XLK,tradingview_sector_to_spdr_anchor,uncertain_verify_before_use,active,active_fixed_current_realtime_pool_snapshot,2026-06-05,true,false,186,,tradingview_screener_snapshot:/root/projects/trading-storage/storage/01_source_data/realtime/tradingview_equity_screener/2026-06-05/tradingview_equity_screener.csv,2026-06-05,fixed_current_realtime_pool_snapshot_for_historical_replay
AXON,AXON,us_equity,common_stock_or_optionable_underlying,"Axon Enterprise, Inc.",Electronic Technology,XLK,tradingview_sector_to_spdr_anchor,uncertain_verify_before_use,active,active_fixed_current_realtime_pool_snapshot,2026-06-05,true,false,188,,tradingview_screener_snapshot:/root/projects/trading-storage/storage/01_source_data/realtime/tradingview_equity_screener/2026-06-05/tradingview_equity_screener.csv,2026-06-05,fixed_current_realtime_pool_snapshot_for_historical_replay
VEEV,VEEV,us_equity,common_stock_or_optionable_underlying,Veeva Systems Inc.,Technology Services,XLK,tradingview_sector_to_spdr_anchor,uncertain_verify_before_use,active,active_fixed_current_realtime_pool_snapshot,2026-06-05,true,false,191,,tradingview_screener_snapshot:/root/projects/trading-storage/storage/01_source_data/realtime/tradingview_equity_screener/2026-06-05/tradingview_equity_screener.csv,2026-06-05,fixed_current_realtime_pool_snapshot_for_historical_replay
MDB,MDB,us_equity,common_stock_or_optionable_underlying,"MongoDB, Inc.",Technology Services,XLK,tradingview_sector_to_spdr_anchor,uncertain_verify_before_use,active,active_fixed_current_realtime_pool_snapshot,2026-06-05,true,false,192,,tradingview_screener_snapshot:/root/projects/trading-storage/storage/01_source_data/realtime/tradingview_equity_screener/2026-06-05/tradingview_equity_screener.csv,2026-06-05,fixed_current_realtime_pool_snapshot_for_historical_replay
APLD,APLD,us_equity,common_stock_or_optionable_underlying,Applied Digital Corporation,Technology Services,XLK,tradingview_sector_to_spdr_anchor,uncertain_verify_before_use,active,active_fixed_current_realtime_pool_snapshot,2026-06-05,true,false,193,,tradingview_screener_snapshot:/root/projects/trading-storage/storage/01_source_data/realtime/tradingview_equity_screener/2026-06-05/tradingview_equity_screener.csv,2026-06-05,fixed_current_realtime_pool_snapshot_for_historical_replay
RIVN,RIVN,us_equity,common_stock_or_optionable_underlying,"Rivian Automotive, Inc.",Consumer Durables,XLY,tradingview_sector_to_spdr_anchor,uncertain_verify_before_use,active,active_fixed_current_realtime_pool_snapshot,2026-06-05,true,false,194,,tradingview_screener_snapshot:/root/projects/trading-storage/storage/01_source_data/realtime/tradingview_equity_screener/2026-06-05/tradingview_equity_screener.csv,2026-06-05,fixed_current_realtime_pool_snapshot_for_historical_replay
BTSG,BTSG,us_equity,common_stock_or_optionable_underlying,"BrightSpring Health Services, Inc.",Health Services,XLV,tradingview_sector_to_spdr_anchor,uncertain_verify_before_use,active,active_fixed_current_realtime_pool_snapshot,2026-06-05,true,false,196,,tradingview_screener_snapshot:/root/projects/trading-storage/storage/01_source_data/realtime/tradingview_equity_screener/2026-06-05/tradingview_equity_screener.csv,2026-06-05,fixed_current_realtime_pool_snapshot_for_historical_replay
CCI,CCI,us_equity,common_stock_or_optionable_underlying,Crown Castle Inc.,Finance,XLF,tradingview_sector_to_spdr_anchor,uncertain_verify_before_use,active,active_fixed_current_realtime_pool_snapshot,2026-06-05,true,false,201,,tradingview_screener_snapshot:/root/projects/trading-storage/storage/01_source_data/realtime/tradingview_equity_screener/2026-06-05/tradingview_equity_screener.csv,2026-06-05,fixed_current_realtime_pool_snapshot_for_historical_replay
DOCN,DOCN,us_equity,common_stock_or_optionable_underlying,"DigitalOcean Holdings, Inc.",Technology Services,XLK,tradingview_sector_to_spdr_anchor,uncertain_verify_before_use,active,active_fixed_current_realtime_pool_snapshot,2026-06-05,true,false,205,,tradingview_screener_snapshot:/root/projects/trading-storage/storage/01_source_data/realtime/tradingview_equity_screener/2026-06-05/tradingview_equity_screener.csv,2026-06-05,fixed_current_realtime_pool_snapshot_for_historical_replay
FN,FN,us_equity,common_stock_or_optionable_underlying,Fabrinet,Electronic Technology,XLK,tradingview_sector_to_spdr_anchor,uncertain_verify_before_use,active,active_fixed_current_realtime_pool_snapshot,2026-06-05,true,false,209,,tradingview_screener_snapshot:/root/projects/trading-storage/storage/01_source_data/realtime/tradingview_equity_screener/2026-06-05/tradingview_equity_screener.csv,2026-06-05,fixed_current_realtime_pool_snapshot_for_historical_replay
PINS,PINS,us_equity,common_stock_or_optionable_underlying,"Pinterest, Inc.",Technology Services,XLK,tradingview_sector_to_spdr_anchor,uncertain_verify_before_use,active,active_fixed_current_realtime_pool_snapshot,2026-06-05,true,false,210,,tradingview_screener_snapshot:/root/projects/trading-storage/storage/01_source_data/realtime/tradingview_equity_screener/2026-06-05/tradingview_equity_screener.csv,2026-06-05,fixed_current_realtime_pool_snapshot_for_historical_replay
ZS,ZS,us_equity,common_stock_or_optionable_underlying,"Zscaler, Inc.",Technology Services,XLK,tradingview_sector_to_spdr_anchor,uncertain_verify_before_use,active,active_fixed_current_realtime_pool_snapshot,2026-06-05,true,false,212,,tradingview_screener_snapshot:/root/projects/trading-storage/storage/01_source_data/realtime/tradingview_equity_screener/2026-06-05/tradingview_equity_screener.csv,2026-06-05,fixed_current_realtime_pool_snapshot_for_historical_replay
WULF,WULF,us_equity,common_stock_or_optionable_underlying,TeraWulf Inc.,Technology Services,XLK,tradingview_sector_to_spdr_anchor,uncertain_verify_before_use,active,active_fixed_current_realtime_pool_snapshot,2026-06-05,true,false,213,,tradingview_screener_snapshot:/root/projects/trading-storage/storage/01_source_data/realtime/tradingview_equity_screener/2026-06-05/tradingview_equity_screener.csv,2026-06-05,fixed_current_realtime_pool_snapshot_for_historical_replay
ULTA,ULTA,us_equity,common_stock_or_optionable_underlying,"Ulta Beauty, Inc.",Retail Trade,XLY,tradingview_sector_to_spdr_anchor,uncertain_verify_before_use,active,active_fixed_current_realtime_pool_snapshot,2026-06-05,true,false,214,,tradingview_screener_snapshot:/root/projects/trading-storage/storage/01_source_data/realtime/tradingview_equity_screener/2026-06-05/tradingview_equity_screener.csv,2026-06-05,fixed_current_realtime_pool_snapshot_for_historical_replay
AXTI,AXTI,us_equity,common_stock_or_optionable_underlying,AXT Inc,Electronic Technology,XLK,tradingview_sector_to_spdr_anchor,uncertain_verify_before_use,active,active_fixed_current_realtime_pool_snapshot,2026-06-05,true,false,215,,tradingview_screener_snapshot:/root/projects/trading-storage/storage/01_source_data/realtime/tradingview_equity_screener/2026-06-05/tradingview_equity_screener.csv,2026-06-05,fixed_current_realtime_pool_snapshot_for_historical_replay
ZTS,ZTS,us_equity,common_stock_or_optionable_underlying,Zoetis Inc.,Health Technology,XLV,tradingview_sector_to_spdr_anchor,uncertain_verify_before_use,active,active_fixed_current_realtime_pool_snapshot,2026-06-05,true,false,217,,tradingview_screener_snapshot:/root/projects/trading-storage/storage/01_source_data/realtime/tradingview_equity_screener/2026-06-05/tradingview_equity_screener.csv,2026-06-05,fixed_current_realtime_pool_snapshot_for_historical_replay
NTAP,NTAP,us_equity,common_stock_or_optionable_underlying,"NetApp, Inc.",Electronic Technology,XLK,tradingview_sector_to_spdr_anchor,uncertain_verify_before_use,active,active_fixed_current_realtime_pool_snapshot,2026-06-05,true,false,220,,tradingview_screener_snapshot:/root/projects/trading-storage/storage/01_source_data/realtime/tradingview_equity_screener/2026-06-05/tradingview_equity_screener.csv,2026-06-05,fixed_current_realtime_pool_snapshot_for_historical_replay
FPS,FPS,us_equity,common_stock_or_optionable_underlying,"Forgent Power Solutions, Inc.",Producer Manufacturing,XLI,tradingview_sector_to_spdr_anchor,uncertain_verify_before_use,active,active_fixed_current_realtime_pool_snapshot,2026-06-05,true,false,221,,tradingview_screener_snapshot:/root/projects/trading-storage/storage/01_source_data/realtime/tradingview_equity_screener/2026-06-05/tradingview_equity_screener.csv,2026-06-05,fixed_current_realtime_pool_snapshot_for_historical_replay
KMB,KMB,us_equity,common_stock_or_optionable_underlying,Kimberly-Clark Corporation,Consumer Non-Durables,XLP,tradingview_sector_to_spdr_anchor,uncertain_verify_before_use,active,active_fixed_current_realtime_pool_snapshot,2026-06-05,true,false,222,,tradingview_screener_snapshot:/root/projects/trading-storage/storage/01_source_data/realtime/tradingview_equity_screener/2026-06-05/tradingview_equity_screener.csv,2026-06-05,fixed_current_realtime_pool_snapshot_for_historical_replay
WDAY,WDAY,us_equity,common_stock_or_optionable_underlying,"Workday, Inc.",Technology Services,XLK,tradingview_sector_to_spdr_anchor,uncertain_verify_before_use,active,active_fixed_current_realtime_pool_snapshot,2026-06-05,true,false,224,,tradingview_screener_snapshot:/root/projects/trading-storage/storage/01_source_data/realtime/tradingview_equity_screener/2026-06-05/tradingview_equity_screener.csv,2026-06-05,fixed_current_realtime_pool_snapshot_for_historical_replay
CHTR,CHTR,us_equity,common_stock_or_optionable_underlying,"Charter Communications, Inc.",Consumer Services,XLY,tradingview_sector_to_spdr_anchor,uncertain_verify_before_use,active,active_fixed_current_realtime_pool_snapshot,2026-06-05,true,false,237,,tradingview_screener_snapshot:/root/projects/trading-storage/storage/01_source_data/realtime/tradingview_equity_screener/2026-06-05/tradingview_equity_screener.csv,2026-06-05,fixed_current_realtime_pool_snapshot_for_historical_replay
LYV,LYV,us_equity,common_stock_or_optionable_underlying,"Live Nation Entertainment, Inc.",Consumer Services,XLY,tradingview_sector_to_spdr_anchor,uncertain_verify_before_use,active,active_fixed_current_realtime_pool_snapshot,2026-06-05,true,false,243,,tradingview_screener_snapshot:/root/projects/trading-storage/storage/01_source_data/realtime/tradingview_equity_screener/2026-06-05/tradingview_equity_screener.csv,2026-06-05,fixed_current_realtime_pool_snapshot_for_historical_replay
PPL,PPL,us_equity,common_stock_or_optionable_underlying,PPL Corporation,Utilities,XLU,tradingview_sector_to_spdr_anchor,uncertain_verify_before_use,active,active_fixed_current_realtime_pool_snapshot,2026-06-05,true,false,246,,tradingview_screener_snapshot:/root/projects/trading-storage/storage/01_source_data/realtime/tradingview_equity_screener/2026-06-05/tradingview_equity_screener.csv,2026-06-05,fixed_current_realtime_pool_snapshot_for_historical_replay
WOLF,WOLF,us_equity,common_stock_or_optionable_underlying,"Wolfspeed, Inc.",Electronic Technology,XLK,tradingview_sector_to_spdr_anchor,uncertain_verify_before_use,active,active_fixed_current_realtime_pool_snapshot,2026-06-05,true,false,249,,tradingview_screener_snapshot:/root/projects/trading-storage/storage/01_source_data/realtime/tradingview_equity_screener/2026-06-05/tradingview_equity_screener.csv,2026-06-05,fixed_current_realtime_pool_snapshot_for_historical_replay
NCLH,NCLH,us_equity,common_stock_or_optionable_underlying,Norwegian Cruise Line Holdings Ltd.,Consumer Services,XLY,tradingview_sector_to_spdr_anchor,uncertain_verify_before_use,active,active_fixed_current_realtime_pool_snapshot,2026-06-05,true,false,250,,tradingview_screener_snapshot:/root/projects/trading-storage/storage/01_source_data/realtime/tradingview_equity_screener/2026-06-05/tradingview_equity_screener.csv,2026-06-05,fixed_current_realtime_pool_snapshot_for_historical_replay
CELH,CELH,us_equity,common_stock_or_optionable_underlying,"Celsius Holdings, Inc.",Consumer Non-Durables,XLP,tradingview_sector_to_spdr_anchor,uncertain_verify_before_use,active,active_fixed_current_realtime_pool_snapshot,2026-06-05,true,false,253,,tradingview_screener_snapshot:/root/projects/trading-storage/storage/01_source_data/realtime/tradingview_equity_screener/2026-06-05/tradingview_equity_screener.csv,2026-06-05,fixed_current_realtime_pool_snapshot_for_historical_replay
PATH,PATH,us_equity,common_stock_or_optionable_underlying,"UiPath, Inc.",Technology Services,XLK,tradingview_sector_to_spdr_anchor,uncertain_verify_before_use,active,active_fixed_current_realtime_pool_snapshot,2026-06-05,true,false,255,,tradingview_screener_snapshot:/root/projects/trading-storage/storage/01_source_data/realtime/tradingview_equity_screener/2026-06-05/tradingview_equity_screener.csv,2026-06-05,fixed_current_realtime_pool_snapshot_for_historical_replay
CCL,CCL,us_equity,common_stock_or_optionable_underlying,Carnival Corporation Ltd.,Consumer Services,XLY,tradingview_sector_to_spdr_anchor,uncertain_verify_before_use,active,active_fixed_current_realtime_pool_snapshot,2026-06-05,true,false,257,,tradingview_screener_snapshot:/root/projects/trading-storage/storage/01_source_data/realtime/tradingview_equity_screener/2026-06-05/tradingview_equity_screener.csv,2026-06-05,fixed_current_realtime_pool_snapshot_for_historical_replay
POET,POET,us_equity,common_stock_or_optionable_underlying,POET Technologies Inc.,Producer Manufacturing,XLI,tradingview_sector_to_spdr_anchor,uncertain_verify_before_use,active,active_fixed_current_realtime_pool_snapshot,2026-06-05,true,false,259,,tradingview_screener_snapshot:/root/projects/trading-storage/storage/01_source_data/realtime/tradingview_equity_screener/2026-06-05/tradingview_equity_screener.csv,2026-06-05,fixed_current_realtime_pool_snapshot_for_historical_replay
TEAM,TEAM,us_equity,common_stock_or_optionable_underlying,Atlassian Corporation,Technology Services,XLK,tradingview_sector_to_spdr_anchor,uncertain_verify_before_use,active,active_fixed_current_realtime_pool_snapshot,2026-06-05,true,false,260,,tradingview_screener_snapshot:/root/projects/trading-storage/storage/01_source_data/realtime/tradingview_equity_screener/2026-06-05/tradingview_equity_screener.csv,2026-06-05,fixed_current_realtime_pool_snapshot_for_historical_replay
OKTA,OKTA,us_equity,common_stock_or_optionable_underlying,"Okta, Inc.",Technology Services,XLK,tradingview_sector_to_spdr_anchor,uncertain_verify_before_use,active,active_fixed_current_realtime_pool_snapshot,2026-06-05,true,false,261,,tradingview_screener_snapshot:/root/projects/trading-storage/storage/01_source_data/realtime/tradingview_equity_screener/2026-06-05/tradingview_equity_screener.csv,2026-06-05,fixed_current_realtime_pool_snapshot_for_historical_replay
TE,TE,us_equity,common_stock_or_optionable_underlying,T1 Energy Inc.,Producer Manufacturing,XLI,tradingview_sector_to_spdr_anchor,uncertain_verify_before_use,active,active_fixed_current_realtime_pool_snapshot,2026-06-05,true,false,262,,tradingview_screener_snapshot:/root/projects/trading-storage/storage/01_source_data/realtime/tradingview_equity_screener/2026-06-05/tradingview_equity_screener.csv,2026-06-05,fixed_current_realtime_pool_snapshot_for_historical_replay
TSN,TSN,us_equity,common_stock_or_optionable_underlying,"Tyson Foods, Inc.",Consumer Non-Durables,XLP,tradingview_sector_to_spdr_anchor,uncertain_verify_before_use,active,active_fixed_current_realtime_pool_snapshot,2026-06-05,true,false,265,,tradingview_screener_snapshot:/root/projects/trading-storage/storage/01_source_data/realtime/tradingview_equity_screener/2026-06-05/tradingview_equity_screener.csv,2026-06-05,fixed_current_realtime_pool_snapshot_for_historical_replay
KR,KR,us_equity,common_stock_or_optionable_underlying,Kroger Company (The),Retail Trade,XLY,tradingview_sector_to_spdr_anchor,uncertain_verify_before_use,active,active_fixed_current_realtime_pool_snapshot,2026-06-05,true,false,266,,tradingview_screener_snapshot:/root/projects/trading-storage/storage/01_source_data/realtime/tradingview_equity_screener/2026-06-05/tradingview_equity_screener.csv,2026-06-05,fixed_current_realtime_pool_snapshot_for_historical_replay
PYPL,PYPL,us_equity,common_stock_or_optionable_underlying,"PayPal Holdings, Inc.",Commercial Services,XLI,tradingview_sector_to_spdr_anchor,uncertain_verify_before_use,active,active_fixed_current_realtime_pool_snapshot,2026-06-05,true,false,267,,tradingview_screener_snapshot:/root/projects/trading-storage/storage/01_source_data/realtime/tradingview_equity_screener/2026-06-05/tradingview_equity_screener.csv,2026-06-05,fixed_current_realtime_pool_snapshot_for_historical_replay
MTSI,MTSI,us_equity,common_stock_or_optionable_underlying,"MACOM Technology Solutions Holdings, Inc.",Electronic Technology,XLK,tradingview_sector_to_spdr_anchor,uncertain_verify_before_use,active,active_fixed_current_realtime_pool_snapshot,2026-06-05,true,false,269,,tradingview_screener_snapshot:/root/projects/trading-storage/storage/01_source_data/realtime/tradingview_equity_screener/2026-06-05/tradingview_equity_screener.csv,2026-06-05,fixed_current_realtime_pool_snapshot_for_historical_replay
AMKR,AMKR,us_equity,common_stock_or_optionable_underlying,"Amkor Technology, Inc.",Electronic Technology,XLK,tradingview_sector_to_spdr_anchor,uncertain_verify_before_use,active,active_fixed_current_realtime_pool_snapshot,2026-06-05,true,false,270,,tradingview_screener_snapshot:/root/projects/trading-storage/storage/01_source_data/realtime/tradingview_equity_screener/2026-06-05/tradingview_equity_screener.csv,2026-06-05,fixed_current_realtime_pool_snapshot_for_historical_replay
HUT,HUT,us_equity,common_stock_or_optionable_underlying,Hut 8 Corp.,Miscellaneous,BKCH,crypto_related_equity_context_override,uncertain_verify_before_use,active,active_fixed_current_realtime_pool_snapshot,2026-06-05,true,false,271,,tradingview_screener_snapshot:/root/projects/trading-storage/storage/01_source_data/realtime/tradingview_equity_screener/2026-06-05/tradingview_equity_screener.csv,2026-06-05,fixed_current_realtime_pool_snapshot_for_historical_replay
MARA,MARA,us_equity,common_stock_or_optionable_underlying,"MARA Holdings, Inc.",Technology Services,XLK,tradingview_sector_to_spdr_anchor,uncertain_verify_before_use,active,active_fixed_current_realtime_pool_snapshot,2026-06-05,true,false,272,,tradingview_screener_snapshot:/root/projects/trading-storage/storage/01_source_data/realtime/tradingview_equity_screener/2026-06-05/tradingview_equity_screener.csv,2026-06-05,fixed_current_realtime_pool_snapshot_for_historical_replay
BLD,BLD,us_equity,common_stock_or_optionable_underlying,TopBuild Corp.,Industrial Services,XLI,tradingview_sector_to_spdr_anchor,uncertain_verify_before_use,active,active_fixed_current_realtime_pool_snapshot,2026-06-05,true,false,275,,tradingview_screener_snapshot:/root/projects/trading-storage/storage/01_source_data/realtime/tradingview_equity_screener/2026-06-05/tradingview_equity_screener.csv,2026-06-05,fixed_current_realtime_pool_snapshot_for_historical_replay
APTV,APTV,us_equity,common_stock_or_optionable_underlying,Aptiv PLC,Producer Manufacturing,XLI,tradingview_sector_to_spdr_anchor,uncertain_verify_before_use,active,active_fixed_current_realtime_pool_snapshot,2026-06-05,true,false,277,,tradingview_screener_snapshot:/root/projects/trading-storage/storage/01_source_data/realtime/tradingview_equity_screener/2026-06-05/tradingview_equity_screener.csv,2026-06-05,fixed_current_realtime_pool_snapshot_for_historical_replay
GWRE,GWRE,us_equity,common_stock_or_optionable_underlying,"Guidewire Software, Inc.",Technology Services,XLK,tradingview_sector_to_spdr_anchor,uncertain_verify_before_use,active,active_fixed_current_realtime_pool_snapshot,2026-06-05,true,false,278,,tradingview_screener_snapshot:/root/projects/trading-storage/storage/01_source_data/realtime/tradingview_equity_screener/2026-06-05/tradingview_equity_screener.csv,2026-06-05,fixed_current_realtime_pool_snapshot_for_historical_replay
TPR,TPR,us_equity,common_stock_or_optionable_underlying,"Tapestry, Inc.",Retail Trade,XLY,tradingview_sector_to_spdr_anchor,uncertain_verify_before_use,active,active_fixed_current_realtime_pool_snapshot,2026-06-05,true,false,279,,tradingview_screener_snapshot:/root/projects/trading-storage/storage/01_source_data/realtime/tradingview_equity_screener/2026-06-05/tradingview_equity_screener.csv,2026-06-05,fixed_current_realtime_pool_snapshot_for_historical_replay
DXCM,DXCM,us_equity,common_stock_or_optionable_underlying,"DexCom, Inc.",Health Technology,XLV,tradingview_sector_to_spdr_anchor,uncertain_verify_before_use,active,active_fixed_current_realtime_pool_snapshot,2026-06-05,true,false,280,,tradingview_screener_snapshot:/root/projects/trading-storage/storage/01_source_data/realtime/tradingview_equity_screener/2026-06-05/tradingview_equity_screener.csv,2026-06-05,fixed_current_realtime_pool_snapshot_for_historical_replay
FDXF,FDXF,us_equity,common_stock_or_optionable_underlying,"FedEx Freight Holding Company, Inc.",Miscellaneous,XLI,transportation_equity_context_override,uncertain_verify_before_use,active,active_fixed_current_realtime_pool_snapshot,2026-06-05,true,false,281,,tradingview_screener_snapshot:/root/projects/trading-storage/storage/01_source_data/realtime/tradingview_equity_screener/2026-06-05/tradingview_equity_screener.csv,2026-06-05,fixed_current_realtime_pool_snapshot_for_historical_replay
SMTC,SMTC,us_equity,common_stock_or_optionable_underlying,Semtech Corporation,Electronic Technology,XLK,tradingview_sector_to_spdr_anchor,uncertain_verify_before_use,active,active_fixed_current_realtime_pool_snapshot,2026-06-05,true,false,284,,tradingview_screener_snapshot:/root/projects/trading-storage/storage/01_source_data/realtime/tradingview_equity_screener/2026-06-05/tradingview_equity_screener.csv,2026-06-05,fixed_current_realtime_pool_snapshot_for_historical_replay
OWL,OWL,us_equity,common_stock_or_optionable_underlying,Blue Owl Capital Inc.,Finance,XLF,tradingview_sector_to_spdr_anchor,uncertain_verify_before_use,active,active_fixed_current_realtime_pool_snapshot,2026-06-05,true,false,287,,tradingview_screener_snapshot:/root/projects/trading-storage/storage/01_source_data/realtime/tradingview_equity_screener/2026-06-05/tradingview_equity_screener.csv,2026-06-05,fixed_current_realtime_pool_snapshot_for_historical_replay
WCN,WCN,us_equity,common_stock_or_optionable_underlying,"Waste Connections, Inc.",Industrial Services,XLI,tradingview_sector_to_spdr_anchor,uncertain_verify_before_use,active,active_fixed_current_realtime_pool_snapshot,2026-06-05,true,false,288,,tradingview_screener_snapshot:/root/projects/trading-storage/storage/01_source_data/realtime/tradingview_equity_screener/2026-06-05/tradingview_equity_screener.csv,2026-06-05,fixed_current_realtime_pool_snapshot_for_historical_replay
RIOT,RIOT,us_equity,common_stock_or_optionable_underlying,"Riot Platforms, Inc.",Technology Services,XLK,tradingview_sector_to_spdr_anchor,uncertain_verify_before_use,active,active_fixed_current_realtime_pool_snapshot,2026-06-05,true,false,289,,tradingview_screener_snapshot:/root/projects/trading-storage/storage/01_source_data/realtime/tradingview_equity_screener/2026-06-05/tradingview_equity_screener.csv,2026-06-05,fixed_current_realtime_pool_snapshot_for_historical_replay
GIS,GIS,us_equity,common_stock_or_optionable_underlying,"General Mills, Inc.",Consumer Non-Durables,XLP,tradingview_sector_to_spdr_anchor,uncertain_verify_before_use,active,active_fixed_current_realtime_pool_snapshot,2026-06-05,true,false,291,,tradingview_screener_snapshot:/root/projects/trading-storage/storage/01_source_data/realtime/tradingview_equity_screener/2026-06-05/tradingview_equity_screener.csv,2026-06-05,fixed_current_realtime_pool_snapshot_for_historical_replay
KVUE,KVUE,us_equity,common_stock_or_optionable_underlying,Kenvue Inc.,Consumer Non-Durables,XLP,tradingview_sector_to_spdr_anchor,uncertain_verify_before_use,active,active_fixed_current_realtime_pool_snapshot,2026-06-05,true,false,295,,tradingview_screener_snapshot:/root/projects/trading-storage/storage/01_source_data/realtime/tradingview_equity_screener/2026-06-05/tradingview_equity_screener.csv,2026-06-05,fixed_current_realtime_pool_snapshot_for_historical_replay
KHC,KHC,us_equity,common_stock_or_optionable_underlying,The Kraft Heinz Company,Consumer Non-Durables,XLP,tradingview_sector_to_spdr_anchor,uncertain_verify_before_use,active,active_fixed_current_realtime_pool_snapshot,2026-06-05,true,false,296,,tradingview_screener_snapshot:/root/projects/trading-storage/storage/01_source_data/realtime/tradingview_equity_screener/2026-06-05/tradingview_equity_screener.csv,2026-06-05,fixed_current_realtime_pool_snapshot_for_historical_replay
BTC,BTC,crypto_spot,spot_crypto,Bitcoin,Crypto,BKCH,crypto_business_context_anchor_exception,not_applicable,active,active_core_crypto_target,,false,false,,,fixed_core_crypto_target,2026-06-05,fixed_current_realtime_pool_snapshot_for_historical_replay
ETH,ETH,crypto_spot,spot_crypto,Ethereum,Crypto,BKCH,crypto_business_context_anchor_exception,not_applicable,active,active_core_crypto_target,,false,false,,,fixed_core_crypto_target,2026-06-05,fixed_current_realtime_pool_snapshot_for_historical_replay
SOL,SOL,crypto_spot,spot_crypto,Solana,Crypto,BKCH,crypto_business_context_anchor_exception,not_applicable,active,active_core_crypto_target,,false,false,,,fixed_core_crypto_target,2026-06-05,fixed_current_realtime_pool_snapshot_for_historical_replay
